# Blender 4.2.16 LTS
# www.blender.org
mtllib keybowglass.mtl
o 124911318777461.001
v 0.563324 -2.277584 0.000853
v 0.564952 -2.279902 -0.000136
v 0.562619 -2.277825 0.064911
v 0.564225 -2.280150 0.065918
v 0.546913 -2.253392 -0.031606
v 0.547773 -2.254575 -0.034225
v 0.354113 -2.320976 -0.001612
v 0.353749 -2.323778 -0.002620
v 0.353408 -2.321218 0.062445
v 0.353022 -2.324028 0.063424
v 0.606161 -1.915386 0.002688
v 0.608432 -1.913680 0.001721
v 0.656828 -2.127022 0.066516
v 0.659610 -2.127476 0.067543
v 0.605455 -1.915627 0.066745
v 0.607704 -1.913929 0.067775
v 0.545495 -2.253877 0.097182
v 0.546297 -2.255080 0.099811
v 0.657532 -2.126781 0.002458
v 0.660336 -2.127228 0.001490
v 0.581638 -1.933419 0.098787
v 0.582771 -1.932554 0.101427
v 0.627584 -2.122481 0.098581
v 0.628989 -2.122722 0.101221
v 0.263210 -1.994505 0.062683
v 0.261723 -1.996885 0.063743
v 0.009041 -2.046197 -0.036436
v 0.010561 -2.048323 -0.037908
v 0.007630 -2.046683 0.091735
v 0.009118 -2.048820 0.093225
v -0.059058 -2.062888 0.090939
v -0.059432 -2.065478 0.092407
v -0.671317 -1.111027 0.061876
v -0.673056 -1.108745 0.062753
v -1.030446 -1.383111 -0.019464
v -1.033049 -1.382291 -0.020710
v 0.284111 -1.961565 -0.033399
v 0.283382 -1.962757 -0.036054
v 0.282692 -1.962049 0.095391
v 0.281905 -1.963260 0.098020
v 0.501378 -1.913192 0.097982
v 0.501060 -1.913664 0.100928
v 0.153317 -1.715964 -0.033604
v 0.155465 -1.714455 -0.035056
v 0.151907 -1.716447 0.094567
v 0.154022 -1.714949 0.096077
v 0.169525 -1.782660 -0.033676
v 0.172125 -1.783012 -0.035130
v -0.930334 -1.343475 0.056130
v -0.932897 -1.344720 0.057068
v -0.865020 -1.807418 -0.043706
v -0.865697 -1.808332 -0.046482
v -0.886605 -1.837008 0.056771
v -0.888248 -1.839209 0.057978
v 0.221717 -1.877841 -0.001400
v 0.223965 -1.876112 -0.002378
v 0.281761 -2.237538 -0.034463
v 0.282088 -2.237060 -0.037406
v 0.197030 -1.895193 0.094699
v 0.198140 -1.894305 0.097341
v 0.300729 -2.206108 0.062299
v 0.302088 -2.203929 0.063850
v 0.221012 -1.878082 0.062658
v 0.223238 -1.876360 0.063699
v -1.031287 -1.383400 0.056888
v -1.033917 -1.382589 0.058083
v -0.682825 -1.159157 0.086030
v -0.683597 -1.158187 0.088762
v -0.994775 -1.392133 -0.043569
v -0.995860 -1.391732 -0.046337
v -0.670476 -1.110739 -0.014478
v -0.672195 -1.108450 -0.015376
v -0.913228 -1.329843 0.081200
v -0.914532 -1.330475 0.083827
v -1.093463 -0.962596 0.080600
v -1.094931 -0.963308 0.083118
v -1.115329 -0.961933 0.055531
v -1.117911 -0.963186 0.056405
v -1.114534 -0.961662 -0.016786
v -1.117096 -0.962908 -0.017726
v -0.911886 -1.329384 -0.040771
v -0.913131 -1.329996 -0.043431
v -0.929538 -1.343204 -0.016186
v -0.932080 -1.344441 -0.017189
v -0.885764 -1.836719 -0.019581
v -0.887380 -1.838911 -0.020840
v 0.356835 -2.293007 0.094960
v 0.356616 -2.294441 0.097586
v 0.166878 -2.225839 -0.003314
v 0.164672 -2.227590 -0.004346
v 0.358252 -2.292522 -0.033830
v 0.358091 -2.293936 -0.036471
v -0.207116 -1.972717 0.089650
v -0.209264 -1.974226 0.091102
v -0.895003 -0.888540 -0.015696
v -0.897540 -0.889565 -0.016926
v -0.626417 -1.549627 -0.015227
v -0.628558 -1.551346 -0.016435
v -0.648292 -1.842287 -0.016989
v -0.646975 -1.844690 -0.018210
v -0.649135 -1.842574 0.059364
v -0.647845 -1.844986 0.060596
v -0.664831 -1.812615 0.083767
v -0.664297 -1.813646 0.086533
v -0.567923 -1.493623 0.086036
v -0.569015 -1.493036 0.088768
v -0.577849 -1.455366 0.061606
v -0.580350 -1.453965 0.062492
v -0.577010 -1.455078 -0.014746
v -0.579491 -1.453670 -0.015676
v -0.140723 -1.894250 -0.011181
v -0.142314 -1.896510 -0.012348
v 0.116755 -2.022729 0.060964
v 0.114502 -2.024357 0.062092
v -0.055992 -1.914176 0.059473
v -0.057539 -1.916630 0.060240
v 0.453552 -1.829021 0.065401
v 0.453960 -1.826225 0.066409
v -0.055286 -1.913934 -0.004586
v -0.056815 -1.916382 -0.005405
v -0.020446 -1.904948 -0.036538
v -0.021182 -1.906160 -0.039182
v -0.021864 -1.905433 0.092250
v -0.022658 -1.906664 0.094868
v -0.895836 -0.888824 0.059823
v -0.898400 -0.889857 0.060989
v -0.627248 -1.549911 0.060290
v -0.629415 -1.551639 0.061438
v -0.141554 -1.894533 0.064335
v -0.143170 -1.896801 0.065450
v -0.600944 -1.526583 -0.046552
v -0.601860 -1.527312 -0.049314
v -0.125968 -1.860687 -0.042585
v -0.126655 -1.861692 -0.045327
v 0.003849 -1.626276 0.093278
v 0.004190 -1.623698 0.094773
v 0.005261 -1.625792 -0.034894
v 0.005635 -1.623202 -0.036361
v -0.917141 -0.987687 -0.073666
v -0.916341 -0.989013 -0.076235
v -1.122678 -0.987737 -0.075929
v -1.123420 -0.989063 -0.078515
v -1.071319 -0.898718 -0.075028
v -1.070832 -0.897918 -0.077878
v -0.968550 -0.898693 -0.073897
v -0.968975 -0.897893 -0.076757
v -0.917190 -0.809677 -0.072998
v -0.917766 -0.809666 -0.075942
v -1.122779 -0.631714 -0.074590
v -1.123522 -0.630369 -0.077166
v -0.917241 -0.631664 -0.072328
v -0.916442 -0.630318 -0.074887
v -1.071371 -0.720708 -0.074359
v -1.070884 -0.721487 -0.077215
v -0.968601 -0.720683 -0.073227
v -0.969025 -0.721462 -0.076093
v -0.919233 -0.988403 0.116547
v -0.918490 -0.989748 0.119123
v -0.816514 -0.810368 0.118347
v -0.815000 -0.810377 0.120937
v -0.919285 -0.810393 0.117215
v -0.920228 -0.810404 0.120063
v -0.970645 -0.899410 0.116316
v -0.971132 -0.898631 0.119172
v -0.970695 -0.721398 0.116985
v -0.971182 -0.722198 0.119835
v -1.073464 -0.721424 0.115854
v -1.073192 -0.721962 0.118793
v -1.073412 -0.899435 0.115184
v -1.073140 -0.898919 0.118127
v -1.124822 -0.810443 0.114954
v -1.123942 -0.810453 0.117822
v -1.227592 -0.810468 0.113823
v -1.229163 -0.810478 0.116379
v -1.061212 -0.878544 0.098769
v -1.060670 -0.877561 0.101551
v -1.100595 -0.810373 0.098592
v -1.099479 -0.810383 0.101377
v -0.982488 -0.878526 0.099634
v -0.983092 -0.877544 0.102404
v -0.980800 -0.741572 -0.056812
v -0.981342 -0.742555 -0.059594
v -0.941418 -0.809744 -0.056634
v -0.942534 -0.809734 -0.059419
v -1.059525 -0.741591 -0.057678
v -1.058921 -0.742573 -0.060447
v -0.980761 -0.877936 -0.057325
v -0.981304 -0.876933 -0.060100
v -1.122731 -0.809727 -0.075259
v -1.122090 -0.809716 -0.078190
v -1.098869 -0.809782 -0.058367
v -1.097692 -0.809771 -0.061126
v -0.054650 -1.718664 -0.009573
v -0.052821 -1.716569 -0.010697
v -0.472926 -1.401426 0.094239
v -0.472195 -1.400872 0.097096
v -0.055481 -1.718948 0.065944
v -0.053677 -1.716861 0.067124
v -0.674819 -0.843334 0.062428
v -0.672318 -0.842271 0.063700
v -0.448085 -1.378762 0.062905
v -0.445893 -1.377185 0.064211
v -0.447253 -1.378480 -0.012612
v -0.445033 -1.376893 -0.013857
v -0.673990 -0.843051 -0.013091
v -0.671462 -0.841979 -0.014299
v 0.133587 -1.791491 -0.049520
v 0.134405 -1.791710 -0.052398
v -0.169374 -1.963506 -0.053503
v -0.169935 -1.964061 -0.056397
v -0.052589 -1.678104 -0.051142
v -0.053122 -1.677501 -0.054032
v 0.117326 -1.724576 -0.049447
v 0.117950 -1.724000 -0.052324
v 0.014324 -1.661844 -0.050346
v 0.014586 -1.661047 -0.053226
v 0.115576 -1.725174 0.109549
v 0.116137 -1.724620 0.112444
v 0.012574 -1.662443 0.108652
v 0.012772 -1.661668 0.111543
v -0.187385 -1.897189 0.105567
v -0.188203 -1.896970 0.108445
v -0.001210 -2.010576 0.107189
v -0.000677 -2.011180 0.110079
v -0.068120 -2.026835 0.106391
v -0.068382 -2.027632 0.109272
v -0.171122 -1.964105 0.105494
v -0.171746 -1.964681 0.108371
v -1.059484 -0.877955 -0.058190
v -1.058881 -0.876951 -0.060952
v -0.982526 -0.742163 0.100148
v -0.983130 -0.743167 0.102910
v -0.943145 -0.810334 0.100325
v -0.944322 -0.810345 0.103084
v -1.061252 -0.742182 0.099282
v -1.060709 -0.743185 0.102057
v -1.124872 -0.632431 0.115622
v -1.125672 -0.631105 0.118191
v -1.261247 -0.810330 0.074395
v -1.264101 -0.810334 0.075321
v -1.124772 -0.988453 0.114284
v -1.125571 -0.989799 0.116843
v -1.141377 -1.017831 0.074930
v -1.142808 -1.020297 0.075862
v -0.919335 -0.632381 0.117886
v -0.918592 -0.631055 0.120472
v -0.781999 -0.810213 0.079666
v -0.779166 -0.810216 0.080654
v -0.900638 -0.602286 -0.032975
v -0.899207 -0.599820 -0.033907
v -1.225498 -0.809752 -0.076391
v -1.227012 -0.809743 -0.078981
v -0.780765 -0.809789 -0.032438
v -0.777911 -0.809785 -0.033364
v -0.814423 -0.809652 -0.071865
v -0.812852 -0.809642 -0.074421
v -0.900517 -1.017351 -0.034536
v -0.899084 -1.019809 -0.035486
v -0.054338 -1.678703 0.107853
v -0.054935 -1.678121 0.110735
v 0.131837 -1.792090 0.109476
v 0.132591 -1.792331 0.112370
v 0.168114 -1.783141 0.094493
v 0.170682 -1.783505 0.096001
v -0.061428 -1.641996 -0.035689
v -0.062916 -1.639859 -0.037178
v -0.185636 -1.896588 -0.053430
v -0.186390 -1.896347 -0.056323
v 0.000539 -2.009977 -0.051808
v 0.001136 -2.010559 -0.054690
v -0.205705 -1.972232 -0.038519
v -0.207820 -1.973730 -0.040029
v -0.057647 -2.062404 -0.037230
v -0.057988 -2.064983 -0.038725
v -0.066370 -2.026236 -0.052607
v -0.066568 -2.027011 -0.055498
v -0.854452 -0.878368 -0.046900
v -0.855480 -0.878780 -0.049688
v -0.471398 -1.400905 -0.044653
v -0.470605 -1.400330 -0.047488
v -0.708690 -0.847247 -0.045180
v -0.707757 -0.846852 -0.048004
v -0.083811 -1.741400 -0.041671
v -0.083115 -1.740627 -0.044485
v -0.085341 -1.741922 0.097221
v -0.084707 -1.741170 0.100055
v -0.602472 -1.527107 0.092339
v -0.603448 -1.527857 0.095075
v -0.127496 -1.861209 0.096308
v -0.128243 -1.862235 0.099027
v -0.855982 -0.878892 0.091990
v -0.857071 -0.879325 0.094752
v -0.710217 -0.847770 0.093712
v -0.709346 -0.847396 0.096559
v 0.565685 -2.177819 0.097692
v 0.565213 -2.177553 0.100643
v 0.140192 -2.006548 0.093654
v 0.139381 -2.007118 0.096486
v 0.502795 -1.912709 -0.030809
v 0.502542 -1.913159 -0.033764
v 0.629001 -2.121995 -0.030209
v 0.630464 -2.122217 -0.032819
v 0.567104 -2.177335 -0.031098
v 0.566697 -2.177047 -0.034056
v 0.583055 -1.932933 -0.030001
v 0.584246 -1.932048 -0.032608
v 0.450570 -1.857397 -0.031175
v 0.450817 -1.855956 -0.033795
v 0.198448 -1.894708 -0.034091
v 0.199615 -1.893800 -0.036701
v 0.027966 -1.807166 -0.035637
v 0.028667 -1.805874 -0.038252
v -0.638611 -1.255736 -0.039136
v -0.637929 -1.256686 -0.041899
v -0.681448 -1.158684 -0.039243
v -0.682159 -1.157693 -0.041984
v -0.803806 -1.695819 -0.042612
v -0.803458 -1.695353 -0.045555
v -0.493596 -1.529273 -0.038571
v -0.492536 -1.529887 -0.041309
v -0.566545 -1.493149 -0.039237
v -0.567577 -1.492542 -0.041988
v -0.866400 -1.807889 0.081566
v -0.867138 -1.808824 0.084320
v -0.996155 -1.392605 0.081704
v -0.997300 -1.392224 0.084451
v -0.494974 -1.529745 0.086702
v -0.493974 -1.530380 0.089458
v -0.898101 -1.431293 0.082637
v -0.897636 -1.431452 0.085597
v -0.990189 -0.964744 -0.040260
v -0.989320 -0.964290 -0.043095
v -1.092118 -0.962136 -0.041371
v -1.093530 -0.962829 -0.043926
v -0.831869 -1.266186 -0.039653
v -0.830819 -1.265635 -0.042409
v 0.015996 -1.768770 0.060813
v 0.017341 -1.766220 0.061643
v 0.026548 -1.807652 0.093152
v 0.027191 -1.806380 0.095792
v -0.663453 -1.812142 -0.041505
v -0.662858 -1.813152 -0.044266
v -0.450965 -1.518195 0.062766
v -0.448537 -1.519685 0.063708
v 0.016702 -1.768528 -0.003244
v 0.018064 -1.765972 -0.004025
v -0.681670 -1.698682 -0.041278
v -0.681943 -1.698129 -0.044214
v -0.683049 -1.699155 0.083993
v -0.683386 -1.698624 0.086926
v -0.805186 -1.696291 0.082660
v -0.804903 -1.695847 0.085614
v -0.450123 -1.517905 -0.013585
v -0.447675 -1.519388 -0.014485
v -0.785884 -1.666958 0.058521
v -0.784414 -1.664973 0.060224
v -0.698395 -1.669008 0.059474
v -0.699692 -1.666809 0.061050
v -0.785044 -1.666670 -0.017833
v -0.783537 -1.664672 -0.019488
v -0.697555 -1.668721 -0.016877
v -0.698817 -1.666510 -0.018464
v -0.062839 -1.642479 0.092481
v -0.064359 -1.640353 0.093954
v -0.814762 -1.252552 -0.014581
v -0.812271 -1.251228 -0.015601
v -0.991530 -0.965204 0.081712
v -0.990724 -0.964771 0.084569
v -0.833209 -1.266644 0.082320
v -0.832220 -1.266114 0.085103
v -0.639989 -1.256209 0.086136
v -0.639368 -1.257179 0.088906
v -0.603195 -1.265370 0.062043
v -0.601608 -1.267729 0.063002
v -0.602356 -1.265082 -0.014310
v -0.600749 -1.267434 -0.015252
v 0.189094 -2.207773 0.093435
v 0.187921 -2.208688 0.096040
v 0.190511 -2.207289 -0.035354
v 0.189396 -2.208184 -0.037991
v 0.141608 -2.006062 -0.035135
v 0.140860 -2.006611 -0.037988
v -0.896722 -1.430820 -0.042635
v -0.896192 -1.430956 -0.045585
v -0.969118 -0.965677 0.057127
v -0.966672 -0.964372 0.058273
v -0.815557 -1.252823 0.057734
v -0.813089 -1.251506 0.058819
v -0.968322 -0.965403 -0.015190
v -0.965851 -0.964090 -0.016271
v -0.221913 -1.905540 -0.038447
v -0.224481 -1.905176 -0.039955
v -0.223323 -1.906022 0.089723
v -0.225923 -1.905670 0.091177
v 0.454258 -1.828780 0.001344
v 0.454688 -1.825977 0.000366
v 0.268506 -1.897352 -0.033328
v 0.267331 -1.896584 -0.035979
v 0.235571 -1.877632 -0.001247
v 0.233207 -1.876154 -0.002354
v 0.449152 -1.857882 0.097614
v 0.449341 -1.856461 0.100249
v 0.234867 -1.877873 0.062811
v 0.232479 -1.876404 0.063877
v 0.117460 -2.022488 -0.003094
v 0.115233 -2.024108 -0.004283
v 0.166172 -2.226081 0.060743
v 0.163944 -2.227840 0.061713
v -0.859995 -1.439804 -0.017802
v -0.857649 -1.440630 -0.019480
v 0.263917 -1.994266 -0.001374
v 0.262454 -1.996638 -0.002484
v 0.267090 -1.897838 0.095460
v 0.265857 -1.897090 0.098091
v -0.860835 -1.440091 0.058549
v -0.858527 -1.440930 0.060272
v 0.482601 -1.945410 0.001215
v 0.481253 -1.947584 -0.000353
v 0.301437 -2.205867 -0.001759
v 0.302830 -2.203677 -0.003263
v 0.280342 -2.238024 0.094324
v 0.280604 -2.237568 0.097278
v -1.140262 -0.602344 -0.035612
v -1.141674 -0.599878 -0.036575
v -0.901872 -0.602708 0.079129
v -0.900462 -0.600249 0.080111
v -1.141495 -0.602766 0.076493
v -1.142928 -0.600308 0.077444
v -1.260015 -0.809906 -0.037711
v -1.262848 -0.809903 -0.038699
v -0.901751 -1.017772 0.077570
v -0.900339 -1.020237 0.078533
v -1.140142 -1.017409 -0.037174
v -1.141552 -1.019868 -0.038156
v 0.481895 -1.945651 0.065272
v 0.480513 -1.947836 0.066794
v 0.533268 -2.157044 0.065043
v 0.531088 -2.155687 0.066594
v 0.533974 -2.156804 0.000984
v 0.531828 -2.155436 -0.000604
v -0.313144 -0.687764 -0.063289
v -0.311880 -0.690228 -0.064442
v -0.513531 0.876417 0.037402
v -0.512139 0.878803 0.038571
v -1.009702 0.953677 0.030272
v -1.009291 0.956419 0.031418
v -0.513531 -0.852685 0.075658
v -0.512139 -0.855017 0.076932
v -0.369890 -0.666386 0.072989
v -0.370274 -0.669240 0.073829
v -0.369695 0.685810 -0.099740
v -0.371261 0.687873 -0.101254
v -0.315063 0.709369 0.080123
v -0.313826 0.711834 0.081303
v -0.371733 0.689905 0.085369
v -0.373331 0.692032 0.086755
v -0.330110 -0.672896 -0.083826
v -0.329955 -0.674412 -0.086410
v -0.343746 -0.690994 -0.051989
v -0.344609 -0.693809 -0.052565
v -0.369695 -0.668328 -0.069781
v -0.371261 -0.670456 -0.071202
v -0.345410 0.712584 0.068153
v -0.346287 0.715398 0.068710
v -0.343746 0.709240 -0.082970
v -0.344609 0.712027 -0.083670
v -0.537573 0.542269 0.044399
v -0.540378 0.543047 0.045125
v -0.560946 0.517648 -0.081121
v -0.563582 0.518911 -0.081796
v -0.345410 -0.687651 0.099133
v -0.346287 -0.690438 0.099814
v -0.389561 -0.648781 0.093642
v -0.390686 -0.650906 0.095436
v -0.387987 -0.651941 -0.049195
v -0.389073 -0.654144 -0.050917
v -0.517981 -0.535561 0.089724
v -0.520009 -0.536893 0.091488
v -0.516409 -0.538722 -0.053115
v -0.518399 -0.540131 -0.054863
v -0.534249 -0.523255 -0.074801
v -0.536106 -0.525131 -0.076227
v -0.369890 0.690183 0.042974
v -0.370274 0.693072 0.043687
v -0.527212 0.851239 -0.083987
v -0.526469 0.852426 -0.086640
v -1.008595 0.951450 -0.070416
v -1.008158 0.954139 -0.071673
v -0.512423 0.874191 -0.063201
v -0.511004 0.876524 -0.064444
v -1.008362 0.926221 -0.090944
v -1.008035 0.928105 -0.093256
v -0.368785 0.687963 -0.057368
v -0.369152 0.690817 -0.058216
v -0.387987 0.670347 -0.078452
v -0.389073 0.672472 -0.080270
v -1.009702 -0.930186 0.071953
v -1.009291 -0.932875 0.073219
v -1.008595 -0.932414 -0.028735
v -1.008158 -0.935156 -0.029871
v -1.008362 -0.908114 -0.050359
v -1.008157 -0.909297 -0.053108
v -0.512423 -0.854911 -0.024945
v -0.511004 -0.857297 -0.026083
v -0.368785 -0.668606 -0.027354
v -0.369152 -0.671495 -0.028075
v -0.151240 0.479141 -0.087323
v -0.148983 0.480720 -0.088512
v -0.151240 -0.461314 -0.066515
v -0.148983 -0.462944 -0.067633
v -0.315063 -0.683909 0.110950
v -0.313826 -0.686319 0.112238
v -0.547819 0.504531 0.102116
v -0.549336 0.504718 0.104698
v -0.562611 0.520992 0.070000
v -0.565261 0.522283 0.070560
v -0.534248 0.540654 -0.098340
v -0.536105 0.542465 -0.099848
v -0.545459 0.499791 -0.112144
v -0.546918 0.499863 -0.114764
v -0.536289 0.544750 0.086770
v -0.538178 0.546625 0.088155
v -0.536289 -0.519160 0.110309
v -0.538178 -0.520972 0.111775
v -0.371733 -0.664232 0.115329
v -0.373331 -0.666295 0.116808
v -0.313144 0.705514 -0.094115
v -0.311880 0.707925 -0.095375
v -0.174626 0.473803 0.106905
v -0.173802 0.474477 0.109710
v -0.153159 0.482996 0.086914
v -0.150928 0.484627 0.088081
v -0.172267 -0.452132 -0.086973
v -0.171381 -0.452805 -0.089759
v -0.153159 -0.457459 0.107721
v -0.150928 -0.459036 0.108959
v -0.332468 -0.668156 0.130432
v -0.332371 -0.669556 0.133084
v 0.045317 0.009927 0.105670
v 0.048162 0.009948 0.106622
v -0.211481 0.521867 -0.095034
v -0.211471 0.524699 -0.096023
v -0.043682 -0.506225 0.116109
v -0.042762 -0.508896 0.117119
v -0.213534 0.525992 0.091401
v -0.213544 0.528865 0.092264
v -0.041628 -0.510350 -0.070326
v -0.040688 -0.513063 -0.071196
v -0.211481 -0.510391 -0.072194
v -0.211471 -0.513264 -0.073057
v 0.033022 0.005355 -0.100991
v 0.034436 0.005296 -0.103636
v 0.027287 0.178214 -0.104880
v 0.028682 0.178178 -0.107536
v 0.041635 0.178661 -0.084654
v 0.044497 0.178689 -0.085553
v 0.047369 0.005802 -0.080765
v 0.050234 0.005782 -0.081654
v 0.041635 0.452488 -0.090712
v 0.044201 0.453731 -0.091645
v 0.041635 -0.167060 -0.077005
v 0.044497 -0.167127 -0.077901
v -0.041628 0.521909 -0.093164
v -0.040688 0.524580 -0.094154
v 0.041635 -0.440885 -0.070945
v 0.044201 -0.442168 -0.071822
v -0.211261 0.506859 -0.114778
v -0.211232 0.508162 -0.117480
v -0.291412 0.521848 -0.095913
v -0.293398 0.523815 -0.097002
v -0.041406 -0.496228 -0.090714
v -0.040767 -0.497680 -0.093260
v -0.211261 -0.496270 -0.092582
v -0.211232 -0.497691 -0.095224
v 0.039582 0.182786 0.101780
v 0.042424 0.182855 0.102739
v 0.039582 0.456613 0.095721
v 0.042128 0.457897 0.096654
v 0.024793 0.442259 0.115956
v 0.026200 0.442829 0.118544
v -0.043681 0.526034 0.093269
v -0.042761 0.528747 0.094160
v -0.043900 0.511913 0.113657
v -0.043318 0.513365 0.116217
v -0.213756 0.511872 0.111789
v -0.213785 0.513294 0.114431
v -0.293465 0.525973 0.090520
v -0.295473 0.527985 0.091477
v 0.024793 -0.162495 0.129336
v 0.026129 -0.162458 0.132022
v 0.039582 -0.162936 0.109430
v 0.042424 -0.162962 0.110391
v 0.024793 -0.421529 0.135067
v 0.026200 -0.421984 0.137677
v 0.039582 -0.436760 0.115488
v 0.042128 -0.438001 0.116477
v -0.213756 -0.491257 0.133984
v -0.213785 -0.492560 0.136686
v -0.213534 -0.506266 0.114240
v -0.213544 -0.509098 0.115229
v -0.293465 -0.506286 0.113358
v -0.295473 -0.508254 0.114403
v -0.562844 0.485096 -0.091985
v -0.565463 0.484272 -0.093195
v -0.562611 -0.496165 0.092504
v -0.565261 -0.497430 0.093121
v -0.560946 -0.499508 -0.058617
v -0.563582 -0.500800 -0.059235
v -0.275959 -0.496285 -0.093296
v -0.276988 -0.497430 -0.095871
v -0.291412 -0.417172 -0.075138
v -0.294123 -0.417993 -0.076126
v -0.275932 -0.417612 -0.095036
v -0.277022 -0.417955 -0.097810
v -0.331857 -0.324427 -0.097713
v -0.332589 -0.325379 -0.100462
v -0.293465 -0.413047 0.111296
v -0.296198 -0.413825 0.112260
v -0.428639 -0.294641 0.107188
v -0.431048 -0.296162 0.108128
v -0.341370 0.345352 -0.092558
v -0.343212 0.347510 -0.093534
v -0.331857 0.334958 -0.112301
v -0.332790 0.336023 -0.114946
v -0.293465 0.432734 0.092583
v -0.296198 0.433554 0.093511
v -0.334353 0.339971 0.114263
v -0.335146 0.340923 0.116995
v -0.412803 0.309384 0.114077
v -0.414093 0.310464 0.116561
v -0.341370 -0.333940 -0.077529
v -0.343212 -0.336139 -0.078409
v -0.291412 -0.510410 -0.073074
v -0.293398 -0.512423 -0.074075
v -0.343423 -0.329815 0.108905
v -0.345285 -0.331974 0.109840
v -0.291412 0.428610 -0.093850
v -0.294123 0.429386 -0.094873
v -0.343423 0.349477 0.093876
v -0.345285 0.351675 0.094715
v -0.513696 0.005222 -0.107009
v -0.515271 0.005166 -0.109561
v -0.410337 -0.144316 -0.102562
v -0.411601 -0.144760 -0.105246
v -0.426588 -0.146540 -0.082614
v -0.429258 -0.147421 -0.083660
v -0.410307 -0.293878 -0.099253
v -0.411541 -0.294959 -0.101765
v -0.428639 0.314263 0.093717
v -0.431048 0.315824 0.094589
v -0.531971 0.009786 0.099315
v -0.534833 0.009806 0.100215
v -0.516191 0.010234 0.119557
v -0.517822 0.010290 0.122074
v -0.412832 -0.139304 0.124004
v -0.414155 -0.139630 0.126677
v -0.412803 -0.288865 0.127313
v -0.414093 -0.289834 0.129842
v -0.529915 0.005662 -0.087120
v -0.532756 0.005641 -0.088083
v -0.428639 0.162038 0.097085
v -0.431332 0.162918 0.098072
v -0.426588 0.157912 -0.089350
v -0.429258 0.158746 -0.090434
v -0.426588 0.310138 -0.092718
v -0.428976 0.311658 -0.093711
v -0.428639 -0.142415 0.103820
v -0.431332 -0.143250 0.104845
v -0.426588 -0.298766 -0.079246
v -0.428976 -0.300329 -0.080171
v 0.027287 -0.167508 -0.097231
v 0.028682 -0.167589 -0.099886
v -0.058760 -0.167529 -0.098178
v -0.060309 -0.167586 -0.100746
v 0.027287 0.437246 -0.110611
v 0.028751 0.437701 -0.113190
v -0.041406 0.506901 -0.112908
v -0.040768 0.508239 -0.115516
v -0.058760 -0.358496 -0.093953
v -0.059767 -0.357518 -0.096604
v 0.027287 -0.426541 -0.091499
v 0.028751 -0.427110 -0.094055
v -0.213534 0.369124 -0.111755
v -0.212734 0.367644 -0.114239
v -0.213534 -0.358533 -0.095655
v -0.212976 -0.357622 -0.098458
v -0.275932 0.428169 -0.113748
v -0.277253 0.428449 -0.116427
v -0.275959 0.506844 -0.115490
v -0.276988 0.507874 -0.118113
v -0.330898 0.228584 -0.109936
v -0.329478 0.227789 -0.112457
v -0.410307 0.304371 -0.112489
v -0.411541 0.305340 -0.115046
v -0.410337 0.154808 -0.109180
v -0.411601 0.155133 -0.111881
v -0.330871 -0.106394 -0.102526
v -0.329287 -0.106827 -0.105036
v -0.330898 -0.218052 -0.100055
v -0.329478 -0.217369 -0.102608
v -0.283200 -0.247029 -0.098889
v -0.281933 -0.245828 -0.101329
v 0.024793 0.183226 0.121687
v 0.026129 0.183308 0.124372
v -0.061253 0.010345 0.124563
v -0.062858 0.010401 0.127097
v 0.030529 0.010367 0.125574
v 0.031885 0.010426 0.128249
v -0.061253 -0.162516 0.128388
v -0.062858 -0.162460 0.130922
v -0.043901 -0.491216 0.135852
v -0.043319 -0.492554 0.138474
v -0.216028 -0.353521 0.130911
v -0.215284 -0.352041 0.133412
v -0.278427 -0.412600 0.131530
v -0.279806 -0.412880 0.134179
v -0.278454 -0.491273 0.133271
v -0.279540 -0.492304 0.135871
v -0.334353 -0.319414 0.128851
v -0.335343 -0.320480 0.131475
v -0.285697 -0.242016 0.127677
v -0.284484 -0.240708 0.130089
v -0.333393 -0.213038 0.126509
v -0.332030 -0.212242 0.129060
v -0.333365 -0.101381 0.124039
v -0.331837 -0.101702 0.126600
v -0.333365 0.121938 0.119098
v -0.331837 0.122372 0.121643
v -0.412832 0.159821 0.117386
v -0.414155 0.160265 0.120041
v -0.278427 0.433182 0.112817
v -0.279578 0.433524 0.115566
v -0.278454 0.511856 0.111076
v -0.279540 0.513001 0.113628
v -0.545459 -0.483040 -0.090398
v -0.546918 -0.483228 -0.093012
v -0.352833 -0.273553 -0.092913
v -0.353524 -0.272952 -0.095770
v -0.172267 0.469063 -0.107354
v -0.171381 0.469612 -0.110167
v -0.352833 0.290396 -0.105390
v -0.353524 0.289669 -0.108218
v -0.330109 0.689754 -0.113976
v -0.329954 0.691154 -0.116625
v -0.355194 -0.268813 0.121347
v -0.355947 -0.268086 0.124159
v -0.547819 -0.478300 0.123861
v -0.549336 -0.478373 0.126448
v -0.174626 -0.447392 0.127286
v -0.173802 -0.447941 0.130118
v -0.332468 0.694494 0.100283
v -0.332371 0.696010 0.102870
v -0.527213 -0.832898 -0.046726
v -0.526597 -0.833980 -0.049455
v -1.008362 -0.705720 -0.054836
v -1.008440 -0.704788 -0.057686
v -0.639181 0.683636 -0.081511
v -0.639678 0.682545 -0.084261
v -0.516409 0.557067 -0.077359
v -0.518398 0.558398 -0.079168
v -1.008362 0.723824 -0.086465
v -1.008553 0.721795 -0.088666
v -0.528787 -0.829738 0.096114
v -0.528232 -0.830698 0.098902
v -1.009935 -0.904954 0.092481
v -1.009791 -0.906014 0.095284
v -0.389561 0.673507 0.064386
v -0.390686 0.675710 0.066084
v -0.528787 0.854399 0.058853
v -0.528232 0.855481 0.061595
v -1.009935 0.929381 0.051896
v -1.009791 0.930564 0.054649
v -1.009935 0.726984 0.056374
v -1.010075 0.726052 0.059222
v -0.216028 0.374137 0.114812
v -0.215531 0.373226 0.117627
v -0.061253 0.374174 0.116513
v -0.062318 0.373196 0.119141
v -0.285697 0.262599 0.116513
v -0.284484 0.261399 0.118980
v -0.333393 0.233596 0.116628
v -0.332030 0.232914 0.119212
v -0.266727 0.010295 0.122304
v -0.264887 0.010347 0.124673
v -0.058760 0.369162 -0.110052
v -0.059767 0.368068 -0.112657
v -0.283200 0.257586 -0.110054
v -0.281933 0.256279 -0.112439
v -0.330871 0.116925 -0.107467
v -0.329287 0.117247 -0.109994
v -0.264233 0.005282 -0.104263
v -0.262341 0.005230 -0.106591
v -0.251280 0.005808 -0.080523
v -0.248349 0.005794 -0.081164
v -0.072791 -0.342214 0.108628
v -0.074788 -0.340206 0.109617
v -0.061253 -0.353483 0.132613
v -0.062318 -0.352389 0.135196
v -0.277816 -0.234376 0.103985
v -0.275769 -0.232270 0.104595
v -0.319863 -0.209155 0.102965
v -0.317396 -0.207671 0.103809
v -0.317889 -0.213124 -0.076412
v -0.315404 -0.211677 -0.077266
v -0.317889 -0.103665 -0.078834
v -0.315097 -0.104516 -0.079527
v -0.208399 0.357852 -0.087839
v -0.206970 0.355318 -0.088572
v -0.070817 0.357885 -0.086326
v -0.072791 0.355876 -0.087359
v -0.210374 0.361820 0.091537
v -0.208963 0.359322 0.092413
v -0.072791 0.361854 0.093051
v -0.074788 0.359892 0.094128
v -0.277816 0.253916 0.093181
v -0.275769 0.251839 0.093884
v -0.275840 0.249947 -0.086195
v -0.273779 0.247842 -0.086760
v -0.319863 0.228674 0.093278
v -0.317396 0.227228 0.094186
v -0.317889 0.224706 -0.086099
v -0.315404 0.223223 -0.086888
v -0.319863 0.119217 0.095700
v -0.317087 0.120070 0.096454
v -0.317889 0.115248 -0.083677
v -0.315097 0.116068 -0.084407
v -0.253255 0.009776 0.098853
v -0.250339 0.009792 0.099559
v -0.355194 0.295136 0.108869
v -0.355947 0.294535 0.111710
v -0.210374 -0.342248 0.107114
v -0.208963 -0.339713 0.107878
v -0.208399 -0.346217 -0.072262
v -0.206970 -0.343718 -0.073106
v -0.275840 -0.238345 -0.075392
v -0.273779 -0.236267 -0.076050
v -0.319863 -0.099697 0.100543
v -0.317087 -0.100515 0.101334
v -0.374857 -0.263234 -0.073360
v -0.376823 -0.261442 -0.074747
v -0.562844 -0.467466 -0.070910
v -0.565463 -0.466697 -0.072155
v -0.376773 -0.259379 0.100878
v -0.378768 -0.257528 0.102141
v -0.564761 -0.463611 0.103327
v -0.567406 -0.462789 0.104479
v -0.374857 0.280954 -0.085400
v -0.376823 0.279102 -0.086707
v -0.376773 0.284809 0.088838
v -0.378768 0.283016 0.090182
v -0.564761 0.488951 0.082252
v -0.567406 0.488180 0.083439
v -0.072791 0.182680 0.097015
v -0.075718 0.182695 0.097672
v -0.061253 0.183205 0.120738
v -0.062858 0.183261 0.123272
v -0.058760 0.178193 -0.105827
v -0.060309 0.178136 -0.108395
v -0.058760 0.005332 -0.102003
v -0.060309 0.005275 -0.104571
v -0.070817 -0.346183 -0.070749
v -0.072791 -0.344221 -0.071869
v -0.070817 0.178712 -0.082362
v -0.073729 0.178696 -0.083083
v -0.072791 0.009820 0.100839
v -0.075718 0.009835 0.101496
v -0.070817 0.005852 -0.078537
v -0.073729 0.005836 -0.079258
v -0.070817 -0.167010 -0.074713
v -0.073729 -0.167026 -0.075434
v -0.072791 -0.163041 0.104664
v -0.075718 -0.163026 0.105321
v -1.009935 -0.702559 0.088003
v -1.010075 -0.701501 0.090807
v -0.640753 -0.662190 0.091173
v -0.641142 -0.661428 0.094048
v -0.655417 -0.640364 0.069398
v -0.656562 -0.637948 0.070759
v -1.009702 -0.679135 0.066399
v -1.010011 -0.676402 0.067596
v -0.537573 -0.518551 0.067870
v -0.540378 -0.519297 0.068629
v -0.639182 -0.665350 -0.051665
v -0.639508 -0.664716 -0.054579
v -1.008595 -0.681363 -0.034289
v -1.008877 -0.678686 -0.035613
v -0.536469 -0.520771 -0.032471
v -0.539257 -0.521551 -0.033258
v -0.654309 0.661801 -0.060064
v -0.655422 0.659384 -0.061449
v -1.008595 0.700403 -0.064861
v -1.008877 0.697670 -0.066065
v -0.640753 0.686796 0.061327
v -0.641142 0.686162 0.064233
v -1.009702 0.702631 0.035827
v -1.010011 0.699953 0.037144
v -0.517981 0.560227 0.065480
v -0.520009 0.561635 0.067184
v -0.654309 -0.642590 -0.031204
v -0.655422 -0.640237 -0.032695
v -0.655416 0.664027 0.040538
v -0.656561 0.661673 0.042004
v -0.536469 0.540049 -0.055942
v -0.539257 0.540793 -0.056763
v 0.648023 2.163461 0.022537
v 0.650805 2.163925 0.023559
v 0.538072 2.288923 -0.076704
v 0.538931 2.290083 -0.079334
v 0.648729 2.162651 -0.041516
v 0.651533 2.163090 -0.042489
v 0.620199 2.157568 -0.074137
v 0.621662 2.157767 -0.076749
v 0.536655 2.290553 0.052075
v 0.537457 2.291780 0.054693
v 0.596711 1.952062 0.024648
v 0.598960 1.950374 0.025693
v 0.554476 2.313407 -0.044461
v 0.556103 2.315716 -0.045471
v 0.344550 2.357528 0.016742
v 0.344164 2.360346 0.017696
v 0.553770 2.314218 0.019593
v 0.555375 2.316553 0.020579
v 0.347984 2.329607 0.049505
v 0.347764 2.331064 0.052118
v 0.597415 1.951252 -0.039406
v 0.599686 1.949538 -0.040358
v -1.039880 1.419299 0.019516
v -1.042510 1.418498 0.020718
v 0.473849 1.981226 -0.041146
v 0.472500 1.983385 -0.042733
v 0.254444 2.030803 0.019883
v 0.252956 2.033192 0.020922
v 0.000261 2.081543 -0.079692
v 0.001781 2.083656 -0.081184
v -0.001150 2.083164 0.048468
v 0.000337 2.085315 0.049938
v 0.212279 1.914372 0.020892
v 0.214505 1.912660 0.021948
v 0.291902 2.242405 0.017618
v 0.293262 2.240241 0.019188
v 0.492634 1.949878 0.055901
v 0.492316 1.950376 0.058842
v 0.160819 1.818081 -0.074592
v 0.163419 1.818421 -0.076049
v 0.143220 1.753009 0.054235
v 0.145336 1.751525 0.055758
v 0.159406 1.819702 0.053570
v 0.161974 1.820080 0.055075
v -1.123803 0.997816 0.021909
v -1.126385 0.999076 0.022772
v -0.938121 1.378487 -0.053195
v -0.940664 1.379715 -0.054210
v -0.938916 1.379402 0.019118
v -0.941480 1.380654 0.020045
v -0.875113 1.844042 0.040423
v -0.875851 1.845001 0.043168
v -0.895327 1.872931 0.015369
v -0.896971 1.875142 0.016556
v -0.873734 1.842457 -0.084841
v -0.874411 1.843346 -0.087625
v 0.271505 2.274595 0.049359
v 0.271767 2.274165 0.052316
v 0.292609 2.241595 -0.046435
v 0.294003 2.239392 -0.047920
v 0.212983 1.913562 -0.043163
v 0.215231 1.911825 -0.044126
v 0.345254 2.356718 -0.047312
v 0.344889 2.359511 -0.048346
v -1.039038 1.418333 -0.056829
v -1.041641 1.417501 -0.058068
v -0.689977 1.193840 -0.074612
v -0.690688 1.192824 -0.077344
v -0.678993 1.146121 -0.049421
v -0.680712 1.143824 -0.050299
v -1.003371 1.427155 -0.081014
v -1.004456 1.426729 -0.083779
v -0.691354 1.195425 0.050652
v -0.692125 1.194479 0.053392
v -1.004750 1.428739 0.044250
v -1.005895 1.428382 0.047000
v -0.679832 1.147087 0.026924
v -0.681570 1.144812 0.027821
v -0.920462 1.364454 -0.077655
v -0.921708 1.365042 -0.080320
v -1.100592 0.997164 -0.074992
v -1.102004 0.997834 -0.077553
v -1.123006 0.996902 -0.050403
v -1.125568 0.998139 -0.051354
v -1.101936 0.998707 0.046971
v -1.103404 0.999441 0.049482
v -0.894488 1.871965 -0.060977
v -0.896104 1.874145 -0.062256
v 0.349402 2.327978 -0.079276
v 0.349240 2.329368 -0.081929
v 0.158044 2.261514 -0.048169
v 0.155837 2.263255 -0.049216
v 0.157340 2.262324 0.015885
v 0.155111 2.264091 0.016839
v 0.180266 2.244315 0.048738
v 0.179093 2.245253 0.051335
v -0.067844 2.099341 0.047531
v -0.068219 2.101943 0.048975
v -0.635056 1.584997 -0.054073
v -0.637198 1.586705 -0.055296
v -0.657857 1.878588 0.017913
v -0.656568 1.881011 0.019123
v -0.657015 1.877622 -0.058434
v -0.655699 1.880014 -0.059677
v -0.706229 1.704050 -0.056781
v -0.707490 1.701825 -0.058349
v -0.585622 1.490469 -0.052749
v -0.588102 1.489053 -0.053667
v -0.575169 1.528326 -0.077578
v -0.576201 1.527694 -0.080323
v -0.690354 1.733798 -0.081446
v -0.690626 1.733219 -0.084377
v -0.576546 1.529911 0.047685
v -0.577638 1.529348 0.050422
v -0.586462 1.491435 0.023597
v -0.588962 1.490041 0.024495
v -0.635888 1.585952 0.021440
v -0.638056 1.587689 0.022572
v -0.149463 1.929779 -0.053088
v -0.151055 1.932028 -0.054275
v 0.444833 1.865403 0.024072
v 0.445242 1.862616 0.025105
v 0.445537 1.864592 -0.039983
v 0.445968 1.861780 -0.040936
v 0.107980 2.058968 0.017914
v 0.105727 2.060606 0.019027
v -0.064736 1.950356 0.017387
v -0.066283 1.952816 0.018132
v 0.131422 2.043084 0.050743
v 0.130611 2.043679 0.053569
v -0.064030 1.949546 -0.046667
v -0.065560 1.951986 -0.047508
v 0.574308 1.968501 -0.072251
v 0.575499 1.967593 -0.074851
v 0.440423 1.894548 0.056026
v 0.440612 1.893151 0.058674
v -0.903453 0.923855 -0.048662
v -0.905991 0.924868 -0.049901
v -0.609577 1.561683 -0.085190
v -0.610493 1.562388 -0.087959
v -0.134696 1.895943 -0.084191
v -0.135383 1.896923 -0.086942
v -0.904286 0.924810 0.026849
v -0.906850 0.925853 0.028006
v -0.864429 0.915174 0.059103
v -0.865519 0.915631 0.061860
v -0.150292 1.930735 0.022425
v -0.151909 1.933013 0.023519
v -1.133252 1.024855 0.080422
v -1.134051 1.026223 0.082969
v -1.081868 0.935862 0.082114
v -1.081444 0.935109 0.084987
v -1.133252 0.846856 0.082674
v -1.132372 0.846892 0.085542
v -1.236021 0.846842 0.081543
v -1.237592 0.846874 0.084099
v -0.824945 0.846899 0.086068
v -0.823431 0.846932 0.088658
v -1.133252 0.668858 0.084926
v -1.134052 0.667555 0.087507
v -0.979100 0.757878 0.085498
v -0.979437 0.758442 0.088425
v -0.925620 1.022477 -0.107514
v -0.924820 1.023780 -0.110095
v -0.822850 0.844493 -0.104130
v -0.821279 0.844461 -0.106686
v -0.977006 0.933470 -0.106954
v -0.977430 0.932644 -0.109807
v -0.977006 0.755471 -0.104701
v -0.977430 0.756224 -0.107574
v -1.131157 1.022448 -0.109777
v -1.131900 1.023751 -0.112375
v -1.079773 0.933455 -0.108085
v -1.079286 0.932630 -0.110928
v -1.131157 0.666452 -0.105273
v -1.131900 0.665084 -0.107837
v -1.131157 0.844450 -0.107525
v -1.130516 0.844413 -0.110456
v -1.079773 0.755457 -0.105833
v -1.079436 0.755947 -0.108774
v -0.925620 0.844479 -0.105262
v -0.926500 0.844443 -0.108130
v -0.949847 0.844686 -0.088901
v -0.950963 0.844651 -0.091686
v -0.989211 0.776503 -0.088473
v -0.989754 0.777461 -0.091264
v -0.927714 0.846885 0.084938
v -0.928657 0.846921 0.087786
v -0.990937 0.778488 0.068477
v -0.991541 0.779516 0.071230
v -1.081868 0.757863 0.084366
v -1.081596 0.758427 0.087300
v -0.951574 0.846671 0.068047
v -0.952751 0.846706 0.070806
v -0.979100 0.935876 0.083246
v -0.979587 0.935123 0.086109
v -0.456677 1.414885 0.025577
v -0.454484 1.413320 0.026897
v -0.481524 1.437820 0.056706
v -0.480793 1.437292 0.059567
v -0.094036 1.778437 0.056663
v -0.093402 1.777711 0.059504
v -0.717129 0.882354 -0.077779
v -0.716196 0.881934 -0.080599
v -0.455843 1.413930 -0.049935
v -0.453622 1.412333 -0.051166
v -0.479995 1.436063 -0.082174
v -0.479202 1.435463 -0.085004
v -0.682428 0.878454 -0.045655
v -0.679900 0.877372 -0.046854
v -0.683260 0.879409 0.029856
v -0.680759 0.878358 0.031137
v -0.063338 1.754239 -0.049920
v -0.061508 1.752134 -0.051026
v -0.064169 1.755194 0.025592
v -0.062365 1.753118 0.026791
v -0.196123 1.933742 0.063629
v -0.196941 1.933548 0.066509
v -0.009983 2.047195 0.064244
v -0.009450 2.047824 0.067128
v -0.179882 2.000660 0.062962
v -0.180507 2.001261 0.065834
v -0.063016 1.715324 0.067858
v -0.063613 1.714768 0.070745
v 0.003901 1.699090 0.068800
v 0.004100 1.698341 0.071698
v -0.061265 1.713313 -0.091128
v -0.061798 1.712684 -0.094012
v 0.108635 1.759848 -0.089845
v 0.109260 1.759246 -0.092717
v 0.005651 1.697079 -0.090185
v 0.005913 1.696257 -0.093058
v 0.124878 1.826762 -0.090515
v 0.125696 1.826956 -0.093395
v -0.194373 1.931731 -0.095356
v -0.195127 1.931464 -0.098248
v -0.008232 2.045184 -0.094743
v -0.007635 2.045740 -0.097630
v -0.178131 1.998649 -0.096023
v -0.178692 1.999178 -0.098922
v -0.990937 0.914843 0.066752
v -0.991541 0.913885 0.069530
v -1.069661 0.914832 0.065884
v -1.069118 0.913874 0.068675
v -1.069661 0.778477 0.067609
v -1.069118 0.779505 0.070375
v -1.109025 0.846649 0.066313
v -1.107909 0.846684 0.069097
v -0.989211 0.912857 -0.090198
v -0.989754 0.911829 -0.092964
v -1.067934 0.912846 -0.091064
v -1.067330 0.911818 -0.093817
v -1.067934 0.776492 -0.089339
v -1.067330 0.777450 -0.092117
v -1.107297 0.844664 -0.090634
v -1.106120 0.844629 -0.093393
v -1.233928 0.844436 -0.108657
v -1.235442 0.844403 -0.111247
v -1.148632 1.052458 -0.071285
v -1.150043 1.054908 -0.072289
v -0.925620 0.666481 -0.103010
v -0.924820 0.665113 -0.105557
v -0.909007 1.052492 -0.068649
v -0.907575 1.054942 -0.069621
v -1.269678 0.846343 0.042116
v -1.272532 0.846355 0.043041
v -0.910241 0.638876 0.048699
v -0.908830 0.636426 0.049703
v -0.927714 0.668887 0.087190
v -0.926971 0.667584 0.089788
v -0.790430 0.846410 0.047393
v -0.787597 0.846422 0.048381
v -1.149865 1.053877 0.040811
v -1.151297 1.056351 0.041721
v -0.927714 1.024883 0.082686
v -0.926971 1.026251 0.085250
v -0.070095 1.677340 -0.075353
v -0.071582 1.675189 -0.076824
v -0.214466 2.007499 -0.081119
v -0.216582 2.008983 -0.082643
v -0.075146 2.061416 -0.095685
v -0.075345 2.062165 -0.098583
v -0.066432 2.097720 -0.080630
v -0.066774 2.100285 -0.082148
v 0.144631 1.751387 -0.073926
v 0.146779 1.749865 -0.075365
v 0.106886 1.761859 0.069140
v 0.107447 1.761330 0.072039
v 0.123128 1.828773 0.068472
v 0.123882 1.829040 0.071363
v -0.215877 2.009121 0.047043
v -0.218025 2.010643 0.048481
v -0.076896 2.063427 0.063301
v -0.077158 2.064250 0.066174
v -0.611106 1.563440 0.053691
v -0.612083 1.564214 0.056420
v -0.718657 0.884111 0.061101
v -0.717786 0.883763 0.063951
v -0.136226 1.897699 0.054688
v -0.136974 1.898749 0.057397
v -0.092506 1.776680 -0.082218
v -0.091810 1.775882 -0.085025
v -0.862903 0.913417 -0.079778
v -0.863932 0.913804 -0.082570
v 0.558286 2.212878 -0.075519
v 0.557879 2.212563 -0.078475
v 0.272923 2.272966 -0.079421
v 0.273250 2.272462 -0.082360
v 0.181684 2.242686 -0.080043
v 0.180569 2.243558 -0.082688
v 0.189709 1.930132 -0.076000
v 0.190877 1.929201 -0.078602
v -0.029186 1.940286 -0.078538
v -0.029922 1.941474 -0.081193
v 0.259766 1.932802 -0.075262
v 0.258591 1.932010 -0.077907
v 0.618781 2.159197 0.054641
v 0.620186 2.159462 0.057278
v 0.572889 1.970130 0.056528
v 0.574022 1.969289 0.059175
v 0.258349 1.934432 0.053516
v 0.257116 1.933707 0.056153
v 0.188292 1.931761 0.052778
v 0.189402 1.930897 0.055428
v -0.030604 1.941915 0.050241
v -0.031398 1.943169 0.052848
v -0.648547 1.292487 0.049895
v -0.647927 1.293482 0.052656
v -0.673547 1.848842 0.042581
v -0.673013 1.849898 0.045338
v -0.672170 1.847257 -0.082682
v -0.671575 1.848243 -0.085452
v -0.647167 1.290902 -0.075368
v -0.646486 1.291827 -0.078139
v -0.921805 1.365997 0.044308
v -0.923109 1.366652 0.046929
v -0.841772 1.302834 0.045987
v -0.840783 1.302329 0.048774
v -0.998662 0.999812 -0.073904
v -0.997793 0.999333 -0.076735
v 0.017835 1.844159 0.052011
v 0.018479 1.842910 0.054662
v 0.019253 1.842529 -0.076769
v 0.019954 1.841214 -0.079373
v -0.503609 1.566059 0.048030
v -0.502609 1.566718 0.050780
v -0.502229 1.564474 -0.077233
v -0.501169 1.565064 -0.079977
v 0.007998 1.804179 -0.044035
v 0.009361 1.801616 -0.044793
v 0.007294 1.804990 0.020019
v 0.008639 1.802448 0.020872
v -0.230655 1.940804 -0.080452
v -0.233223 1.940426 -0.081957
v -0.232065 1.942426 0.047708
v -0.234665 1.942086 0.049165
v -0.691733 1.735383 0.043817
v -0.692070 1.734878 0.046755
v -0.812488 1.730890 -0.082754
v -0.812140 1.730398 -0.085693
v -0.458756 1.553341 -0.052149
v -0.456309 1.554817 -0.053062
v -0.459595 1.554307 0.024199
v -0.457168 1.555806 0.025128
v -0.793717 1.701967 -0.057718
v -0.792209 1.699955 -0.059355
v -0.707070 1.705015 0.019568
v -0.708366 1.702830 0.021163
v -0.071506 1.678961 0.052808
v -0.073025 1.676847 0.054299
v -0.003400 1.661165 -0.074414
v -0.003025 1.658562 -0.075858
v -0.004812 1.662786 0.053747
v -0.004470 1.660221 0.055264
v -0.824113 1.288800 0.021527
v -0.821645 1.287494 0.022624
v -1.000003 1.001355 0.048059
v -0.999197 1.000948 0.050920
v -0.977593 1.001616 0.023469
v -0.975146 1.000322 0.024626
v -0.840428 1.301291 -0.075976
v -0.839378 1.300716 -0.078727
v -0.868603 1.475088 -0.055672
v -0.866257 1.475900 -0.057357
v -0.869445 1.476054 0.020676
v -0.867137 1.476909 0.022391
v -0.611756 1.301443 0.025722
v -0.610170 1.303810 0.026660
v -0.906709 1.467458 0.044839
v -0.906244 1.467643 0.047797
v 0.132839 2.041455 -0.078034
v 0.132091 2.041978 -0.080892
v 0.108685 2.058158 -0.046139
v 0.106457 2.059766 -0.047343
v -0.794558 1.702933 0.018629
v -0.793087 1.700964 0.020349
v -0.813867 1.732474 0.042508
v -0.813584 1.732056 0.045465
v -0.905329 1.465873 -0.080425
v -0.904799 1.465983 -0.083376
v -0.976796 1.000701 -0.048840
v -0.974325 0.999379 -0.049910
v -0.823317 1.287885 -0.050785
v -0.820826 1.286552 -0.051794
v 0.441841 1.892919 -0.072754
v 0.442088 1.891455 -0.075361
v -0.610913 1.300477 -0.050624
v -0.609306 1.302820 -0.051587
v 0.226133 1.914169 0.021046
v 0.223745 1.912708 0.022125
v 0.273936 1.998644 0.052876
v 0.273149 1.999879 0.055494
v 0.226837 1.913359 -0.043007
v 0.224473 1.911871 -0.044101
v 0.255150 2.029992 -0.044171
v 0.253686 2.032354 -0.045302
v 0.275353 1.997015 -0.075903
v 0.274624 1.998183 -0.078569
v 0.494052 1.948248 -0.072880
v 0.493799 1.948671 -0.075839
v 0.473144 1.982036 0.022907
v 0.471761 1.984234 0.024409
v 0.524455 2.193436 0.020798
v 0.522275 2.192092 0.022361
v 0.556868 2.214507 0.053261
v 0.556396 2.214267 0.056214
v -1.149865 0.638842 0.046061
v -1.151297 0.636392 0.047033
v -0.909009 0.637457 -0.063399
v -0.907577 0.634983 -0.064309
v -1.148632 0.637424 -0.066035
v -1.150043 0.634950 -0.066976
v -0.789194 0.844992 -0.064704
v -0.786340 0.844980 -0.065630
v -1.268445 0.844925 -0.069981
v -1.271278 0.844912 -0.070969
v -0.910240 1.053910 0.043447
v -0.908829 1.056385 0.044388
v 0.525160 2.192625 -0.043257
v 0.523015 2.191242 -0.044833
v 0.481575 -1.948196 0.064531
v 0.482265 -1.947960 0.001929
v 0.532530 -2.154668 0.001691
v 0.531840 -2.154902 0.064320
v 0.656811 -2.125578 0.068173
v 0.606099 -1.916923 0.068399
v 0.583420 -1.933865 0.098965
v 0.628961 -2.121254 0.098761
v 0.547330 -2.254012 0.097362
v 0.563636 -2.276816 0.066578
v 0.656355 -2.128405 0.068157
v 0.628505 -2.124081 0.098745
v -0.780105 -0.808494 -0.031404
v -0.899189 -0.602357 -0.031938
v -0.900400 -0.602772 0.078123
v -0.781316 -0.808910 0.078657
v 0.002579 -1.625335 0.092508
v 0.003974 -1.624857 -0.034145
v -0.060731 -1.640579 -0.034916
v -0.062125 -1.641056 0.091735
v -0.706498 -0.848323 -0.045553
v -0.673249 -0.844061 -0.014730
v -0.447558 -1.377017 -0.014314
v -0.470798 -1.398443 -0.044995
v 0.354842 -2.321306 0.064110
v 0.561290 -2.278451 0.066546
v 0.544983 -2.255647 0.097330
v 0.358109 -2.294416 0.095133
v 0.448739 -1.858819 0.098920
v 0.268293 -1.898600 0.096791
v 0.283408 -1.960870 0.096725
v 0.498317 -1.912539 0.099426
v 0.657551 -2.125325 0.000812
v 0.630381 -2.120767 -0.030349
v 0.584840 -1.933378 -0.030142
v 0.606841 -1.916670 0.001039
v -0.143569 -1.894794 0.063382
v -0.627092 -1.551637 0.059374
v -0.626281 -1.551360 -0.014321
v -0.142758 -1.894518 -0.010275
v 0.234044 -1.878590 0.061843
v 0.234727 -1.878356 -0.000302
v 0.262815 -1.994000 -0.000427
v 0.262129 -1.994232 0.061715
v 0.301071 -2.203556 0.061577
v 0.301763 -2.203320 -0.001010
v 0.223179 -1.878440 -0.000391
v 0.222496 -1.878673 0.061677
v -0.224252 -1.907298 0.088949
v -0.222859 -1.906821 -0.037703
v -0.207133 -1.971529 -0.037772
v -0.208528 -1.972008 0.088878
v 0.658563 -2.125553 0.003475
v 0.607634 -1.915996 0.003703
v 0.606950 -1.916230 0.065758
v 0.657881 -2.125786 0.065531
v -0.885910 -1.838138 0.055891
v -0.885089 -1.837856 -0.018694
v -0.649150 -1.843459 -0.016116
v -0.649973 -1.843739 0.058464
v -0.696728 -1.667358 -0.018633
v -0.578753 -1.457566 -0.016223
v -0.568412 -1.492946 -0.039631
v -0.681625 -1.695743 -0.041753
v 0.284758 -1.962931 -0.033574
v 0.500230 -1.914475 -0.031175
v 0.480915 -1.945727 -0.000721
v 0.265624 -1.993911 -0.003040
v -0.673366 -1.110785 0.060798
v -0.672548 -1.110505 -0.013444
v -1.030568 -1.381802 -0.018571
v -1.031389 -1.382084 0.056002
v 0.169060 -1.781860 0.093749
v 0.170454 -1.781384 -0.032901
v 0.154729 -1.716672 -0.032832
v 0.153335 -1.717150 0.093821
v -1.223657 -0.811247 -0.077663
v -1.123276 -0.811222 -0.076739
v -1.071941 -0.899818 -0.076468
v -0.967896 -0.899793 -0.075323
v -0.916612 -0.811171 -0.074466
v -0.816235 -0.811148 -0.073177
v -0.917607 -0.986850 -0.074955
v -1.122184 -0.986900 -0.077207
v -1.029883 -1.384637 -0.021004
v -0.996173 -1.393183 -0.044039
v -0.866709 -1.807394 -0.044125
v -0.886268 -1.834992 -0.021176
v -0.022018 -1.907289 0.092384
v -0.054054 -1.916013 0.061056
v 0.115152 -2.022135 0.062690
v 0.137625 -2.006590 0.093885
v 0.301016 -2.204184 -0.003674
v 0.282208 -2.234456 -0.034768
v 0.200226 -1.895159 -0.034234
v 0.222378 -1.879083 -0.003054
v 0.561970 -2.279287 0.063898
v 0.354700 -2.322313 0.061452
v 0.355383 -2.322078 -0.000599
v 0.562653 -2.279053 0.001841
v -1.007051 -1.365143 0.058754
v -0.684411 -1.158035 0.086427
v -0.674270 -1.112944 0.063200
v -0.710453 -1.177555 0.086047
v -1.029541 -1.382377 0.058671
v -0.996722 -1.390996 0.082105
v -1.028661 -1.382075 -0.021200
v -0.709067 -1.177078 -0.040007
v -0.995333 -1.390521 -0.043970
v -1.006176 -1.364843 -0.020658
v -0.673399 -1.112646 -0.015881
v -0.683025 -1.157559 -0.039666
v 0.190506 -2.209105 -0.035519
v 0.356654 -2.293546 -0.034016
v 0.352708 -2.320668 -0.003276
v 0.168010 -2.226763 -0.004958
v -1.114897 -0.964009 0.057157
v -0.931498 -1.342112 0.057739
v -0.915326 -1.329420 0.081370
v -1.094538 -0.964336 0.080673
v 0.530727 -2.156669 0.064301
v 0.531417 -2.156435 0.001673
v 0.303584 -2.204468 -0.000994
v 0.302893 -2.204704 0.061592
v -0.815005 -1.251177 -0.016232
v -0.831270 -1.263953 -0.039895
v -0.987975 -0.965952 -0.040480
v -0.967381 -0.966115 -0.016924
v 0.189086 -2.209591 0.093587
v 0.167268 -2.227017 0.062405
v 0.351967 -2.320922 0.064080
v 0.355233 -2.294032 0.095103
v -0.185733 -1.896578 0.107031
v -0.001444 -2.008816 0.108636
v 0.130153 -1.792711 0.110898
v -0.054136 -1.680473 0.109292
v 0.235153 -1.876806 0.061862
v 0.452309 -1.827944 0.064388
v 0.452993 -1.827711 0.002338
v 0.235836 -1.876572 -0.000283
v 0.198473 -1.892925 -0.034226
v 0.029505 -1.806005 -0.035821
v 0.019343 -1.769420 -0.004737
v 0.220616 -1.876846 -0.003081
v -0.864481 -1.809057 -0.044135
v -0.664190 -1.813785 -0.041947
v -0.649851 -1.842275 -0.018573
v -0.884077 -1.836712 -0.021133
v 0.221501 -1.876276 -0.000401
v 0.018690 -1.767961 -0.002123
v 0.018008 -1.768195 0.059740
v 0.220818 -1.876510 0.061667
v 0.235982 -1.879326 -0.002945
v 0.267167 -1.897997 -0.033513
v 0.282607 -1.961594 -0.033584
v 0.263484 -1.992557 -0.003067
v -0.697607 -1.667659 0.061258
v -0.683014 -1.696220 0.084491
v -0.569798 -1.493422 0.086391
v -0.579624 -1.457865 0.063026
v 0.564233 -2.277710 0.063928
v 0.564916 -2.277476 0.001872
v 0.658123 -2.128282 0.003460
v 0.657441 -2.128516 0.065516
v -1.142827 -1.017760 0.073893
v -1.261907 -0.811625 0.073361
v -1.260697 -0.811209 -0.036702
v -1.141614 -1.017345 -0.036168
v 0.009170 -2.046465 0.090993
v 0.010565 -2.045985 -0.035659
v 0.170029 -1.784123 -0.032916
v 0.168634 -1.784598 0.093734
v 0.452094 -1.828984 0.067031
v 0.236580 -1.877463 0.064536
v 0.267071 -1.896361 0.095623
v 0.447896 -1.856478 0.097771
v -0.020597 -1.906803 -0.036689
v 0.139047 -2.006102 -0.035423
v 0.115896 -2.021881 -0.004850
v -0.053314 -1.915759 -0.006139
v 0.583121 -1.931095 -0.030153
v 0.452169 -1.856424 -0.031315
v 0.455686 -1.829164 -0.000291
v 0.605122 -1.914387 0.001029
v 0.116827 -2.024467 0.062690
v 0.165505 -2.224789 0.062394
v 0.187322 -2.207363 0.093576
v 0.139317 -2.008909 0.093904
v -0.894530 -0.890156 -0.017213
v -0.855589 -0.880272 -0.047391
v -0.602820 -1.526271 -0.046886
v -0.627222 -1.548281 -0.016877
v -0.085215 -1.741470 -0.043099
v -0.127067 -1.858824 -0.043955
v -0.599057 -1.526763 -0.047906
v -0.470951 -1.402658 -0.046078
v -1.114066 -0.963725 -0.018418
v -1.093192 -0.963876 -0.041481
v -0.913980 -1.328959 -0.040984
v -0.930666 -1.341829 -0.017810
v -0.143159 -1.893740 0.065888
v -0.129553 -1.861896 0.096651
v -0.602527 -1.529101 0.092670
v -0.626284 -1.550909 0.061921
v -1.032130 -1.384418 0.055985
v -1.031308 -1.384136 -0.018588
v -0.887044 -1.836391 -0.018710
v -0.887866 -1.836674 0.055875
v -1.126114 -0.810449 0.116369
v -1.075060 -0.721693 0.117304
v -1.125271 -0.634768 0.116896
v -1.226645 -0.810473 0.115120
v -1.125172 -0.986126 0.115575
v -1.075008 -0.899177 0.116636
v -0.786487 -1.665510 0.060362
v -0.860534 -1.441774 0.060301
v -0.895922 -1.433291 0.083220
v -0.804833 -1.693243 0.083156
v -0.918025 -0.810398 0.118658
v -0.970022 -0.900521 0.117748
v -1.072410 -0.900677 0.116659
v -1.122574 -0.987625 0.115598
v -0.919728 -0.987576 0.117831
v -0.817489 -0.810373 0.119623
v -0.919829 -0.633218 0.119164
v -1.122674 -0.633267 0.116930
v -1.072462 -0.720193 0.117339
v -0.970073 -0.720298 0.118425
v -1.071994 -0.719598 -0.075791
v -1.123277 -0.808222 -0.076728
v -1.223658 -0.808247 -0.077652
v -1.122284 -0.632541 -0.075874
v -0.917707 -0.632491 -0.073623
v -0.816236 -0.808148 -0.073166
v -0.916613 -0.808171 -0.074455
v -0.967947 -0.719572 -0.074645
v -1.070944 -0.898001 0.115750
v -0.973201 -0.897846 0.116787
v -0.983769 -0.879211 0.101940
v -1.059982 -0.879228 0.101102
v -1.120245 -0.808299 -0.075759
v -1.071283 -0.723698 -0.074862
v -1.060712 -0.742332 -0.060016
v -1.098801 -0.808348 -0.060683
v -0.982030 -0.740888 -0.059145
v -1.058244 -0.740906 -0.059984
v -1.068815 -0.722272 -0.074830
v -0.971145 -0.722249 -0.073754
v -0.919665 -0.808250 -0.073553
v -0.941436 -0.808310 -0.058951
v -0.979561 -0.742312 -0.059123
v -0.968677 -0.723673 -0.073732
v -1.062451 -0.877804 0.101080
v -1.100577 -0.811807 0.100909
v -1.122195 -0.811869 0.115471
v -1.073413 -0.896576 0.115728
v -0.650728 -1.842574 0.060914
v -0.665578 -1.814261 0.084181
v -0.865871 -1.809531 0.081994
v -0.884952 -1.837012 0.058360
v -0.971095 -0.897125 -0.074412
v -1.068764 -0.897149 -0.075487
v -1.058203 -0.878622 -0.060501
v -0.981991 -0.878603 -0.059663
v -0.921922 -0.811820 0.117674
v -0.943213 -0.811768 0.102641
v -0.981301 -0.877785 0.101972
v -0.970733 -0.896420 0.116819
v -1.060022 -0.741515 0.101620
v -0.983807 -0.741496 0.102459
v -0.973250 -0.722967 0.117444
v -1.070995 -0.722861 0.116409
v -1.062490 -0.742940 0.101588
v -1.073463 -0.724287 0.116376
v -1.122196 -0.809019 0.115481
v -1.100578 -0.808957 0.100920
v -0.921923 -0.808970 0.117685
v -0.970781 -0.724392 0.117466
v -0.981339 -0.742921 0.102481
v -0.943214 -0.808918 0.102652
v -0.919664 -0.811101 -0.073563
v -0.968627 -0.895699 -0.074380
v -0.979523 -0.877177 -0.059631
v -0.941435 -0.811160 -0.058962
v -0.708034 -0.848849 0.094126
v -0.472334 -1.398966 0.094612
v -0.448428 -1.377312 0.064611
v -0.674114 -0.844357 0.064076
v -0.085238 -1.739834 0.097661
v -0.056651 -1.717623 0.067494
v -0.446665 -1.379701 0.064593
v -0.470617 -1.401400 0.094650
v -0.895397 -0.890452 0.061338
v -0.628089 -1.548578 0.061932
v -0.604355 -1.526797 0.092634
v -0.857129 -0.880800 0.092442
v -0.600992 -1.528575 -0.046899
v -0.128017 -1.861372 -0.042979
v -0.142293 -1.893445 -0.012763
v -0.625417 -1.550612 -0.016844
v -0.646868 -1.842214 -0.016086
v -0.449698 -1.519932 -0.012548
v -0.450517 -1.520214 0.061724
v -0.647692 -1.842494 0.058494
v -0.899068 -1.017287 -0.033498
v -0.780104 -0.811092 -0.031414
v -0.781316 -0.811508 0.078647
v -0.900279 -1.017700 0.076565
v -0.223827 -1.904559 0.088964
v -0.064363 -1.642691 0.091704
v -0.062968 -1.642214 -0.034947
v -0.222433 -1.904083 -0.037688
v -0.065964 -2.024957 -0.054041
v -0.177704 -1.903284 -0.054811
v -0.003035 -2.009665 -0.053289
v -0.183184 -1.901759 -0.054865
v -0.074777 -2.019808 -0.054118
v -0.168344 -1.962825 -0.054932
v 0.131683 -1.788436 -0.050972
v -0.042987 -1.682057 -0.052494
v 0.116390 -1.725502 -0.050904
v 0.107770 -1.720034 -0.050978
v -0.046856 -1.677888 -0.052521
v 0.014205 -1.663050 -0.051795
v -0.048637 -1.678498 0.109360
v 0.105988 -1.720643 0.110904
v 0.012424 -1.663660 0.110089
v 0.114608 -1.726110 0.110978
v -0.044768 -1.682666 0.109387
v 0.129902 -1.789046 0.110909
v -0.859194 -1.441929 0.057910
v -0.785603 -1.664536 0.057873
v -0.784778 -1.664253 -0.017160
v -0.858368 -1.441647 -0.017141
v -0.004816 -2.010275 0.108594
v -0.179485 -1.903896 0.107072
v -0.067746 -2.025567 0.107843
v -0.076559 -2.020417 0.107766
v -0.184964 -1.902371 0.107017
v -0.170123 -1.963435 0.106951
v -0.895724 -0.890448 -0.014810
v -0.628069 -1.549102 -0.014332
v -0.628880 -1.549380 0.059363
v -0.896537 -0.890725 0.058907
v -1.058357 -0.743582 -0.059059
v -0.981937 -0.743564 -0.058218
v -0.943708 -0.809739 -0.058045
v -0.981899 -0.875935 -0.058716
v -1.058317 -0.875953 -0.059556
v -1.096548 -0.809776 -0.059728
v -1.115177 -0.963641 -0.015754
v -0.931480 -1.342479 -0.015190
v -0.932254 -1.342742 0.055097
v -1.115949 -0.963904 0.054470
v -1.060075 -0.876552 0.100175
v -0.983656 -0.876535 0.101015
v -0.945465 -0.810340 0.101686
v -0.983693 -0.744165 0.101514
v -1.060114 -0.744183 0.100673
v -1.098305 -0.810378 0.100003
v -0.781164 -0.808407 -0.034112
v -0.813401 -0.808276 -0.071939
v -0.915538 -0.631466 -0.072398
v -0.899637 -0.603328 -0.034643
v -0.902019 -0.601953 -0.034664
v -0.917921 -0.630091 -0.072419
v -1.122098 -0.630141 -0.074666
v -1.138844 -0.602011 -0.037270
v -1.124379 -0.987934 -0.076038
v -1.141106 -1.016354 -0.038856
v -1.259579 -0.811275 -0.039386
v -1.226518 -0.811127 -0.076497
v -0.781163 -0.811158 -0.034123
v -0.899516 -1.016296 -0.036196
v -0.915438 -0.987883 -0.073738
v -0.813400 -0.811027 -0.071949
v -1.139996 -1.018164 0.076619
v -0.903169 -1.018105 0.079228
v -0.919914 -0.989976 0.116624
v -1.124092 -0.990026 0.114376
v -0.917634 -0.632184 0.117995
v -0.815494 -0.808993 0.118453
v -0.782435 -0.808844 0.081342
v -0.900907 -0.603763 0.080811
v -1.126475 -0.988651 0.114354
v -1.228614 -0.811844 0.113897
v -1.260848 -0.811712 0.076069
v -1.142378 -1.016789 0.076598
v -0.782434 -0.811595 0.081331
v -0.815493 -0.811744 0.118443
v -0.917532 -0.988600 0.116655
v -0.900787 -1.016729 0.079260
v -0.917820 -0.989259 -0.073769
v -0.901898 -1.017672 -0.036228
v -1.138724 -1.017729 -0.038835
v -1.121996 -0.989309 -0.076017
v -0.990673 -0.965994 -0.041693
v -0.833251 -1.265506 -0.041050
v -0.911981 -1.327361 -0.042086
v -1.090386 -0.964045 -0.042627
v -1.126575 -0.632235 0.115694
v -1.142496 -0.603821 0.078153
v -1.260849 -0.808961 0.076080
v -1.228615 -0.809093 0.113907
v -1.124193 -0.630859 0.115725
v -0.920017 -0.630809 0.117974
v -0.903290 -0.602388 0.080790
v -1.140114 -0.602445 0.078185
v -0.077023 -1.665935 0.093738
v -0.221818 -1.903714 0.091249
v -0.188623 -1.895841 0.106203
v -0.000303 -2.011972 -0.052693
v 0.008027 -2.046265 -0.037762
v -0.056685 -2.061991 -0.038533
v -0.064687 -2.027617 -0.053462
v -0.064101 -1.645375 0.094160
v -0.174370 -1.872560 0.106486
v -0.056089 -1.678321 0.108518
v -0.060385 -1.641919 -0.036992
v 0.004328 -1.626195 -0.036221
v 0.012660 -1.660456 -0.051228
v -0.051728 -1.676103 -0.051994
v -0.203692 -1.973834 0.091624
v -0.081429 -2.020714 0.106951
v -0.171514 -1.965851 0.106166
v -0.195012 -1.979991 0.091257
v -0.061388 -2.061372 0.092420
v -0.069456 -2.028153 0.106980
v 0.139769 -1.709183 0.095962
v 0.006146 -1.627804 0.094799
v 0.013897 -1.661129 0.109280
v 0.133212 -1.790420 0.110366
v 0.167692 -1.782199 0.095807
v 0.151965 -1.717481 0.095879
v 0.117564 -1.726029 0.110437
v 0.148440 -1.715344 0.096474
v 0.025869 -1.668570 0.109458
v 0.115953 -1.723433 0.110243
v -0.053496 -1.676708 0.108739
v 0.010891 -1.661062 0.109508
v 0.002887 -1.626688 0.094581
v -0.061825 -1.642411 0.093808
v 0.008854 -2.043800 0.093463
v 0.118807 -1.816724 0.109923
v 0.000525 -2.010963 0.107890
v 0.021781 -2.023238 0.093480
v 0.166576 -1.785460 0.095968
v 0.133061 -1.793443 0.110129
v 0.141213 -1.708689 -0.035211
v 0.015660 -1.660526 -0.050934
v 0.007591 -1.627308 -0.036375
v -0.171362 -1.962651 -0.054390
v -0.205763 -1.971198 -0.039831
v -0.221491 -1.906482 -0.039761
v -0.187011 -1.898259 -0.054320
v 0.027634 -1.667966 -0.050905
v 0.149893 -1.714847 -0.035578
v 0.117718 -1.722830 -0.050119
v -0.222930 -1.906974 0.091039
v -0.207203 -1.971693 0.090968
v -0.173130 -1.963256 0.106344
v -0.188779 -1.898866 0.106414
v -0.172605 -1.871953 -0.053876
v -0.062652 -1.644880 -0.037417
v -0.054324 -1.677717 -0.051842
v -0.075579 -1.665442 -0.037434
v -0.186860 -1.895235 -0.054083
v -0.220375 -1.903221 -0.039922
v 0.023225 -2.022742 -0.037692
v 0.134825 -1.792839 -0.050156
v 0.168020 -1.784968 -0.035202
v -0.018867 -1.905001 -0.037836
v 0.028985 -1.808550 -0.036945
v 0.197015 -1.894905 -0.035421
v 0.140641 -2.004199 -0.036560
v 0.120572 -1.816121 -0.050439
v 0.010302 -2.043301 -0.038115
v 0.002290 -2.010359 -0.052473
v -0.079665 -2.020109 -0.053413
v -0.202238 -1.973335 -0.040426
v -0.169751 -1.965247 -0.054196
v -0.058125 -2.062485 0.092266
v 0.006587 -2.046761 0.093038
v -0.002071 -2.012577 0.108041
v -0.066456 -2.028223 0.107273
v -0.193568 -1.979495 -0.039914
v -0.067693 -2.027550 -0.053235
v -0.059944 -2.060877 -0.038750
v -0.474346 -1.400791 0.095649
v -0.710674 -0.849308 0.095119
v -0.854487 -0.880207 0.093389
v -0.602385 -1.524834 0.093723
v -0.086776 -1.742003 0.098617
v -0.472510 -1.403190 0.095660
v -0.600616 -1.527297 0.093733
v -0.128625 -1.859357 0.097668
v 0.355584 -2.321052 -0.003245
v 0.359529 -2.293930 -0.033986
v 0.546405 -2.255161 -0.031778
v 0.562031 -2.278197 -0.000815
v -0.802755 -1.697107 -0.044079
v -0.683089 -1.699876 -0.042766
v -0.664922 -1.811105 -0.042899
v -0.862857 -1.806433 -0.045061
v 0.555917 -2.181230 0.099049
v 0.284108 -2.238562 0.095838
v 0.356831 -2.291953 0.096281
v 0.206983 -2.215936 0.094912
v 0.339971 -2.283528 0.096127
v 0.279784 -2.239148 0.095788
v 0.563098 -2.180696 0.099130
v 0.366155 -2.290236 0.096390
v 0.544684 -2.253198 0.098488
v 0.277082 -2.235092 0.095774
v 0.143541 -2.015930 0.095077
v 0.189769 -2.207069 0.094756
v 0.549901 -2.245237 0.098575
v 0.621433 -2.130741 0.099795
v 0.566783 -2.178505 0.099179
v 0.141502 -2.006771 0.095089
v 0.276719 -2.228700 0.095794
v 0.197082 -1.899033 0.095998
v -0.445796 -1.379406 -0.014275
v -0.055786 -1.717327 -0.011138
v -0.083699 -1.739309 -0.042093
v -0.469081 -1.400876 -0.045013
v 0.504713 -1.914996 -0.032272
v 0.582407 -1.933724 -0.031323
v 0.628063 -2.121587 -0.031530
v 0.567767 -2.174404 -0.032557
v 0.571915 -1.928846 0.100010
v 0.457247 -1.863459 0.098996
v 0.502010 -1.912080 0.099469
v 0.284856 -1.960376 -0.034707
v 0.269738 -1.898104 -0.034638
v 0.450186 -1.858324 -0.032497
v 0.499767 -1.912045 -0.032315
v -0.868098 -1.807868 0.081948
v -0.997563 -1.393658 0.082136
v -1.030758 -1.384938 0.058428
v -0.887144 -1.835293 0.058368
v 0.622879 -2.130246 -0.031620
v 0.551349 -2.244741 -0.032837
v 0.568235 -2.178010 -0.032565
v 0.367601 -2.289741 -0.035033
v 0.564550 -2.180201 -0.032614
v 0.546131 -2.252703 -0.032924
v 0.458693 -1.862964 -0.032420
v 0.573362 -1.928351 -0.031402
v 0.503459 -1.911586 -0.032273
v -0.472787 -1.400259 -0.046089
v -0.600827 -1.524300 -0.047917
v -0.852926 -0.879672 -0.048276
v -0.709116 -0.848774 -0.046608
v 0.285560 -2.238065 -0.035898
v 0.557368 -2.180735 -0.032695
v 0.358277 -2.291458 -0.035142
v 0.341419 -2.283035 -0.035296
v 0.208426 -2.215441 -0.036498
v 0.281235 -2.238651 -0.035947
v 0.144988 -2.015433 -0.036554
v 0.278534 -2.234595 -0.035962
v 0.191215 -2.206574 -0.036654
v 0.278170 -2.228203 -0.035942
v 0.142950 -2.006274 -0.036542
v 0.198529 -1.898538 -0.035418
v 0.195569 -1.895400 0.095996
v 0.027538 -1.809045 0.094472
v -0.020313 -1.905496 0.093583
v 0.139194 -2.004695 0.095071
v -0.898055 -1.429686 0.084121
v -0.641556 -1.256155 0.087502
v -0.683823 -1.160999 0.087381
v -0.993671 -1.392008 0.083112
v -0.809458 -1.683504 -0.044102
v -0.991612 -1.395007 -0.044924
v -0.897646 -1.432032 -0.044127
v -0.990444 -1.402499 -0.044939
v -0.805371 -1.695638 -0.044103
v -0.864978 -1.804063 -0.045075
v -0.666331 -1.811589 0.085137
v -0.684501 -1.700360 0.085440
v -0.804168 -1.697590 0.084141
v -0.864267 -1.806915 0.082976
v -0.680196 -1.698974 -0.042730
v -0.499517 -1.537410 -0.040041
v -0.662326 -1.808352 -0.042860
v -0.495711 -1.529944 -0.039971
v -0.676054 -1.691205 -0.042655
v -0.566449 -1.494822 -0.040613
v -1.124480 -0.631517 -0.074698
v -1.226519 -0.808376 -0.076487
v -1.259580 -0.808524 -0.039376
v -1.141226 -0.603387 -0.037302
v -0.806784 -1.696121 0.084118
v -0.991855 -1.402981 0.083091
v -0.866389 -1.804544 0.082961
v -0.500925 -1.537892 0.087980
v -0.681607 -1.699458 0.085475
v -0.663734 -1.808836 0.085175
v -0.677465 -1.691689 0.085550
v -0.497119 -1.530426 0.088050
v -0.567857 -1.495306 0.087401
v -0.993023 -1.395489 0.083107
v -0.810870 -1.683987 0.084118
v -0.899057 -1.432516 0.084099
v 0.198805 -1.895646 0.094878
v 0.280782 -2.234944 0.094663
v 0.300266 -2.204439 0.064217
v 0.221637 -1.879336 0.064317
v -0.992046 -0.966465 0.083125
v -1.091759 -0.964515 0.081880
v -0.913352 -1.327830 0.082528
v -0.834622 -1.265974 0.083692
v -0.992261 -1.391526 -0.044918
v -0.682416 -1.160515 -0.040629
v -0.640148 -1.255672 -0.040536
v -0.896644 -1.429202 -0.044105
v 0.197052 -1.893411 0.094848
v 0.219874 -1.877100 0.064322
v 0.018604 -1.769673 0.062357
v 0.028082 -1.806492 0.093378
v 0.626617 -2.122082 0.099885
v 0.580961 -1.934220 0.100089
v 0.503264 -1.915490 0.099470
v 0.566315 -2.174900 0.099188
v -0.648250 -1.841180 0.060963
v -0.452422 -1.521030 0.064123
v -0.493816 -1.531283 0.087165
v -0.663086 -1.812900 0.084194
v -0.858794 -1.438834 -0.019620
v -0.893473 -1.430228 -0.043090
v -0.638307 -1.257601 -0.039539
v -0.604505 -1.266896 -0.015799
v -0.603627 -1.267385 0.061006
v -0.858423 -1.439663 0.057927
v -0.857597 -1.439381 -0.017124
v -0.602810 -1.267105 -0.013298
v -0.814240 -1.250573 -0.013594
v -0.966396 -0.966075 -0.014228
v -0.967171 -0.966342 0.056203
v -0.815014 -1.250836 0.056774
v -0.685445 -1.697675 0.084486
v -0.700074 -1.669046 0.061200
v -0.784240 -1.667149 0.060332
v -0.802630 -1.694964 0.083214
v -1.060672 -0.877197 -0.060522
v -1.071233 -0.895724 -0.075509
v -1.120244 -0.811149 -0.075770
v -1.098800 -0.811198 -0.060694
v 0.263947 -1.995363 0.061731
v 0.264633 -1.995131 -0.000412
v 0.480447 -1.946830 0.001914
v 0.479757 -1.947065 0.064516
v 0.455076 -1.828360 0.064417
v 0.605293 -1.914029 0.065749
v 0.605977 -1.913796 0.003693
v 0.455760 -1.828127 0.002367
v -0.054797 -1.915962 -0.003484
v 0.115060 -2.022506 -0.002200
v 0.114375 -2.022739 0.060017
v -0.055479 -1.916195 0.058367
v -0.815837 -1.251460 0.059390
v -0.968216 -0.966403 0.058876
v -0.989321 -0.966414 0.081972
v -0.832616 -1.264413 0.082592
v 0.581701 -1.931582 0.098954
v 0.604380 -1.914641 0.068389
v 0.454944 -1.829417 0.067064
v 0.450748 -1.856911 0.097797
v -0.859674 -1.439135 0.060400
v -0.605376 -1.267195 0.063471
v -0.639694 -1.258077 0.086532
v -0.894863 -1.430704 0.083168
v 0.117571 -2.024213 -0.004831
v 0.140739 -2.008421 -0.035422
v 0.188743 -2.206878 -0.035530
v 0.166247 -2.224535 -0.004969
v 0.548751 -2.253526 -0.031746
v 0.629925 -2.123594 -0.030365
v 0.657095 -2.128152 0.000797
v 0.564378 -2.276563 -0.000783
v 0.283335 -1.963416 0.095571
v 0.264880 -1.994163 0.064389
v 0.480167 -1.945982 0.067168
v 0.498806 -1.914960 0.098279
v -0.894531 -1.432814 -0.043184
v -0.859656 -1.441474 -0.019560
v -0.785607 -1.665208 -0.019675
v -0.803442 -1.692767 -0.043076
v -0.057771 -2.063823 0.090190
v -0.056377 -2.063345 -0.036460
v 0.008327 -2.047620 -0.035690
v 0.006933 -2.048100 0.090963
v -0.205498 -1.973767 -0.037763
v -0.059115 -2.062919 -0.036488
v -0.060510 -2.063397 0.090162
v -0.206892 -1.974246 0.088887
v -0.684055 -1.697199 -0.041812
v -0.801239 -1.694488 -0.043099
v -0.783361 -1.666847 -0.019609
v -0.699195 -1.668746 -0.018640
v 0.452836 -1.828731 -0.000317
v 0.449318 -1.855992 -0.031349
v 0.268491 -1.895874 -0.033480
v 0.237322 -1.877209 -0.002931
v 0.281184 -1.962080 0.095543
v 0.265747 -1.898484 0.095611
v 0.235241 -1.879580 0.064505
v 0.262739 -1.992809 0.064379
v 0.531574 -2.157476 0.066960
v 0.302410 -2.205791 0.064235
v 0.282926 -2.236295 0.094681
v 0.562537 -2.177318 0.097984
v -0.902528 -1.018999 0.076535
v -1.140576 -1.019058 0.073913
v -1.139364 -1.018644 -0.036148
v -0.901317 -1.018586 -0.033528
v 0.164720 -2.225497 0.059730
v 0.115999 -2.024995 0.060027
v 0.116684 -2.024761 -0.002190
v 0.165404 -2.225263 -0.002328
v 0.153404 -1.716988 -0.034922
v 0.169132 -1.781708 -0.034992
v 0.134981 -1.789814 -0.050367
v 0.119333 -1.725425 -0.050297
v 0.483066 -1.947063 -0.000711
v 0.502370 -1.915829 -0.031148
v 0.565297 -2.174714 -0.031433
v 0.533656 -2.155104 -0.000950
v -0.647373 -1.840881 -0.018557
v -0.661698 -1.812424 -0.041896
v -0.492428 -1.530808 -0.039019
v -0.451550 -1.520730 -0.014994
v 0.482318 -1.947319 0.067195
v 0.532908 -2.155359 0.066983
v 0.563870 -2.175200 0.098007
v 0.500946 -1.916314 0.098289
v 0.284352 -2.235807 -0.034750
v 0.303161 -2.205535 -0.003655
v 0.532322 -2.157222 -0.000973
v 0.563963 -2.176831 -0.031456
v -0.183952 -1.895967 -0.054852
v -0.052355 -1.679864 -0.052589
v 0.131935 -1.792102 -0.050983
v 0.000337 -2.008207 -0.053247
v 0.153093 -1.714435 -0.032841
v 0.006713 -1.625283 -0.034117
v 0.005317 -1.625761 0.092537
v 0.151700 -1.714912 0.093811
v -0.579004 -1.455686 -0.013724
v -0.697465 -1.666315 -0.016158
v -0.698290 -1.666597 0.058775
v -0.579820 -1.455966 0.060536
v -0.700526 -1.667868 0.058746
v -0.699702 -1.667586 -0.016187
v -0.782807 -1.665712 -0.017144
v -0.783633 -1.665995 0.057889
v -0.055696 -1.716917 0.065025
v -0.054886 -1.716640 -0.008644
v -0.445026 -1.378674 -0.011726
v -0.445839 -1.378950 0.062067
v 0.166412 -2.227634 0.059740
v 0.167096 -2.227400 -0.002318
v 0.352577 -2.321703 -0.000628
v 0.351894 -2.321938 0.061423
v -1.261908 -0.809027 0.073371
v -1.142944 -0.602830 0.075455
v -1.141734 -0.602416 -0.034607
v -1.260698 -0.808611 -0.036692
v -0.446744 -1.376311 -0.011736
v -0.672158 -0.843902 -0.012194
v -0.672967 -0.844178 0.061565
v -0.447557 -1.376586 0.062057
v -0.901439 -0.601059 -0.031958
v -1.139484 -0.601116 -0.034577
v -1.140695 -0.601531 0.075485
v -0.902650 -0.601473 0.078104
v -0.342699 -0.692208 -0.051227
v -0.314026 -0.689119 -0.061710
v -0.315911 -0.685333 0.109414
v -0.344347 -0.688897 0.098449
v -0.039900 -0.509747 -0.072101
v -0.039942 -0.496718 -0.090643
v 0.027711 -0.428639 -0.091697
v 0.041018 -0.441743 -0.072444
v -1.008349 -0.677638 0.065511
v -0.657464 -0.639352 0.068566
v -0.656373 -0.641543 -0.030463
v -1.007261 -0.679828 -0.033438
v -0.653839 0.659548 -0.059221
v -0.538922 0.541532 -0.054890
v -0.540002 0.543703 0.043228
v -0.654929 0.661739 0.039806
v -1.006911 0.952597 -0.069523
v -1.007998 0.954784 0.029367
v -0.514300 0.877808 0.036466
v -0.513212 0.875621 -0.062344
v -0.370981 0.692782 0.041795
v -0.369901 0.690611 -0.056330
v -0.510814 0.874203 -0.062286
v -0.511903 0.876390 0.036523
v -0.549062 0.505257 0.101788
v -0.538935 0.542927 0.087310
v -0.562911 0.521088 0.071600
v -0.565115 0.490823 0.083309
v -0.343743 0.709453 -0.084590
v -0.314813 0.706097 -0.095226
v -0.330641 0.691132 -0.113718
v -0.367621 0.688082 -0.100327
v -0.345443 0.712869 0.069762
v -0.369671 0.692202 0.085900
v -0.332994 0.695859 0.099953
v -0.316756 0.710000 0.081170
v -0.330642 -0.674261 -0.083508
v -0.314813 -0.688396 -0.064373
v -0.343743 -0.691279 -0.053598
v -0.367621 -0.670624 -0.070267
v -0.561173 0.519339 -0.078422
v -0.562777 0.522562 0.067225
v -0.540092 0.541650 0.044033
v -0.538996 0.539445 -0.055605
v -0.347970 -0.687178 0.099122
v -0.372333 -0.665462 0.114289
v -0.388385 -0.651375 0.094631
v -0.370081 -0.667791 0.075324
v -0.388386 0.676143 0.065259
v -0.372333 0.691087 0.084275
v -0.347970 0.712111 0.068163
v -0.370081 0.691689 0.045245
v -0.498167 0.579351 0.067654
v -0.375925 0.687912 0.084090
v -0.390564 0.674268 0.066738
v -0.534229 0.548290 0.085937
v -0.393361 0.672547 0.084740
v -0.518642 0.561292 0.067890
v -0.373915 0.683873 -0.098467
v -0.496540 0.576088 -0.079940
v -0.388937 0.671003 -0.080857
v -0.519152 -0.537886 -0.054092
v -0.537857 -0.521190 -0.034773
v -0.560134 -0.502028 -0.058565
v -0.535380 -0.523992 -0.073739
v -0.517016 0.558024 -0.079828
v -0.391341 0.668485 -0.098820
v -0.532205 0.544229 -0.097620
v -0.217702 0.373435 0.116204
v -0.278677 0.430980 0.114248
v -0.332989 0.340466 0.115648
v -0.285095 0.264823 0.117684
v -0.562777 -0.497856 0.089801
v -0.561173 -0.501078 -0.055846
v -0.538996 -0.520153 -0.032161
v -0.540092 -0.517949 0.067477
v -0.346940 0.712932 0.065396
v -0.345336 0.709708 -0.080265
v -0.367851 0.690399 -0.057063
v -0.368949 0.692603 0.042582
v -0.561799 -0.498685 0.092581
v -0.539012 -0.518868 0.070157
v -0.520744 -0.534684 0.090603
v -0.537396 -0.519944 0.109256
v -0.346305 0.708766 -0.083015
v -0.370318 0.687039 -0.098713
v -0.386791 0.672942 -0.079415
v -0.368925 0.689367 -0.059707
v -0.498166 -0.554571 0.092742
v -0.390564 -0.649437 0.096026
v -0.375925 -0.662298 0.113963
v -0.518642 -0.536519 0.092179
v -0.393361 -0.646920 0.113933
v -0.534229 -0.522733 0.109634
v -0.496543 -0.557836 -0.054852
v -0.373915 -0.666337 -0.068595
v -0.388937 -0.652702 -0.051569
v -0.520744 0.559390 0.066397
v -0.539012 0.542687 0.046670
v -0.561799 0.523513 0.069966
v -0.537396 0.545487 0.085683
v -0.391342 -0.650980 -0.069628
v -0.517016 -0.539788 -0.055539
v -0.532206 -0.526794 -0.073923
v -0.560134 0.520168 -0.081180
v -0.537857 0.540365 -0.058260
v -0.519152 0.556189 -0.078299
v -0.535379 0.541438 -0.097311
v -0.527790 -0.834704 -0.047093
v -0.513970 -0.855329 -0.026535
v -1.006873 -0.932423 -0.030296
v -1.006778 -0.909600 -0.050718
v -0.426974 0.159655 -0.091083
v -0.426832 0.309030 -0.094334
v -0.411874 0.303660 -0.112580
v -0.411918 0.156659 -0.109406
v -0.278373 0.426983 -0.113821
v -0.332138 0.337443 -0.112408
v -0.340914 0.347082 -0.094302
v -0.292611 0.427617 -0.095586
v -0.526875 0.854707 0.059293
v -0.390158 0.676546 0.064239
v -0.371880 0.692069 0.044254
v -0.512578 0.875389 0.038992
v -0.529373 0.856205 0.059208
v -0.515113 0.876835 0.038958
v -1.008015 0.953687 0.031870
v -1.008360 0.930868 0.052290
v -0.388586 0.673389 -0.078453
v -0.525227 0.851641 -0.084337
v -0.511435 0.873094 -0.064723
v -0.370746 0.689790 -0.058774
v -0.527726 0.853141 -0.084373
v -1.006717 0.928102 -0.091125
v -1.006873 0.951391 -0.071976
v -0.513970 0.874539 -0.064808
v -0.371880 -0.668214 0.074351
v -0.390158 -0.651823 0.093630
v -0.526875 -0.830026 0.096567
v -0.512578 -0.851588 0.077201
v 0.043050 0.180208 -0.083637
v 0.042902 0.451643 -0.089646
v 0.040871 0.455722 0.094721
v 0.041019 0.184287 0.100727
v -0.209993 0.523317 -0.094013
v -0.212023 0.527396 0.090349
v -0.044705 0.527357 0.092198
v -0.042674 0.523278 -0.092176
v -0.561211 -0.499604 -0.060223
v -0.563174 -0.469338 -0.071975
v -0.546708 -0.483767 -0.090097
v -0.536884 -0.521433 -0.075399
v -0.562911 -0.496190 0.094107
v -0.538935 -0.517315 0.110768
v -0.549062 -0.479040 0.123565
v -0.565115 -0.465434 0.104466
v -0.367851 -0.671026 -0.026942
v -0.345336 -0.691342 -0.049266
v -0.346940 -0.688120 0.096394
v -0.368949 -0.668821 0.072705
v -0.546708 0.500531 -0.111876
v -0.563174 0.486919 -0.093132
v -0.561211 0.517672 -0.082730
v -0.536883 0.538808 -0.098857
v -0.334730 0.688616 -0.114226
v -0.513394 0.559062 -0.100047
v -0.370041 0.685514 -0.101269
v -0.533972 0.540846 -0.099901
v -0.351815 0.672951 -0.114347
v -0.543722 0.503715 -0.112707
v -0.546093 0.508477 0.102543
v -0.354184 0.677714 0.100919
v -0.536047 0.545011 0.088326
v -0.515468 0.563226 0.088120
v -0.337094 0.693365 0.100481
v -0.372113 0.689677 0.086902
v -0.351814 -0.656127 -0.084940
v -0.533973 -0.523516 -0.076352
v -0.543722 -0.486985 -0.090787
v -0.513394 -0.541721 -0.075693
v -0.334731 -0.671770 -0.084126
v -0.370041 -0.668100 -0.071321
v -0.354183 -0.651365 0.130325
v -0.546093 -0.482223 0.124462
v -0.536047 -0.519352 0.111875
v -0.337094 -0.667020 0.130580
v -0.515468 -0.537557 0.112475
v -0.372113 -0.663937 0.116850
v -0.330685 0.694762 0.100619
v -0.174037 0.475826 0.107284
v -0.153984 0.484591 0.088447
v -0.314428 0.708644 0.081744
v -0.312474 -0.687039 -0.064896
v -0.328320 -0.673163 -0.084122
v -0.171669 -0.454155 -0.087339
v -0.152031 -0.462909 -0.068066
v -0.174037 -0.449397 0.127754
v -0.330685 -0.668409 0.130779
v -0.314428 -0.683113 0.112538
v -0.153984 -0.458985 0.109323
v -0.319379 -0.207109 0.104658
v -0.319224 -0.101704 0.102274
v -0.331853 -0.102953 0.124051
v -0.331961 -0.210906 0.126447
v -0.215022 -0.507716 0.113219
v -0.292953 -0.507303 0.112398
v -0.290922 -0.511383 -0.072059
v -0.212992 -0.511795 -0.071142
v -0.294815 0.434610 0.091514
v -0.294453 0.525446 0.089532
v -0.292421 0.521365 -0.094925
v -0.292784 0.430531 -0.092895
v -0.275981 0.254116 0.092014
v -0.274031 0.250199 -0.084997
v -0.208496 0.355346 -0.086687
v -0.210447 0.359266 0.090495
v -0.073320 0.356913 -0.085359
v -0.075273 0.360839 0.092073
v -0.208152 0.360538 0.090492
v -0.206201 0.356619 -0.086690
v -0.151000 -0.463316 -0.065557
v -0.152899 -0.459501 0.106858
v -0.313556 -0.683927 0.110077
v -0.311656 -0.687743 -0.062383
v -0.378770 0.284982 0.087975
v -0.565051 0.487429 0.081382
v -0.563154 0.483614 -0.091055
v -0.376872 0.281164 -0.084589
v -0.062712 0.011843 0.124448
v -0.062712 0.181704 0.120689
v -0.073599 0.181217 0.098725
v -0.073599 0.011357 0.102483
v -0.345724 -0.330355 0.107845
v -0.428441 -0.296007 0.106186
v -0.426412 -0.300086 -0.078181
v -0.343694 -0.334434 -0.076497
v -0.040023 0.522318 -0.092125
v -0.042053 0.526397 0.092249
v 0.039720 0.458182 0.094654
v 0.041750 0.454103 -0.089713
v -0.530510 0.004444 -0.086065
v -0.428782 -0.145707 -0.081674
v -0.430811 -0.141625 0.102796
v -0.532543 0.008522 0.098302
v -0.291801 -0.506362 0.115104
v -0.215052 -0.506775 0.115912
v -0.215257 -0.492817 0.134124
v -0.278145 -0.492696 0.133386
v 0.042248 0.177149 -0.086293
v 0.047884 0.007264 -0.082467
v 0.034547 0.006852 -0.101124
v 0.028902 0.176724 -0.104951
v -0.427219 -0.295679 0.109007
v -0.345196 -0.329655 0.110602
v -0.336850 -0.320048 0.128874
v -0.412880 -0.290357 0.127285
v 0.026391 0.441666 0.116065
v 0.026355 0.184740 0.121792
v 0.040108 0.184347 0.103430
v 0.039960 0.454641 0.097450
v -0.317327 0.228690 0.092230
v -0.315377 0.224770 -0.084997
v -0.276112 0.248156 -0.084975
v -0.278062 0.252072 0.092036
v -1.008363 0.928221 0.053328
v -1.008505 0.727863 0.057785
v -0.641689 0.688068 0.062737
v -0.531061 0.853820 0.060221
v 0.025211 -0.423616 0.135367
v -0.042436 -0.491708 0.135835
v -0.041993 -0.505544 0.117894
v 0.038932 -0.437551 0.117010
v -0.212257 -0.492816 0.134157
v -0.212053 -0.506774 0.115945
v -0.044735 -0.506653 0.117792
v -0.045097 -0.492793 0.135952
v -0.215052 0.526574 0.093049
v -0.291801 0.526126 0.092261
v -0.278145 0.513283 0.111128
v -0.215257 0.513436 0.111860
v 0.028887 0.436649 -0.110658
v 0.042050 0.450441 -0.092343
v 0.042198 0.180147 -0.086360
v 0.028852 0.179723 -0.105018
v 0.027711 0.439333 -0.110902
v -0.039942 0.507394 -0.112859
v -0.039900 0.521229 -0.094911
v 0.041018 0.453278 -0.092248
v 0.040158 -0.161423 0.111082
v 0.045795 0.008465 0.107383
v 0.032052 0.008871 0.125740
v 0.026405 -0.161004 0.129442
v -0.514300 -0.854116 0.074784
v -1.007998 -0.931332 0.071098
v -1.006911 -0.933520 -0.027792
v -0.513212 -0.856302 -0.024026
v -0.275648 0.508267 -0.115598
v -0.289710 0.521925 -0.097622
v -0.212963 0.522375 -0.096739
v -0.212760 0.508418 -0.114951
v 0.042248 -0.165622 -0.078709
v 0.028902 -0.166022 -0.097368
v 0.034547 0.003854 -0.101057
v 0.047884 0.004266 -0.082400
v 0.042198 -0.168620 -0.078643
v 0.042050 -0.438913 -0.072665
v 0.028887 -0.425947 -0.091573
v 0.028852 -0.169021 -0.097302
v -0.042435 0.512404 0.113618
v 0.025211 0.444357 0.116164
v 0.038932 0.457470 0.097206
v -0.041992 0.525432 0.095082
v -0.044734 0.526536 0.094931
v -0.212053 0.526575 0.093082
v -0.212257 0.513437 0.111893
v -0.045096 0.513493 0.113687
v -0.212963 -0.510974 -0.073875
v -0.289710 -0.510562 -0.074778
v -0.275648 -0.497711 -0.093341
v -0.212760 -0.497835 -0.092686
v -0.342699 0.710487 -0.082263
v -0.344347 0.713798 0.067414
v -0.315911 0.710723 0.078525
v -0.314026 0.706937 -0.092598
v -0.564083 0.486228 -0.090494
v -0.565966 0.490015 0.080685
v -0.564018 0.520117 0.069255
v -0.562370 0.516806 -0.080370
v 0.039960 -0.434713 0.117128
v 0.040108 -0.164422 0.111148
v 0.026355 -0.164003 0.129508
v 0.026391 -0.420931 0.135150
v -0.280870 -0.411415 0.131549
v -0.334635 -0.321899 0.128952
v -0.343005 -0.331545 0.110659
v -0.294702 -0.412055 0.113006
v -0.410386 0.305863 -0.112462
v -0.425128 0.311177 -0.094506
v -0.343105 0.345191 -0.094294
v -0.334354 0.335591 -0.112379
v -0.277393 -0.495966 -0.093418
v -0.291485 -0.508844 -0.074817
v -0.291847 -0.419108 -0.076783
v -0.277398 -0.419257 -0.095206
v -0.345196 0.349392 0.095579
v -0.427219 0.315381 0.095489
v -0.412880 0.310873 0.113983
v -0.336752 0.340491 0.114337
v -0.279890 -0.490950 0.133347
v -0.280012 -0.414266 0.131684
v -0.293937 -0.414909 0.113015
v -0.293576 -0.504644 0.115028
v -0.343005 0.351283 0.095551
v -0.334536 0.342344 0.114333
v -0.280756 0.431972 0.112946
v -0.294702 0.431818 0.094335
v -0.332994 -0.669534 0.130163
v -0.369671 -0.666503 0.115962
v -0.345443 -0.687864 0.100753
v -0.316756 -0.684493 0.112024
v -0.291847 0.430472 -0.095579
v -0.291485 0.520206 -0.097585
v -0.277393 0.506520 -0.115598
v -0.277514 0.429835 -0.113937
v -0.332038 -0.326800 -0.097787
v -0.278258 -0.416403 -0.095216
v -0.292611 -0.416257 -0.076917
v -0.340914 -0.335745 -0.079195
v -0.343105 -0.333856 -0.079270
v -0.425128 -0.299883 -0.080986
v -0.410386 -0.295367 -0.099161
v -0.334253 -0.324948 -0.097840
v -0.274031 -0.238544 -0.074184
v -0.275981 -0.234628 0.102827
v -0.210447 -0.339742 0.105960
v -0.208496 -0.343663 -0.071222
v -0.315730 -0.102776 -0.077701
v -0.250611 0.004553 -0.079324
v -0.252560 0.008469 0.097726
v -0.317679 -0.098858 0.099419
v -0.426412 0.311504 -0.091712
v -0.428441 0.315583 0.092656
v -0.345724 0.349970 0.092793
v -0.343694 0.345891 -0.091549
v 0.041069 -0.161483 0.108379
v 0.043099 -0.165562 -0.075986
v 0.048735 0.004327 -0.079677
v 0.046706 0.008406 0.104679
v -0.074238 0.184154 0.095811
v -0.073773 0.359340 0.092123
v -0.071821 0.355414 -0.085310
v -0.072290 0.180237 -0.081256
v -0.252560 0.011032 0.097669
v -0.250611 0.007115 -0.079381
v -0.315730 0.114410 -0.082505
v -0.317679 0.118329 0.094614
v -0.564083 -0.468531 -0.069371
v -0.562370 -0.498634 -0.057903
v -0.564018 -0.495324 0.091721
v -0.565966 -0.464744 0.101809
v -0.529425 0.006949 -0.088861
v -0.427818 0.156856 -0.091067
v -0.412834 0.153877 -0.109316
v -0.514585 0.006541 -0.107061
v -0.429062 -0.144159 0.105545
v -0.428919 -0.293533 0.108799
v -0.414372 -0.288155 0.127369
v -0.414416 -0.141156 0.124195
v -0.429062 0.163856 0.098731
v -0.414416 0.161680 0.117495
v -0.414372 0.308677 0.114165
v -0.428919 0.313227 0.095375
v -0.637425 -0.665207 -0.053097
v -0.517323 -0.541498 -0.053942
v -0.390574 -0.653240 -0.050074
v -0.526819 -0.830868 -0.048147
v -0.427818 -0.145561 -0.084376
v -0.529425 0.004299 -0.088803
v -0.514585 0.003902 -0.107003
v -0.412834 -0.143392 -0.102739
v -0.531518 0.011149 0.101008
v -0.517081 0.011553 0.119532
v -0.415332 0.158896 0.117508
v -0.429907 0.161058 0.098820
v -0.426832 -0.297731 -0.080910
v -0.426974 -0.148358 -0.084269
v -0.411918 -0.146176 -0.102706
v -0.411874 -0.293172 -0.099375
v -0.060220 -0.166028 -0.098161
v -0.071588 -0.165548 -0.076441
v -0.071588 0.004315 -0.080198
v -0.060220 0.003834 -0.101920
v -0.072290 -0.165485 -0.073607
v -0.074238 -0.161567 0.103460
v -0.074238 0.008294 0.099701
v -0.072290 0.004378 -0.077365
v -0.530510 0.006926 -0.086120
v -0.532543 0.011004 0.098247
v -0.430811 0.161204 0.096097
v -0.428782 0.157121 -0.088374
v -0.062712 -0.161018 0.128273
v -0.062712 0.008844 0.124514
v -0.073599 0.008357 0.102549
v -0.073599 -0.161504 0.106308
v 0.026405 0.181741 0.121859
v 0.032052 0.011869 0.125674
v 0.045795 0.011463 0.107316
v 0.040158 0.181348 0.103497
v -0.546437 -0.478224 0.125176
v -0.332673 -0.666633 0.131706
v -0.176177 -0.447834 0.128684
v -0.355520 -0.270610 0.122801
v -0.215177 -0.357832 -0.097083
v -0.276152 -0.415410 -0.096472
v -0.330463 -0.324921 -0.099068
v -0.282571 -0.249253 -0.100047
v -1.006973 0.721540 -0.086525
v -0.641743 0.682235 -0.081896
v -0.655752 0.661796 -0.061790
v -1.007229 0.699979 -0.066463
v -0.531518 0.008499 0.101067
v -0.429907 -0.141359 0.105510
v -0.415332 -0.138374 0.124085
v -0.517081 0.008915 0.119590
v -0.293937 0.434670 0.094218
v -0.279898 0.434826 0.112955
v -0.279890 0.511536 0.111166
v -0.293576 0.524407 0.092261
v 0.026519 0.436859 -0.111903
v 0.026484 0.178171 -0.106224
v 0.032228 0.005325 -0.102330
v 0.026484 -0.167524 -0.098576
v 0.026519 -0.426211 -0.092807
v -0.041714 -0.495454 -0.092027
v -0.211231 -0.496416 -0.095292
v -0.274973 -0.495358 -0.094600
v -0.274977 -0.418429 -0.096392
v -0.212658 -0.359577 -0.097017
v -0.057764 -0.359506 -0.095229
v -0.059535 -0.167524 -0.097963
v -0.059535 0.005337 -0.101788
v -0.059535 0.178198 -0.105612
v -0.057764 0.370115 -0.111371
v -0.213966 0.369884 -0.113039
v -0.283650 0.258028 -0.111282
v -0.331688 0.229029 -0.111231
v -0.331579 0.116672 -0.108738
v -0.265034 0.005256 -0.105446
v -0.331579 -0.106197 -0.103807
v -0.331688 -0.218554 -0.101329
v -0.284647 -0.246920 -0.100121
v -0.332833 -0.323056 -0.099135
v -0.409424 -0.293393 -0.100515
v -0.409469 -0.144070 -0.103898
v -0.512661 0.005194 -0.108265
v -0.409469 0.154503 -0.110504
v -0.409424 0.303831 -0.113728
v -0.331301 0.334280 -0.113585
v -0.275092 0.427894 -0.115062
v -0.274973 0.505860 -0.116752
v -0.211241 0.506070 -0.116546
v -0.041714 0.506070 -0.114186
v -0.546437 0.504513 0.103433
v -0.355520 0.296995 0.110242
v -0.176177 0.474307 0.108282
v -0.332673 0.693028 0.101623
v -0.520907 -0.536552 0.089652
v -0.539152 -0.520755 0.069230
v -0.654278 -0.639035 0.071035
v -0.640542 -0.659745 0.091628
v -0.544048 -0.483021 -0.091684
v -0.353127 -0.275413 -0.094293
v -0.173787 -0.452636 -0.088384
v -0.330286 -0.671431 -0.085170
v -0.544048 0.499716 -0.113428
v -0.330285 0.688231 -0.115254
v -0.173787 0.469504 -0.108786
v -0.353127 0.292193 -0.106851
v -0.637509 0.683265 -0.082869
v -0.526754 0.849261 -0.085256
v -0.390574 0.671606 -0.079388
v -0.517323 0.559803 -0.078308
v -0.265829 0.011621 0.122107
v -0.253376 0.011138 0.100512
v -0.318440 0.118449 0.097482
v -0.331002 0.120637 0.119045
v -0.639027 -0.661983 0.092636
v -0.528423 -0.827647 0.097452
v -0.392168 -0.650041 0.094521
v -0.518914 -0.538298 0.090653
v -1.006759 -0.906953 -0.051756
v -1.006901 -0.706598 -0.056215
v -0.640087 -0.666623 -0.053095
v -0.529457 -0.832320 -0.048144
v -0.639027 0.686654 0.062797
v -0.518914 0.563002 0.066287
v -0.392168 0.674805 0.065208
v -0.528423 0.852369 0.060282
v -0.210819 -0.340313 0.108833
v -0.276448 -0.235044 0.105697
v -0.283835 -0.242200 0.127551
v -0.216153 -0.350811 0.130749
v -0.641689 -0.663399 0.092638
v -1.008505 -0.703375 0.089451
v -1.008363 -0.903732 0.093860
v -0.531061 -0.829099 0.097455
v -0.072762 0.357521 -0.088209
v -0.206446 0.357226 -0.089548
v -0.211311 0.367744 -0.111621
v -0.061592 0.367974 -0.110024
v -0.208806 0.355917 -0.089567
v -0.274435 0.250616 -0.087876
v -0.281342 0.257771 -0.109887
v -0.213662 0.366414 -0.111596
v -0.283429 -0.245146 -0.098785
v -0.328077 -0.218250 -0.099929
v -0.316037 -0.213504 -0.078176
v -0.276525 -0.237032 -0.077107
v -0.317367 0.222660 -0.087781
v -0.317213 0.117255 -0.085394
v -0.329360 0.118498 -0.107445
v -0.329467 0.226452 -0.109842
v -0.318440 -0.098851 0.102289
v -0.253376 0.008489 0.100571
v -0.265829 0.008961 0.122166
v -0.331003 -0.100084 0.123929
v -0.213803 -0.352140 0.130826
v -0.064084 -0.352296 0.132523
v -0.074777 -0.341851 0.110468
v -0.208459 -0.341621 0.108866
v -0.060220 -0.169028 -0.098095
v -0.059949 -0.355664 -0.093996
v -0.071119 -0.344260 -0.072665
v -0.071588 -0.168547 -0.076374
v -0.285923 0.260716 0.116404
v -0.330570 0.233796 0.116564
v -0.318051 0.229055 0.095083
v -0.278538 0.252603 0.094881
v -0.317213 -0.105746 -0.080460
v -0.317367 -0.211154 -0.078182
v -0.329467 -0.215918 -0.100055
v -0.329360 -0.107964 -0.102435
v -0.251363 0.004446 -0.082184
v -0.316427 -0.102896 -0.080584
v -0.328511 -0.105092 -0.102421
v -0.263339 0.003956 -0.104046
v -0.211432 -0.357377 -0.095710
v -0.206446 -0.345667 -0.073997
v -0.072762 -0.345903 -0.072646
v -0.061592 -0.357308 -0.093978
v -0.281342 -0.247206 -0.098714
v -0.274435 -0.239087 -0.077042
v -0.208806 -0.344360 -0.074074
v -0.213782 -0.356047 -0.095743
v -0.277503 0.433999 0.114194
v -0.215182 0.375181 0.116193
v -0.060286 0.375185 0.117811
v -0.062056 0.183266 0.123504
v -0.060556 0.010373 0.125846
v -0.062056 -0.162455 0.131154
v -0.060286 -0.354435 0.133954
v -0.216487 -0.354281 0.132186
v -0.286174 -0.242459 0.128895
v -0.334211 -0.213484 0.127787
v -0.334101 -0.101128 0.125294
v -0.267554 0.010321 0.123469
v -0.334101 0.121741 0.120363
v -0.334211 0.234098 0.117885
v -0.287171 0.262489 0.117713
v -0.335360 0.338599 0.115663
v -0.411948 0.308899 0.115358
v -0.411994 0.159575 0.118741
v -0.515184 0.010262 0.120836
v -0.411994 -0.138999 0.125346
v -0.411948 -0.288324 0.128571
v -0.333826 -0.318735 0.130147
v -0.277617 -0.412325 0.132862
v -0.277497 -0.490288 0.134554
v -0.213787 -0.491560 0.136794
v -0.044238 -0.490385 0.137123
v 0.023996 -0.421142 0.136342
v 0.023961 -0.162452 0.130662
v 0.029706 0.010396 0.126895
v 0.023961 0.183242 0.123014
v 0.023996 0.441929 0.117247
v -0.044237 0.511139 0.114963
v -0.213755 0.512235 0.111651
v -0.277496 0.510929 0.112401
v -0.331853 0.123509 0.119040
v -0.319224 0.121299 0.097341
v -0.319379 0.226705 0.095059
v -0.331961 0.231463 0.116660
v -0.316427 0.114402 -0.085391
v -0.251363 0.007095 -0.082243
v -0.263339 0.006616 -0.104105
v -0.328511 0.115629 -0.107305
v -0.386791 -0.654576 -0.050042
v -0.370318 -0.669511 -0.068701
v -0.346305 -0.690522 -0.052055
v -0.368925 -0.670112 -0.029629
v -0.283836 0.262777 0.116379
v -0.276448 0.254659 0.094861
v -0.210820 0.359963 0.093339
v -0.216277 0.371651 0.114895
v -0.318051 -0.209456 0.104785
v -0.330570 -0.213240 0.126454
v -0.285923 -0.240140 0.127485
v -0.278538 -0.232989 0.105625
v -0.377748 -0.260058 0.102537
v -0.564232 -0.462821 0.104903
v -0.548398 -0.476507 0.124128
v -0.357685 -0.269120 0.121753
v -0.074777 0.361573 0.094905
v -0.064084 0.372984 0.116475
v -0.213927 0.372982 0.114913
v -0.208459 0.361271 0.093315
v -0.546031 -0.481261 -0.090757
v -0.562280 -0.466746 -0.072507
v -0.375796 -0.263986 -0.075008
v -0.355315 -0.273879 -0.093360
v -0.564232 0.488231 0.083861
v -0.377748 0.285560 0.090465
v -0.357685 0.295461 0.109261
v -0.548398 0.502752 0.102462
v -0.341536 0.347750 -0.091566
v -0.343566 0.351829 0.092776
v -0.295586 0.431825 0.091567
v -0.293556 0.427745 -0.092842
v -0.292421 -0.509884 -0.072108
v -0.294453 -0.505804 0.112348
v -0.294815 -0.414969 0.110311
v -0.292784 -0.419049 -0.074099
v -0.209760 -0.497834 -0.092653
v -0.042600 -0.497808 -0.090771
v -0.042644 -0.510853 -0.072011
v -0.209963 -0.510973 -0.073842
v -0.074238 0.011294 0.099635
v -0.074238 0.181154 0.095877
v -0.072290 0.177238 -0.081190
v -0.072290 0.007377 -0.077431
v 0.041069 0.181288 0.100794
v 0.046706 0.011403 0.104613
v 0.048735 0.007324 -0.079744
v 0.043099 0.177209 -0.083570
v -0.546031 0.497998 -0.112424
v -0.355315 0.290702 -0.105851
v -0.375796 0.281632 -0.087080
v -0.562280 0.484306 -0.093549
v -0.525292 -0.833205 -0.047124
v -0.388585 -0.654980 -0.049061
v -0.370746 -0.670493 -0.028678
v -0.511435 -0.853882 -0.026514
v 0.040871 -0.435914 0.114450
v 0.042902 -0.439994 -0.069917
v 0.043050 -0.168560 -0.075920
v 0.041019 -0.164482 0.108444
v -0.044706 -0.507594 0.115098
v -0.212023 -0.507715 0.113252
v -0.209993 -0.511794 -0.071109
v -0.042674 -0.511673 -0.069278
v -0.042600 0.508477 -0.113035
v -0.209760 0.508419 -0.114918
v -0.209963 0.522376 -0.096706
v -0.042644 0.522337 -0.094869
v -0.318459 0.121110 0.094544
v -0.316510 0.117191 -0.082576
v -0.316663 0.222498 -0.084961
v -0.318613 0.226418 0.092266
v -0.042054 -0.506633 0.115106
v -0.040023 -0.510712 -0.069270
v 0.041750 -0.442454 -0.069875
v 0.039720 -0.438375 0.114492
v -0.295586 -0.412183 0.110241
v -0.343566 -0.332213 0.107910
v -0.341536 -0.336292 -0.076432
v -0.293556 -0.416264 -0.074169
v -0.563154 -0.465945 -0.070046
v -0.565051 -0.462129 0.102390
v -0.378770 -0.259590 0.100023
v -0.376872 -0.263408 -0.072541
v -0.290922 0.522865 -0.094942
v -0.292953 0.526946 0.089516
v -0.215022 0.527395 0.090316
v -0.212992 0.523316 -0.094046
v -0.313556 0.709349 0.079250
v -0.152899 0.484998 0.085962
v -0.151000 0.481183 -0.086455
v -0.311656 0.705533 -0.093209
v -0.060220 0.179694 -0.105811
v -0.071588 0.180174 -0.084090
v -0.071119 0.355879 -0.088155
v -0.059949 0.366331 -0.109970
v -0.062712 0.184703 0.120623
v -0.062441 0.371342 0.116530
v -0.073134 0.359930 0.094960
v -0.073599 0.184217 0.098659
v -0.316037 0.225008 -0.087879
v -0.328077 0.228787 -0.109819
v -0.283429 0.255710 -0.109867
v -0.276525 0.248560 -0.087851
v -0.315377 -0.213139 -0.075308
v -0.317327 -0.209217 0.101918
v -0.278062 -0.232585 0.102759
v -0.276112 -0.236501 -0.074252
v -0.060220 0.176694 -0.105744
v -0.060220 0.006833 -0.101986
v -0.071588 0.007314 -0.080265
v -0.071588 0.177175 -0.084023
v -0.062441 -0.350653 0.132505
v -0.062712 -0.164017 0.128339
v -0.073599 -0.164503 0.106374
v -0.073134 -0.340208 0.110450
v -0.071821 -0.343669 -0.069843
v -0.073773 -0.339743 0.107590
v -0.074238 -0.164567 0.103526
v -0.072290 -0.168484 -0.073541
v -0.208152 -0.341013 0.106013
v -0.075273 -0.341243 0.107606
v -0.073320 -0.345169 -0.069826
v -0.206201 -0.344934 -0.071168
v -0.316510 -0.105557 -0.077648
v -0.318459 -0.101639 0.099472
v -0.318613 -0.206946 0.101854
v -0.316663 -0.210868 -0.075373
v -0.429827 0.313511 0.092687
v -0.427799 0.309432 -0.091682
v -0.427940 0.159862 -0.088426
v -0.429969 0.163944 0.096046
v -0.529373 -0.831527 0.096548
v -1.008360 -0.906422 0.092941
v -1.008015 -0.930126 0.073550
v -0.515113 -0.853033 0.077231
v -0.654277 0.662772 0.042232
v -0.539152 0.544531 0.045660
v -0.520907 0.561214 0.065364
v -0.640542 0.684373 0.061890
v -0.656898 -0.640360 0.071091
v -1.008372 -0.678711 0.068031
v -1.008498 -0.700760 0.088398
v -0.643239 -0.660955 0.091570
v -0.312474 0.704718 -0.095688
v -0.152031 0.480666 -0.088943
v -0.171669 0.471068 -0.107809
v -0.328319 0.690008 -0.114284
v -1.008372 0.702279 0.037476
v -0.656897 0.664098 0.042230
v -0.643239 0.685579 0.061778
v -1.008498 0.725205 0.056848
v -0.653134 -0.641334 -0.032873
v -0.538019 -0.523034 -0.033767
v -0.519336 -0.539710 -0.053063
v -0.638960 -0.662927 -0.052223
v -1.006916 -0.703940 -0.055278
v -1.007229 -0.681011 -0.035908
v -0.655752 -0.642662 -0.032928
v -0.641658 -0.664135 -0.052171
v -0.519336 0.558056 -0.077351
v -0.538019 0.542252 -0.057337
v -0.653134 0.660473 -0.061675
v -0.639045 0.681026 -0.081895
v -0.656373 0.660788 -0.059277
v -0.657463 0.662979 0.039752
v -1.008349 0.701097 0.035006
v -1.007261 0.698907 -0.063943
v -0.510814 -0.854883 -0.024030
v -0.369901 -0.671205 -0.026199
v -0.370981 -0.669034 0.071926
v -0.511903 -0.852696 0.074778
v -0.538922 -0.522206 -0.031354
v -0.653839 -0.640302 -0.030461
v -0.654930 -0.638111 0.068565
v -0.540002 -0.520035 0.066764
v -0.427940 -0.148447 -0.081604
v -0.427799 -0.298014 -0.078242
v -0.429827 -0.293935 0.106125
v -0.429969 -0.144365 0.102866
v -0.904987 0.926702 0.025916
v -0.637520 1.585412 0.020518
v -0.636708 1.584480 -0.053174
v -0.904174 0.925770 -0.047793
v 0.538490 2.290690 0.052253
v 0.619701 2.160799 0.054791
v 0.647549 2.164858 0.024165
v 0.554788 2.313224 0.021268
v 0.648006 2.162032 0.024206
v 0.620158 2.157972 0.054832
v 0.574671 1.970578 0.056701
v 0.597354 1.953373 0.026290
v -0.456149 1.412702 0.024748
v -0.681409 0.880246 0.028986
v -0.680596 0.879313 -0.044766
v -0.455334 1.411769 -0.049040
v -0.151498 1.930054 -0.052184
v -0.634920 1.586738 -0.053183
v -0.635732 1.587670 0.020509
v -0.152307 1.930986 0.021470
v -0.456148 1.412452 -0.051624
v -0.681688 0.879450 -0.047303
v -0.714937 0.883428 -0.078162
v -0.479395 1.433598 -0.082494
v 0.346725 2.356780 -0.048946
v 0.553183 2.314005 -0.046135
v 0.537563 2.290690 -0.076892
v 0.350679 2.329385 -0.079444
v 0.648749 2.161180 -0.043149
v 0.598095 1.952521 -0.041067
v 0.576093 1.968945 -0.072397
v 0.621580 2.156339 -0.074267
v 0.274653 1.997477 0.054220
v 0.259552 1.935206 0.054840
v 0.440010 1.895496 0.057323
v 0.489573 1.949237 0.057351
v -0.065162 2.098668 -0.079869
v -0.066557 2.100270 0.046774
v -0.001848 2.084574 0.047683
v -0.000453 2.082972 -0.078959
v -0.194470 1.933145 0.065098
v -0.062814 1.717107 0.069281
v 0.121444 1.829407 0.069889
v -0.010217 2.045448 0.065707
v -0.656414 1.878501 0.017043
v -0.459147 1.556317 0.023139
v -0.458331 1.555377 -0.051131
v -0.655591 1.877558 -0.057531
v -1.269128 0.843639 -0.068951
v -1.150104 0.637505 -0.065031
v -1.151315 0.638897 0.045023
v -1.270338 0.845031 0.041104
v -0.063573 1.752223 -0.048973
v -0.064384 1.753155 0.024691
v -0.454431 1.415066 0.024737
v -0.453616 1.414133 -0.049051
v 0.143278 1.754054 0.055537
v 0.158984 1.818771 0.054892
v 0.124503 1.827111 0.069377
v 0.108874 1.762723 0.070020
v -0.706281 1.703682 0.021364
v -0.588238 1.493946 0.024994
v -0.578421 1.529713 0.048042
v -0.691697 1.732452 0.044341
v 0.274579 2.000013 0.053043
v 0.490061 1.951648 0.056182
v 0.471416 1.982383 0.024800
v 0.256114 2.030477 0.021592
v -0.940063 1.377770 -0.052193
v -1.123649 0.998889 -0.049389
v -1.124424 0.999777 0.020831
v -0.940835 1.378659 0.018091
v -0.231602 1.942092 -0.079719
v -0.232995 1.943694 0.046922
v -0.217288 2.008405 0.046277
v -0.215894 2.006803 -0.080367
v -0.976352 0.934557 -0.108390
v -1.080395 0.934542 -0.109535
v -1.131702 0.845931 -0.109019
v -1.232087 0.845920 -0.109942
v -1.130663 1.021600 -0.111048
v -0.926086 1.021629 -0.108795
v -0.823797 0.844477 -0.105427
v -0.926086 0.667297 -0.104312
v -1.128931 0.667268 -0.106546
v -1.078739 0.754202 -0.107275
v -0.976352 0.754348 -0.106109
v -0.924328 0.844461 -0.106677
v -1.039352 1.420851 0.021043
v -1.006158 1.429795 0.044672
v -0.876811 1.844024 0.040805
v -0.895865 1.871230 0.016981
v 0.292188 2.239895 -0.048335
v 0.213644 1.914789 -0.044829
v 0.191487 1.930583 -0.076147
v 0.273371 2.269881 -0.079699
v -0.029338 1.942140 -0.078705
v -0.062058 1.951358 -0.048237
v 0.107121 2.057535 -0.047889
v 0.130278 2.041492 -0.078322
v -1.150104 1.052403 -0.070279
v -1.269128 0.846237 -0.068983
v -1.270338 0.847629 0.041071
v -1.151315 1.053796 0.039774
v -1.014763 1.400062 -0.057861
v -0.691553 1.192711 -0.075025
v -0.681916 1.148015 -0.050841
v -0.717599 1.212218 -0.075539
v -1.037253 1.417282 -0.058556
v -1.003929 1.425540 -0.081401
v -1.038134 1.418292 0.021308
v -0.718985 1.213812 0.050506
v -1.005317 1.427134 0.044665
v -1.015639 1.401067 0.021544
v -0.682785 1.149015 0.028231
v -0.692939 1.194306 0.051059
v -1.123372 0.999906 0.023517
v -1.103012 1.000448 0.047029
v -0.923903 1.365574 0.044481
v -0.940079 1.378054 0.020739
v 0.180257 2.246134 0.048873
v 0.346382 2.330633 0.049639
v 0.343109 2.357246 0.018379
v 0.158436 2.263275 0.017538
v -0.908768 1.053829 0.042442
v -0.789747 0.847696 0.046362
v -0.788534 0.846304 -0.063692
v -0.907558 1.052437 -0.067611
v -0.823560 1.286495 -0.052424
v -0.975855 1.001398 -0.050581
v -0.996449 1.001019 -0.074135
v -0.839828 1.299057 -0.076198
v 0.181679 2.244501 -0.080225
v 0.159176 2.262423 -0.049821
v 0.343849 2.356395 -0.048973
v 0.347803 2.328999 -0.079471
v 0.143014 1.751467 0.053493
v -0.003343 1.662265 0.053010
v -0.001948 1.660663 -0.073632
v 0.144408 1.749865 -0.073150
v -0.588433 1.492025 0.022522
v -0.706964 1.702597 0.018890
v -0.706139 1.701650 -0.056041
v -0.587616 1.491086 -0.051733
v -0.658574 1.877595 -0.060019
v -0.672908 1.848895 -0.083139
v -0.873196 1.844092 -0.085284
v -0.892801 1.871944 -0.062529
v 0.189734 1.928347 -0.076119
v 0.211882 1.912552 -0.044835
v 0.010639 1.805058 -0.045536
v 0.020792 1.841367 -0.076943
v 0.158261 2.263083 -0.047187
v 0.157579 2.263868 0.014868
v 0.343036 2.358238 0.015713
v 0.343718 2.357454 -0.046335
v 0.273849 1.997042 -0.076089
v 0.258426 1.933445 -0.075453
v 0.227248 1.915038 -0.044720
v 0.254717 2.028268 -0.045849
v -0.705401 1.702672 -0.058525
v -0.690308 1.730855 -0.081895
v -0.577035 1.528118 -0.077971
v -0.587366 1.492944 -0.054248
v -1.039900 1.419365 -0.055962
v -1.040723 1.420309 0.018604
v -0.896588 1.872588 0.014476
v -0.895768 1.871645 -0.060104
v 0.156570 2.260946 -0.047178
v 0.107908 2.060439 -0.045256
v 0.107224 2.061226 0.016956
v 0.155888 2.261731 0.014877
v 0.292935 2.239055 -0.045663
v 0.292245 2.239846 0.016918
v 0.213762 1.914955 0.019905
v 0.214444 1.914170 -0.042159
v 0.443375 1.865380 0.025702
v 0.439168 1.893145 0.056195
v 0.258331 1.932957 0.053692
v 0.227846 1.913775 0.022775
v -0.030759 1.943772 0.050358
v 0.128855 2.043127 0.050973
v 0.106378 2.058389 0.019644
v -0.062799 1.952208 0.018953
v 0.108795 2.059867 -0.047892
v 0.157413 2.260195 -0.049812
v 0.179916 2.242273 -0.080216
v 0.131969 2.043811 -0.078342
v 0.574375 1.966662 -0.072387
v 0.596376 1.950238 -0.041057
v 0.446965 1.864962 -0.041621
v 0.443440 1.891945 -0.072886
v -0.903847 0.926451 0.028349
v -0.865577 0.917085 0.059538
v -0.612989 1.563132 0.053989
v -0.636729 1.584633 0.023094
v -0.611162 1.565437 0.054004
v -0.138284 1.898389 0.055025
v -0.151896 1.929955 0.023985
v -0.634924 1.586964 0.023062
v -1.122539 0.998951 -0.052053
v -0.939249 1.377098 -0.054807
v -0.922556 1.364027 -0.077864
v -1.101666 0.998902 -0.075117
v -0.093910 1.776737 -0.083647
v -0.479548 1.437804 -0.083615
v -0.607690 1.561852 -0.086546
v -0.135794 1.894068 -0.085545
v 0.473512 1.983782 -0.040455
v 0.472823 1.984574 0.022144
v 0.523028 2.191288 0.020094
v 0.523717 2.190495 -0.042531
v -1.131054 0.669707 0.086226
v -0.929941 0.669735 0.088441
v -0.980134 0.756660 0.086971
v -1.080866 0.756645 0.085861
v -1.082522 0.936985 0.083522
v -0.978478 0.936999 0.084668
v -0.926454 0.846903 0.086381
v -0.977536 0.758160 0.086981
v -0.927343 0.671235 0.088451
v -0.825920 0.846915 0.087344
v -0.928209 1.024067 0.083977
v -1.132786 1.024039 0.081724
v -1.235074 0.846858 0.082840
v -1.133652 0.671206 0.086179
v -1.083464 0.758145 0.085814
v -1.134544 0.846874 0.084089
v -1.232087 0.842920 -0.109904
v -1.131702 0.842931 -0.108981
v -1.081337 0.755702 -0.107322
v -1.131528 0.668768 -0.106593
v -0.794279 1.700488 -0.059547
v -0.868264 1.476742 -0.057445
v -0.903138 1.467862 -0.080992
v -0.812124 1.727834 -0.083192
v -0.992218 0.777842 0.070793
v -1.068431 0.777831 0.069953
v -1.079399 0.759306 0.084908
v -0.981580 0.759320 0.085985
v -1.069121 0.777212 -0.091684
v -1.079761 0.758311 -0.106402
v -1.128671 0.843019 -0.108012
v -1.107229 0.843210 -0.092937
v -0.989750 0.779267 0.070803
v -0.979112 0.760746 0.085994
v -0.930351 0.845466 0.085420
v -0.951642 0.845275 0.070386
v -1.066653 0.775787 -0.091638
v -0.990441 0.775798 -0.090800
v -0.979551 0.757031 -0.105242
v -1.077293 0.756886 -0.106357
v -0.981655 0.934315 0.083731
v -1.079323 0.934302 0.082655
v -1.068431 0.915537 0.068211
v -0.992218 0.915548 0.069051
v -0.874584 1.845688 0.040836
v -0.674294 1.850491 0.042980
v -0.659450 1.878601 0.019463
v -0.893674 1.872950 0.016958
v -0.928246 0.845897 -0.105802
v -0.949864 0.846082 -0.091241
v -0.987973 0.912078 -0.092497
v -0.977082 0.930472 -0.107410
v -0.928246 0.843047 -0.105766
v -0.977082 0.758457 -0.105233
v -0.987973 0.777223 -0.090791
v -0.949864 0.843232 -0.091205
v -1.069121 0.912067 -0.093390
v -1.107229 0.846060 -0.092973
v -1.128671 0.845869 -0.108048
v -1.079686 0.930457 -0.108539
v -0.930351 0.848316 0.085384
v -0.979187 0.932890 0.083776
v -0.989750 0.914123 0.069097
v -0.951642 0.848125 0.070350
v -1.077217 0.931882 -0.108530
v -0.979551 0.931897 -0.107455
v -0.990441 0.913503 -0.092542
v -1.066653 0.913492 -0.093381
v -1.070899 0.779256 0.069908
v -1.109008 0.845253 0.068653
v -1.130626 0.845438 0.083214
v -1.081868 0.760730 0.084863
v -0.902981 0.925458 -0.050193
v -0.635860 1.583636 -0.055711
v -0.611453 1.561367 -0.085522
v -0.864040 0.915316 -0.080286
v -0.092393 1.774585 -0.082621
v -0.064473 1.752888 -0.051474
v -0.454386 1.414842 -0.051606
v -0.477678 1.436032 -0.082534
v -0.716474 0.885194 0.061505
v -0.682556 0.880447 0.031494
v -0.457019 1.413450 0.027296
v -0.480932 1.435364 0.057101
v -0.151033 1.928959 -0.054663
v -0.136746 1.896623 -0.084591
v -0.609625 1.563672 -0.085555
v -0.634057 1.585968 -0.055699
v 0.212085 1.912791 0.019914
v 0.009307 1.804406 0.018951
v 0.009986 1.803623 -0.042909
v 0.212767 1.912006 -0.042150
v 0.447039 1.863948 -0.038955
v 0.597231 1.949671 -0.038387
v 0.596549 1.950456 0.023665
v 0.446357 1.864734 0.023094
v -0.911019 0.637632 0.047684
v -1.149065 0.637598 0.045064
v -1.147854 0.636206 -0.064989
v -0.909809 0.636239 -0.062371
v -0.076522 2.062172 0.064764
v -0.188225 1.940464 0.065074
v -0.013589 2.046906 0.065651
v -0.193704 1.938937 0.065033
v -0.085333 2.057019 0.064732
v -0.178883 2.000003 0.064424
v 0.121193 1.825741 0.069932
v -0.053446 1.719304 0.069356
v 0.105918 1.762808 0.070560
v 0.097299 1.757337 0.070535
v -0.057315 1.715134 0.069366
v 0.003750 1.700319 0.070226
v -0.055533 1.713086 -0.092505
v 0.099080 1.755290 -0.091336
v 0.005532 1.698272 -0.091645
v 0.107698 1.760760 -0.091310
v -0.051664 1.717256 -0.092516
v 0.122975 1.823694 -0.091940
v -0.064223 1.952366 0.016263
v 0.105600 2.058969 0.016967
v 0.106285 2.058182 -0.045245
v -0.063542 1.951583 -0.045584
v -0.011806 2.044858 -0.096222
v -0.186443 1.938417 -0.096797
v -0.074740 2.060125 -0.097108
v -0.083552 2.054972 -0.097139
v -0.191922 1.936889 -0.096838
v -0.177100 1.997956 -0.097446
v -1.066766 0.778471 -0.090738
v -1.104976 0.844647 -0.091995
v -1.066766 0.910832 -0.092412
v -0.990348 0.910843 -0.091571
v -0.952137 0.844668 -0.090312
v -0.990348 0.778482 -0.089897
v -1.068524 0.780491 0.068982
v -0.992105 0.780502 0.069825
v -0.953895 0.846688 0.069407
v -0.992105 0.912864 0.068150
v -1.068524 0.912853 0.067308
v -1.106735 0.846667 0.067724
v -0.070792 1.677532 0.052074
v -0.069397 1.675930 -0.074568
v -0.004687 1.660236 -0.073657
v -0.006082 1.661838 0.052985
v -0.789592 0.846346 -0.066401
v -0.821828 0.845867 -0.104226
v -0.923917 1.022673 -0.107588
v -0.908006 1.051422 -0.070300
v -0.790865 0.847807 0.049046
v -0.909276 1.052883 0.045146
v -0.926013 1.025081 0.082792
v -0.823925 0.848276 0.086152
v -0.928395 1.026456 0.082748
v -0.911658 1.054258 0.045102
v -1.148484 1.054225 0.042497
v -1.132573 1.026429 0.080499
v -0.923917 0.666283 -0.103079
v -0.821828 0.843117 -0.104191
v -0.789592 0.843595 -0.066366
v -0.908008 0.638485 -0.065076
v -0.999147 1.001049 -0.075348
v -1.098861 0.999063 -0.076265
v -0.920556 1.362420 -0.078952
v -0.841810 1.300598 -0.077367
v -0.790865 0.845056 0.049081
v -0.823925 0.845525 0.086186
v -0.926013 0.668692 0.087301
v -0.909277 0.639946 0.050371
v -1.130476 0.664879 -0.105336
v -0.926300 0.664907 -0.103088
v -0.910390 0.637109 -0.065085
v -1.147214 0.637076 -0.067690
v -1.134955 1.025053 0.080491
v -1.150866 1.052849 0.042488
v -1.269279 0.847740 0.043778
v -1.237043 0.848218 0.081604
v -1.134955 0.668662 0.085000
v -1.237043 0.845468 0.081639
v -1.269279 0.844989 0.043813
v -1.150866 0.639912 0.047712
v -0.911659 0.638570 0.050363
v -0.928395 0.667316 0.087292
v -1.132573 0.667287 0.085043
v -1.148484 0.638537 0.047755
v -1.147214 1.052764 -0.072949
v -0.910388 1.052797 -0.070343
v -0.926299 1.024048 -0.107631
v -1.130476 1.024019 -0.109879
v -1.132858 0.666254 -0.105379
v -1.149596 0.638451 -0.067734
v -1.268010 0.843528 -0.071634
v -1.234948 0.843059 -0.108741
v -0.084252 1.700763 -0.077306
v -0.229116 1.938472 -0.081907
v -0.195596 1.930372 -0.095997
v -0.070492 1.678906 0.054135
v -0.005774 1.663210 0.055046
v 0.002218 1.697716 0.069667
v -0.062173 1.713338 0.068761
v -0.071320 1.680208 -0.077107
v -0.181337 1.907098 -0.095584
v -0.063000 1.712919 -0.091825
v -0.230233 1.941735 -0.081774
v -0.214524 2.006454 -0.082422
v -0.180119 1.997785 -0.096903
v -0.195748 1.933393 -0.096261
v -0.211000 2.008586 -0.083036
v -0.088439 2.055278 -0.096436
v -0.178508 2.000383 -0.096732
v -0.202330 2.014754 -0.082578
v -0.068728 2.096178 -0.082137
v -0.076469 2.062724 -0.096324
v 0.132528 1.744094 -0.075468
v -0.001071 1.662668 -0.075909
v 0.006987 1.695756 -0.090762
v -0.181889 1.999818 0.063819
v -0.215964 2.008109 0.048370
v -0.231672 1.943390 0.049015
v -0.197517 1.935426 0.064461
v 0.141208 1.750251 -0.075890
v 0.018958 1.703199 -0.090799
v 0.109027 1.758097 -0.090502
v -0.065470 2.097296 -0.081929
v -0.000753 2.081599 -0.081019
v -0.009075 2.047170 -0.095646
v -0.073463 2.062790 -0.096553
v 0.001523 2.078633 -0.081345
v 0.111857 1.851377 -0.091653
v -0.006482 2.045560 -0.095411
v 0.014451 2.058081 -0.080740
v 0.159313 1.820374 -0.076139
v 0.126115 1.828105 -0.091163
v 0.131084 1.745754 0.055694
v 0.005224 1.697783 0.069439
v -0.002516 1.664328 0.055254
v -0.029053 1.941990 0.051573
v 0.018825 1.845564 0.053318
v 0.186831 1.931979 0.054072
v 0.130424 2.041244 0.052177
v 0.017194 1.705228 0.069551
v 0.139754 1.751922 0.056151
v 0.107263 1.760125 0.069849
v -0.066911 2.098950 0.048861
v -0.075232 2.064823 0.064170
v -0.010845 2.049203 0.065078
v -0.002193 2.083253 0.049770
v -0.183101 1.909126 0.064767
v -0.072768 1.681872 0.054461
v -0.064766 1.714948 0.068526
v -0.085697 1.702424 0.053856
v -0.197361 1.932400 0.064277
v -0.230559 1.940132 0.049255
v 0.013008 2.059739 0.050421
v 0.124351 1.830132 0.069113
v 0.157867 1.822034 0.055025
v -0.060403 1.711304 -0.091962
v 0.003987 1.695683 -0.091055
v -0.004333 1.661555 -0.075744
v -0.069052 1.677251 -0.076656
v 0.110092 1.853405 0.068700
v 0.000075 2.080297 0.050222
v -0.008248 2.047588 0.064941
v 0.126272 1.825078 -0.091347
v 0.160426 1.817117 -0.075899
v 0.144718 1.752399 -0.075253
v 0.110642 1.760690 -0.090703
v -0.090204 2.057307 0.063915
v -0.212454 2.010257 0.049007
v -0.180274 2.002411 0.063618
v -0.203774 2.016413 0.048585
v -0.078232 2.064750 0.063878
v -0.070173 2.097837 0.049025
v -0.481383 1.435404 -0.083604
v -0.717556 0.883868 -0.079221
v -0.861378 0.914709 -0.081165
v -0.609459 1.559388 -0.086535
v 0.345984 2.357631 0.018406
v 0.349257 2.331018 0.049665
v 0.536143 2.292324 0.052207
v 0.552441 2.314858 0.021222
v -0.095471 1.778530 0.058058
v -0.137354 1.895859 0.056064
v -0.609250 1.563643 0.055083
v -0.481109 1.439597 0.058111
v -0.673639 1.846208 -0.084067
v -0.691774 1.734978 -0.082944
v -0.811438 1.732165 -0.084233
v -0.871571 1.841461 -0.086187
v 0.548550 2.216261 -0.077147
v 0.276722 2.273481 -0.080860
v 0.349427 2.326902 -0.080579
v 0.199595 2.250831 -0.081260
v 0.332572 2.318473 -0.080658
v 0.272397 2.274065 -0.080916
v 0.555731 2.215729 -0.077061
v 0.358752 2.325189 -0.080455
v 0.537290 2.288222 -0.078016
v 0.269696 2.270009 -0.080894
v 0.136216 2.050814 -0.079537
v 0.182388 2.241960 -0.081337
v 0.542510 2.280263 -0.077858
v 0.614074 2.165804 -0.075621
v 0.559417 2.213540 -0.076993
v 0.134181 2.041655 -0.079443
v 0.269335 2.263617 -0.080817
v 0.189789 1.933950 -0.077361
v -0.455257 1.415839 0.027256
v -0.065339 1.753882 0.027154
v -0.093933 1.776353 0.057121
v -0.479215 1.437798 0.057117
v -0.875423 1.842429 -0.085260
v -1.004769 1.428200 -0.081494
v -1.038476 1.419846 -0.058383
v -0.894991 1.870224 -0.062557
v 0.564616 1.963904 -0.073612
v 0.449962 1.898477 -0.074049
v 0.494716 1.947112 -0.074334
v -0.862934 0.916501 0.060490
v -0.719115 0.885661 0.062494
v -0.482944 1.437197 0.058121
v -0.611019 1.561180 0.055095
v 0.619261 2.157148 -0.075455
v 0.573659 1.969280 -0.073580
v 0.495970 1.950522 -0.074363
v 0.558950 2.209934 -0.076952
v 0.612628 2.167466 0.055781
v 0.541064 2.281926 0.053545
v 0.557966 2.215207 0.054742
v 0.357305 2.326852 0.050959
v 0.554280 2.217396 0.054673
v 0.535844 2.289885 0.053387
v 0.448515 1.900139 0.057358
v 0.563169 1.965567 0.057791
v 0.493266 1.948780 0.057397
v 0.441456 1.893834 -0.074084
v 0.260998 1.933543 -0.076579
v 0.276099 1.995815 -0.077201
v 0.491024 1.947570 -0.074380
v 0.275271 2.275148 0.050868
v 0.547099 2.217927 0.054588
v 0.347980 2.328564 0.050835
v 0.331125 2.320135 0.050756
v 0.198148 2.252494 0.050142
v 0.270946 2.275732 0.050813
v 0.134768 2.052479 0.052082
v 0.268246 2.271675 0.050834
v 0.180941 2.243622 0.050065
v 0.267884 2.265283 0.050911
v 0.132732 2.043320 0.052176
v 0.188343 1.935612 0.054043
v 0.188276 1.930317 -0.077332
v 0.020272 1.843901 -0.078089
v -0.027607 1.940328 -0.079837
v 0.131873 2.039579 -0.079442
v 0.291439 2.240753 0.019550
v 0.271946 2.271518 0.049725
v 0.190066 1.932216 0.052952
v 0.212904 1.915641 0.022540
v -0.819548 1.720182 0.044075
v -1.001619 1.431636 0.045627
v -0.907665 1.468694 0.046290
v -1.000453 1.439128 0.045545
v -0.815465 1.732316 0.043967
v -0.875101 1.840710 0.041848
v -1.268010 0.846279 -0.071669
v -1.149596 1.051388 -0.072957
v -1.132858 1.022643 -0.109888
v -1.234948 0.845810 -0.108776
v -0.690291 1.735699 0.045296
v -0.509563 1.574215 0.049235
v -0.672449 1.845075 0.044023
v -0.505754 1.566752 0.049371
v -0.686147 1.727933 0.045440
v -0.576481 1.531606 0.049035
v -0.812849 1.733786 0.043977
v -0.693185 1.736600 0.045253
v -0.675046 1.847828 0.043959
v -0.872980 1.843081 0.041841
v -0.814053 1.730695 -0.084243
v -0.999043 1.437510 -0.082476
v -0.873691 1.839090 -0.086181
v -0.508152 1.572596 -0.078775
v -0.688880 1.734077 -0.082901
v -0.671042 1.843456 -0.084004
v -0.684736 1.726311 -0.082757
v -0.504344 1.565132 -0.078639
v -0.575074 1.529987 -0.078969
v -1.000209 1.430017 -0.082394
v -0.818136 1.718561 -0.084135
v -0.906253 1.467071 -0.081928
v -1.002266 1.428155 0.045664
v -0.692353 1.197278 0.051986
v -0.650114 1.292445 0.051262
v -0.906663 1.465865 0.046337
v -0.905250 1.464242 -0.081881
v -0.648704 1.290825 -0.076768
v -0.690946 1.195659 -0.076014
v -1.000857 1.426536 -0.082358
v -1.000519 1.002628 0.049461
v -0.843184 1.302176 0.047365
v -0.921928 1.363996 0.045654
v -1.100233 1.000638 0.048234
v 0.494519 1.952190 0.057368
v 0.572211 1.970942 0.057822
v 0.617814 2.158810 0.055948
v 0.557499 2.211601 0.054782
v 0.188314 1.929980 0.052943
v 0.019370 1.843002 0.052247
v 0.009902 1.805908 0.021555
v 0.211142 1.913404 0.022564
v -0.868284 1.475114 0.022535
v -0.903470 1.466875 0.045375
v -0.648253 1.294358 0.050274
v -0.613938 1.303280 0.027134
v -0.656972 1.877208 0.019524
v -0.671802 1.849131 0.043005
v -0.502451 1.567601 0.048479
v -0.461053 1.557154 0.025530
v 0.225992 1.914092 -0.042069
v 0.225309 1.914877 0.020071
v 0.253363 2.030521 0.018917
v 0.254048 2.029734 -0.043222
v -0.611368 1.302509 -0.049630
v -0.866205 1.474672 -0.054991
v -0.867033 1.475621 0.020058
v -0.612188 1.303449 0.024667
v -1.070899 0.914112 0.068202
v -1.081792 0.932877 0.082646
v -1.130626 0.848288 0.083178
v -1.109008 0.848103 0.068617
v -0.694128 1.733907 0.044323
v -0.811311 1.731153 0.043073
v -0.792914 1.703140 0.020438
v -0.708749 1.705068 0.021294
v -0.789747 0.845098 0.046395
v -0.908769 0.638931 0.047693
v -0.907559 0.637538 -0.062362
v -0.788534 0.843706 -0.063659
v -0.893813 1.873110 -0.060101
v -0.894633 1.874053 0.014479
v -0.658695 1.879745 0.017002
v -0.657873 1.878801 -0.057572
v -0.215654 2.010643 0.046267
v -0.069296 2.099843 0.046749
v -0.067901 2.098241 -0.079893
v -0.214260 2.009041 -0.080377
v 0.572952 1.968295 0.056711
v 0.442019 1.893579 0.056217
v 0.446225 1.865814 0.025731
v 0.595636 1.951090 0.026300
v -0.824393 1.287452 0.023195
v -0.841178 1.300606 0.046279
v -0.997795 1.002568 0.048308
v -0.976691 1.002357 0.025212
v -0.867401 1.474102 -0.057481
v -0.613063 1.302277 -0.052130
v -0.646864 1.292763 -0.075788
v -0.902080 1.465278 -0.080875
v 0.108052 2.060721 0.019624
v 0.130546 2.045447 0.050972
v 0.178494 2.243906 0.048882
v 0.156673 2.261047 0.017547
v 0.539910 2.289056 -0.076845
v 0.555530 2.312371 -0.046088
v 0.648292 2.164007 -0.043190
v 0.621123 2.159165 -0.074307
v 0.276000 1.998379 -0.076091
v 0.256857 2.029623 -0.045834
v 0.472163 1.981525 -0.043085
v 0.491487 1.950010 -0.073262
v -0.904531 1.469461 0.045404
v -0.869145 1.477752 0.022413
v -0.795161 1.701501 0.020482
v -0.813513 1.729430 0.043030
v 0.001785 2.081338 -0.078913
v 0.000390 2.082940 0.047728
v 0.159926 1.821153 0.052798
v 0.161322 1.819551 -0.073846
v -0.192689 1.931097 -0.096773
v -0.008434 2.043401 -0.096166
v 0.123225 1.827359 -0.091984
v -0.061031 1.715060 -0.092591
v 0.444115 1.864527 -0.041644
v 0.228588 1.912922 -0.044687
v 0.259751 1.931323 -0.075401
v 0.440589 1.891512 -0.072916
v -0.692738 1.732309 -0.081967
v -0.707869 1.704059 -0.058544
v -0.792034 1.702129 -0.059495
v -0.809920 1.729555 -0.083229
v -0.823569 1.286805 0.020584
v -0.975646 1.002273 0.022539
v -0.974870 1.001382 -0.047884
v -0.822795 1.285915 -0.049781
v 0.553804 2.314885 -0.043486
v 0.346524 2.357829 -0.046309
v 0.345842 2.358614 0.015739
v 0.553120 2.315670 0.018566
v 0.274090 2.272870 0.049731
v 0.293583 2.242105 0.019557
v 0.522761 2.193885 0.022711
v 0.553720 2.214007 0.053558
v 0.226506 1.915891 0.022724
v 0.257006 1.935079 0.053661
v 0.272428 1.998675 0.053028
v 0.253974 2.029122 0.021594
v 0.255865 2.030865 -0.043217
v 0.255181 2.031652 0.018923
v 0.471005 1.983443 0.022138
v 0.471694 1.982651 -0.040460
v -0.681065 1.145896 -0.048385
v -0.681881 1.146835 0.025848
v -1.039982 1.417975 0.018642
v -1.039159 1.417032 -0.055924
v 0.598888 1.951872 -0.038397
v 0.649761 2.161432 -0.040488
v 0.649077 2.162217 0.021563
v 0.598206 1.952657 0.023656
v -0.656095 1.876202 -0.059990
v -0.460184 1.556153 -0.053584
v -0.501061 1.566005 -0.077695
v -0.670416 1.847536 -0.083075
v 0.474314 1.982862 -0.043087
v 0.524843 2.190908 -0.045176
v 0.556479 2.210253 -0.075831
v 0.493626 1.951365 -0.073247
v 0.523508 2.193025 -0.045218
v 0.294333 2.241247 -0.048328
v 0.275515 2.271233 -0.079693
v 0.555145 2.212370 -0.075872
v 0.473567 1.983721 0.024815
v 0.492201 1.953003 0.056180
v 0.555054 2.211891 0.053599
v 0.524095 2.191768 0.022752
v 0.556068 2.313309 -0.043441
v 0.555384 2.314095 0.018611
v 0.648635 2.164946 0.021524
v 0.649319 2.164161 -0.040527
v 0.522603 2.192261 -0.042565
v 0.521914 2.193054 0.020059
v 0.294066 2.240995 0.016923
v 0.294757 2.240203 -0.045658
v -0.866977 1.476937 -0.055028
v -0.793450 1.699556 -0.057024
v -0.794276 1.700505 0.018002
v -0.867804 1.477887 0.020021
v 0.144648 1.753706 0.053482
v 0.146042 1.752103 -0.073160
v 0.161749 1.816813 -0.073806
v 0.160353 1.818414 0.052837
v -0.708376 1.702921 -0.056081
v -0.709201 1.703868 0.018850
v -0.792307 1.701965 0.018005
v -0.791480 1.701016 -0.057021
v -0.231175 1.939353 -0.079680
v -0.071635 1.677564 -0.074613
v -0.073030 1.679166 0.052029
v -0.232568 1.940956 0.046961
v -0.909807 1.053736 -0.067652
v -1.147854 1.053702 -0.070271
v -1.149065 1.055095 0.039783
v -0.911018 1.055128 0.042401
v 0.227102 1.912308 -0.042034
v 0.444272 1.863531 -0.038980
v 0.443590 1.864317 0.023068
v 0.226419 1.913093 0.020106
vn 0.9917 -0.1279 0.0104
vn -0.3343 -0.9424 -0.0072
vn 0.5968 0.1442 0.7893
vn -0.9070 -0.2211 0.3585
vn 0.8302 0.5573 0.0112
vn -0.7296 0.6838 -0.0055
vn 0.6141 0.1501 -0.7748
vn -0.8989 -0.2183 -0.3800
vn -0.9538 -0.2320 0.1910
vn 0.2593 0.0620 0.9638
vn -0.1555 -0.8103 -0.5650
vn 0.8334 -0.3629 0.4169
vn 0.1057 0.0268 -0.9940
vn 0.9637 0.2341 0.1286
vn -0.5151 0.6479 -0.5611
vn 0.5703 0.7066 0.4190
vn 0.1066 0.8249 -0.5551
vn 0.9041 0.0795 0.4198
vn -0.8327 0.5181 0.1955
vn 0.2246 -0.1506 0.9628
vn -0.6918 -0.4471 -0.5671
vn 0.3184 -0.8545 0.4105
vn 0.0938 -0.0480 -0.9944
vn 0.8409 -0.5267 0.1248
vn -0.5613 -0.3223 0.7622
vn 0.7293 0.4227 0.5380
vn -0.0461 -0.9989 -0.0043
vn 0.9998 0.0159 0.0111
vn -0.5444 -0.3165 -0.7768
vn 0.7409 0.4267 -0.5187
vn -0.8883 0.4592 -0.0080
vn 0.5131 0.8583 0.0089
vn -0.5914 -0.8063 -0.0096
vn -0.7092 0.7050 -0.0052
vn 0.1159 -0.5188 0.8470
vn -0.2129 0.8527 0.4770
vn 0.8955 -0.4450 0.0082
vn 0.3066 0.9518 0.0070
vn 0.1346 -0.5123 -0.8482
vn -0.2024 0.8563 -0.4752
vn -0.3011 -0.8466 0.4390
vn 0.6385 -0.4498 -0.6245
vn -0.9073 -0.3844 -0.1703
vn 0.1667 0.0698 -0.9835
vn -0.8502 0.2919 0.4382
vn 0.0638 0.7951 -0.6031
vn 0.2055 0.0890 0.9746
vn 0.8956 0.3835 -0.2253
vn -0.2009 0.9561 0.2133
vn 0.0455 -0.2739 0.9607
vn -0.8004 0.1931 -0.5675
vn -0.3955 -0.8258 0.4020
vn 0.0310 -0.0929 -0.9952
vn 0.2005 -0.9730 0.1141
vn 0.6567 0.5341 -0.5324
vn 0.7013 -0.5737 0.4232
vn 0.1828 -0.8005 -0.5708
vn 0.1058 -0.5241 0.8451
vn 0.7821 0.1906 -0.5933
vn 0.5258 0.1267 0.8411
vn -0.1616 0.7556 -0.6348
vn -0.1423 0.5851 0.7984
vn -0.5168 -0.4882 -0.7033
vn -0.4836 -0.4335 0.7604
vn -0.5273 0.6438 0.5544
vn 0.5793 0.7096 -0.4011
vn 0.0840 0.0193 0.9963
vn 0.9662 0.2349 -0.1060
vn -0.1678 -0.8145 0.5553
vn 0.8424 -0.3598 -0.4012
vn -0.9494 -0.2305 -0.2135
vn 0.2800 0.0691 -0.9575
vn 0.3339 0.4609 -0.8222
vn -0.4787 -0.6809 -0.5542
vn 0.9964 0.0841 0.0113
vn -0.0027 -1.0000 -0.0038
vn 0.3157 0.4547 0.8328
vn -0.4907 -0.6850 0.5385
vn -0.1293 0.9916 0.0023
vn -0.9784 -0.2062 -0.0115
vn 0.6539 -0.7566 0.0043
vn -0.8181 -0.5750 -0.0112
vn 0.6678 0.1615 0.7266
vn -0.8794 -0.2140 0.4253
vn 0.2396 0.9709 0.0063
vn -0.9896 0.1435 -0.0104
vn 0.6836 0.1669 -0.7105
vn -0.8698 -0.2107 -0.4461
vn -0.9915 0.1299 -0.0105
vn 0.3308 0.9437 0.0072
vn -0.6067 -0.1483 0.7810
vn 0.8580 0.2060 0.4706
vn 0.8579 0.2060 0.4706
vn -0.3744 -0.9272 -0.0076
vn 0.9498 -0.3129 0.0093
vn -0.5893 -0.1423 -0.7953
vn 0.8681 0.2094 -0.4500
vn 0.8063 -0.5915 0.0066
vn -0.7049 -0.7092 -0.0104
vn 0.5062 0.1221 0.8537
vn -0.8597 -0.2094 0.4659
vn 0.4449 0.8955 0.0083
vn -0.9518 0.3066 -0.0093
vn 0.5249 0.1285 -0.8414
vn -0.8492 -0.2058 -0.4863
vn -0.6010 -0.1469 0.7857
vn 0.8083 0.1958 0.5553
vn -0.3783 -0.9256 -0.0077
vn 0.9479 -0.3185 0.0092
vn -0.5836 -0.1410 -0.7997
vn 0.8203 0.2000 -0.5358
vn -0.7635 0.6458 -0.0060
vn 0.6930 0.7209 0.0103
vn 0.8557 0.5173 0.0114
vn 0.4174 -0.9087 0.0012
vn 0.0056 0.6058 0.7956
vn -0.0262 -0.8796 0.4749
vn -0.8093 0.5873 -0.0067
vn -0.4990 -0.8666 -0.0088
vn 0.0231 0.6119 -0.7906
vn -0.0157 -0.8760 -0.4820
vn 0.8691 -0.4887 -0.0759
vn -0.1185 0.0787 -0.9898
vn -0.0740 -0.5594 0.8256
vn -0.9544 -0.0972 -0.2821
vn -0.2424 0.1257 0.9620
vn -0.8366 0.4692 -0.2828
vn 0.8737 0.0723 0.4810
vn 0.2236 0.6844 -0.6940
vn 0.0311 -0.1889 0.9815
vn 0.2162 -0.9468 -0.2385
vn -0.5662 0.7278 0.3870
vn -0.6493 -0.2845 -0.7053
vn -0.2183 0.9758 0.0090
vn 0.0624 -0.2341 -0.9702
vn 0.6629 0.2748 0.6964
vn 0.5699 -0.7282 -0.3806
vn -0.1145 -0.9934 -0.0050
vn -0.9871 0.1598 -0.0103
vn 0.3576 -0.4871 0.7968
vn -0.5176 0.6724 0.5291
vn 0.9963 0.0849 0.0113
vn -0.1949 0.9808 0.0016
vn 0.3751 -0.4811 -0.7924
vn -0.5059 0.6764 -0.5353
vn -0.8063 0.5915 -0.0067
vn 0.7049 0.7092 0.0104
vn -0.5248 -0.1285 0.8415
vn 0.8492 0.2058 0.4863
vn -0.4449 -0.8955 -0.0083
vn 0.9518 -0.3066 0.0093
vn -0.5062 -0.1221 -0.8537
vn 0.8597 0.2094 -0.4660
vn -0.0073 -0.6790 0.7341
vn 0.0063 -0.6744 -0.7383
vn -0.6801 -0.3917 0.6197
vn -0.5277 -0.3088 -0.7913
vn -0.0065 -0.7933 0.6088
vn 0.0090 -0.5992 -0.8006
vn 0.6665 -0.3914 0.6345
vn 0.5452 -0.3086 -0.7794
vn -0.0086 -0.6791 0.7340
vn 0.0103 -0.6744 -0.7383
vn -0.7333 0.4176 0.5366
vn -0.4325 0.2583 -0.8638
vn -0.0062 0.8376 0.5462
vn 0.0093 0.5136 -0.8580
vn 0.7210 0.4180 0.5527
vn 0.4513 0.2585 -0.8541
vn 0.3111 -0.6454 0.6976
vn 0.3109 -0.6449 0.6982
vn 0.3108 -0.6456 0.6976
vn -0.5280 -0.6710 -0.5206
vn -0.5272 -0.6715 -0.5207
vn -0.5277 -0.6715 -0.5203
vn -0.2521 -0.0792 0.9644
vn -0.2518 -0.0789 0.9646
vn -0.2522 -0.0786 0.9645
vn -0.9132 -0.2848 -0.2913
vn -0.9131 -0.2853 -0.2913
vn -0.1190 0.6816 0.7220
vn -0.8560 0.2136 -0.4707
vn 0.9521 0.3036 0.0373
vn 0.9522 0.3032 0.0374
vn -0.1305 -0.0413 -0.9906
vn -0.1301 -0.0415 -0.9906
vn -0.1303 -0.0417 -0.9906
vn 0.6957 0.0020 -0.7184
vn 0.6954 0.0016 -0.7186
vn 0.6955 0.0023 -0.7186
vn 0.0780 -0.9772 0.1976
vn 0.0780 -0.9773 0.1972
vn 0.5123 0.8197 0.2562
vn 0.5127 0.8195 0.2562
vn -0.1612 -0.2417 0.9569
vn -0.1611 -0.2421 0.9568
vn -0.1608 -0.2416 0.9570
vn -0.0692 0.9123 -0.4037
vn -0.0686 0.9121 -0.4041
vn -0.0691 0.9122 -0.4038
vn -0.8257 0.0752 0.5591
vn -0.8262 0.0747 0.5585
vn -0.8259 0.0744 0.5589
vn -0.0577 -0.1078 -0.9925
vn -0.0578 -0.1079 -0.9925
vn -0.0578 -0.1070 -0.9926
vn -0.5242 -0.8415 0.1306
vn -0.5236 -0.8419 0.1308
vn -0.5237 -0.8417 0.1315
vn -0.9097 0.1794 0.3745
vn -0.0181 0.7211 -0.6926
vn 0.1559 0.0365 0.9871
vn 0.9539 0.2302 -0.1927
vn -0.1693 -0.8217 0.5442
vn 0.8385 -0.3586 -0.4103
vn -0.9675 -0.2345 -0.0942
vn 0.2461 0.0616 -0.9673
vn -0.1142 0.5955 -0.7952
vn 0.1758 -0.8152 -0.5519
vn 0.6507 0.7592 0.0100
vn 0.7178 -0.6962 0.0053
vn -0.1317 0.5896 0.7969
vn 0.1637 -0.8193 0.5496
vn -0.9117 0.4108 -0.0085
vn -0.3518 -0.9360 -0.0074
vn 0.0518 0.0903 -0.9946
vn 0.0174 0.0663 -0.9976
vn 0.0424 0.0939 -0.9947
vn -0.5602 0.8091 0.1773
vn -0.5529 0.8157 0.1701
vn -0.5562 0.8077 0.1957
vn -0.2726 -0.3654 -0.8901
vn -0.2808 -0.3701 -0.8855
vn -0.2544 -0.3748 -0.8915
vn -0.9157 0.3170 0.2471
vn -0.9052 0.3474 0.2449
vn -0.9109 0.3376 0.2371
vn 0.5840 -0.8088 0.0687
vn 0.6113 -0.7873 0.0801
vn 0.5925 -0.8015 0.0805
vn -0.0846 0.1299 0.9879
vn -0.1175 0.1434 0.9827
vn -0.0843 0.1199 0.9892
vn 0.5319 -0.8297 -0.1692
vn 0.5583 -0.8128 -0.1662
vn 0.5262 -0.8365 -0.1531
vn -0.0613 -0.0167 0.9980
vn -0.0446 -0.0509 0.9977
vn -0.0392 -0.0342 0.9986
vn 0.6187 0.3375 -0.7095
vn 0.6126 0.3061 -0.7287
vn 0.6061 0.3514 -0.7135
vn -0.1149 0.8881 0.4450
vn -0.0736 0.8779 0.4732
vn -0.0758 0.8949 0.4398
vn -0.1058 0.1805 -0.9779
vn -0.1454 0.1669 -0.9752
vn -0.1451 0.2043 -0.9681
vn -0.5907 0.7652 0.2562
vn -0.5890 0.7636 0.2646
vn -0.5988 0.7641 0.2397
vn 0.5586 -0.8176 0.1397
vn 0.5577 -0.8114 0.1747
vn 0.5171 -0.8399 0.1650
vn -0.0471 -0.0566 -0.9973
vn -0.0187 -0.0458 -0.9988
vn -0.0262 -0.0536 -0.9982
vn -0.1739 0.1817 0.9678
vn -0.1668 0.1594 0.9730
vn -0.1633 0.2000 0.9661
vn -0.5624 0.7941 -0.2304
vn -0.5832 0.7655 -0.2718
vn -0.5979 0.7668 -0.2335
vn 0.6063 0.3328 0.7222
vn 0.5965 0.3007 0.7442
vn 0.6051 0.3340 0.7227
vn -0.1093 0.8919 -0.4388
vn -0.0633 0.8813 -0.4683
vn -0.0779 0.8759 -0.4761
vn 0.6158 -0.7849 -0.0692
vn 0.6130 -0.7867 -0.0724
vn 0.6033 -0.7939 -0.0762
vn -0.0905 0.1098 -0.9898
vn -0.0958 0.1507 -0.9839
vn -0.0631 0.1347 -0.9889
vn -0.2920 -0.3722 0.8810
vn -0.3012 -0.3751 0.8767
vn -0.2654 -0.3972 0.8785
vn -0.9100 0.3191 -0.2649
vn -0.8996 0.3505 -0.2606
vn -0.8907 0.3468 -0.2938
vn -0.0058 0.0664 0.9978
vn -0.0067 0.0587 0.9983
vn 0.0241 0.0441 0.9987
vn -0.5247 0.8325 -0.1778
vn -0.5503 0.8165 -0.1747
vn -0.5381 0.8255 -0.1701
vn -0.0555 -0.0916 0.9943
vn -0.4487 -0.8849 -0.1250
vn -0.4942 0.6822 0.5388
vn -0.8267 -0.3652 -0.4281
vn 0.4455 0.8729 -0.1992
vn -0.1148 -0.2430 -0.9632
vn 0.8164 -0.0444 0.5758
vn 0.1517 -0.9002 -0.4081
vn 0.8617 0.4183 0.2872
vn -0.2588 -0.1239 0.9580
vn 0.1515 0.8225 -0.5481
vn -0.8509 0.3371 0.4029
vn -0.0628 -0.0326 -0.9975
vn -0.8954 -0.4396 0.0710
vn 0.6917 -0.3880 -0.6091
vn -0.3428 -0.8942 0.2878
vn -0.1443 -0.9895 -0.0053
vn -0.9317 0.3632 -0.0089
vn 0.1203 -0.6137 0.7803
vn -0.1956 0.9074 0.3719
vn 0.5451 -0.8383 0.0029
vn 0.7085 0.7057 0.0105
vn 0.1374 -0.6077 -0.7822
vn -0.1874 0.9101 -0.3695
vn -0.8547 0.3048 0.4202
vn 0.1332 0.8313 -0.5396
vn 0.1356 0.0732 0.9881
vn 0.8746 0.4596 -0.1543
vn -0.3562 -0.8862 0.2961
vn -0.3562 -0.8863 0.2961
vn 0.7019 -0.3617 -0.6136
vn -0.8503 -0.4552 -0.2642
vn 0.2335 0.1226 -0.9646
vn 0.8288 -0.0401 -0.5581
vn 0.1428 -0.9033 0.4046
vn 0.4409 0.8713 0.2154
vn -0.1360 -0.2502 0.9586
vn -0.4824 0.6863 -0.5444
vn -0.8359 -0.3683 0.4071
vn -0.0337 -0.0841 -0.9959
vn -0.4512 -0.8858 0.1084
vn 0.3817 0.6169 -0.6883
vn 0.3394 0.5679 0.7499
vn -0.6715 0.4153 -0.6137
vn -0.5261 0.3121 0.7911
vn -0.3664 -0.6116 -0.7012
vn -0.3557 -0.5736 0.7379
vn 0.6848 -0.4107 -0.6019
vn 0.5086 -0.3181 0.8001
vn 0.1503 -0.6303 -0.7616
vn 0.1503 -0.6304 -0.7616
vn -0.1861 0.8495 -0.4936
vn -0.6499 -0.7600 -0.0100
vn -0.7181 0.6960 -0.0053
vn 0.1335 -0.6359 0.7601
vn -0.1970 0.8458 0.4958
vn 0.9680 -0.2509 0.0097
vn 0.1527 0.9883 0.0054
vn 0.0365 0.0877 0.9955
vn 0.0363 0.0885 0.9954
vn 0.0355 0.0886 0.9954
vn 0.4549 0.8842 -0.1057
vn 0.4556 0.8839 -0.1059
vn 0.3420 -0.5469 0.7641
vn 0.3418 -0.5473 0.7640
vn 0.8826 0.4200 -0.2112
vn 0.8824 0.4202 -0.2115
vn 0.8824 0.4205 -0.2112
vn -0.4542 -0.8555 -0.2486
vn -0.4539 -0.8558 -0.2481
vn -0.4547 -0.8554 -0.2482
vn 0.1430 0.2525 -0.9570
vn 0.1428 0.2534 -0.9568
vn 0.1434 0.2531 -0.9568
vn -0.8253 0.0484 0.5627
vn -0.8255 0.0487 0.5622
vn -0.8252 0.0477 0.5629
vn -0.1234 0.9149 -0.3843
vn -0.1223 0.9151 -0.3841
vn -0.1229 0.9146 -0.3853
vn -0.0166 -0.2557 0.9666
vn -0.0197 -0.9599 -0.2798
vn -0.7206 0.1835 0.6686
vn -0.5253 -0.6827 -0.5079
vn 0.0235 0.9997 0.0070
vn 0.0074 -0.1414 -0.9899
vn 0.6987 0.0920 0.7094
vn 0.6987 0.0920 0.7095
vn 0.4636 -0.7381 -0.4902
vn -0.2948 -0.5394 0.7888
vn 0.3802 0.7204 0.5801
vn 0.2744 -0.9616 -0.0006
vn 0.9506 0.3102 0.0116
vn -0.2773 -0.5334 -0.7991
vn 0.3929 0.7247 -0.5662
vn -0.9915 -0.1297 -0.0114
vn -0.0642 0.9979 0.0031
vn 0.2767 -0.6669 0.6919
vn -0.7234 -0.5709 -0.3883
vn -0.1221 -0.0308 0.9920
vn -0.9535 -0.2312 -0.1933
vn -0.0536 0.7165 0.6955
vn -0.9060 0.1816 -0.3824
vn 0.9717 0.2361 -0.0053
vn -0.2794 -0.0668 -0.9579
vn 0.8841 0.0758 -0.4611
vn 0.2082 0.6791 0.7039
vn -0.2212 0.1330 -0.9661
vn -0.8426 0.4671 0.2678
vn -0.0558 -0.5531 -0.8312
vn -0.9604 -0.0992 0.2602
vn -0.9604 -0.0993 0.2602
vn 0.8673 -0.4894 0.0915
vn -0.1402 0.0713 0.9876
vn -0.1402 0.0712 0.9876
vn -0.0693 0.9976 0.0030
vn 0.9999 0.0057 0.0110
vn -0.5256 0.3200 0.7883
vn 0.7046 -0.4461 0.5519
vn -0.9278 -0.3729 -0.0116
vn 0.4310 -0.9023 0.0013
vn -0.5081 0.3259 -0.7973
vn 0.7166 -0.4419 -0.5396
vn 0.5613 0.3223 -0.7622
vn -0.7293 -0.4227 -0.5380
vn 0.8883 -0.4593 0.0080
vn -0.5130 -0.8583 -0.0089
vn 0.5444 0.3165 0.7768
vn -0.7409 -0.4267 0.5186
vn 0.0461 0.9989 0.0043
vn -0.9998 -0.0157 -0.0111
vn -0.1392 0.9903 0.0022
vn 0.9999 -0.0121 0.0110
vn -0.4669 0.2755 0.8403
vn 0.7481 -0.4606 0.4777
vn -0.9436 -0.3308 -0.0116
vn 0.4695 -0.8829 0.0019
vn -0.4484 0.2819 -0.8482
vn 0.7585 -0.4570 -0.4645
vn 0.2158 -0.9698 0.1132
vn 0.2161 -0.9698 0.1128
vn -0.0737 0.2775 0.9579
vn -0.0738 0.2780 0.9577
vn -0.0742 0.2779 0.9577
vn 0.7241 0.0394 -0.6886
vn 0.7243 0.0391 -0.6884
vn 0.7237 0.0391 -0.6891
vn 0.1835 0.9100 0.3718
vn 0.1829 0.9099 0.3724
vn 0.1835 0.9097 0.3726
vn -0.0114 0.1055 -0.9944
vn -0.0111 0.1051 -0.9944
vn -0.0118 0.1052 -0.9944
vn -0.2151 0.9652 0.1488
vn -0.2154 0.9652 0.1485
vn -0.6447 -0.5237 -0.5569
vn -0.7099 0.5705 0.4130
vn -0.0798 -0.1149 0.9902
vn -0.5208 -0.8406 -0.1489
vn -0.0777 0.9092 0.4090
vn -0.8134 0.0792 -0.5763
vn 0.5177 0.8216 -0.2386
vn -0.1401 -0.2344 -0.9620
vn 0.6796 -0.0035 0.7336
vn 0.0824 -0.9756 -0.2035
vn 0.0373 0.0810 0.9960
vn 0.4932 0.8632 -0.1074
vn 0.4606 -0.6918 0.5561
vn 0.8485 0.3462 -0.4002
vn -0.4823 -0.8491 -0.2155
vn 0.1479 0.2444 -0.9583
vn -0.8316 0.0669 0.5514
vn -0.1115 0.9067 -0.4068
vn 0.9525 0.2312 0.1984
vn -0.2662 -0.0663 0.9616
vn 0.1540 0.8123 -0.5625
vn -0.8483 0.3489 0.3983
vn -0.1250 -0.0289 -0.9917
vn -0.9613 -0.2323 0.1478
vn 0.8325 -0.3643 -0.4174
vn -0.1997 -0.8111 0.5497
vn 0.6095 -0.4765 0.6337
vn 0.6095 -0.4764 0.6337
vn -0.2113 -0.8151 -0.5395
vn -0.2209 -0.0858 0.9715
vn -0.9044 -0.3539 -0.2383
vn 0.0370 0.7908 0.6110
vn -0.8359 0.2992 -0.4601
vn 0.9189 0.3732 -0.1282
vn -0.1344 -0.0552 -0.9894
vn -0.6500 0.2253 0.7257
vn -0.6291 0.2306 -0.7423
vn 0.4744 0.6810 0.5578
vn 0.3238 0.4503 -0.8321
vn 0.4668 -0.4925 0.7346
vn 0.4821 -0.4874 -0.7280
vn -0.5429 -0.6130 0.5740
vn -0.3745 -0.4336 -0.8196
vn 0.6782 -0.3926 0.6213
vn -0.3363 -0.8920 -0.3021
vn -0.0847 -0.0401 0.9956
vn -0.8936 -0.4390 -0.0941
vn 0.1393 0.8184 0.5575
vn -0.8418 0.3403 -0.4190
vn -0.8418 0.3403 -0.4191
vn 0.8678 0.4204 -0.2649
vn -0.2376 -0.1167 -0.9643
vn -0.3002 0.7246 -0.6203
vn -0.3006 0.7243 -0.6205
vn -0.8822 -0.0718 0.4653
vn -0.8824 -0.0720 0.4649
vn -0.8821 -0.0723 0.4654
vn -0.1064 -0.1624 -0.9810
vn -0.1064 -0.1629 -0.9809
vn -0.1068 -0.1628 -0.9809
vn -0.5652 -0.8009 0.1979
vn -0.5655 -0.8007 0.1976
vn 0.8237 -0.1142 -0.5554
vn 0.1306 -0.8539 0.5038
vn 0.5697 0.8049 0.1662
vn -0.1118 -0.1462 0.9829
vn 0.7678 -0.6406 0.0060
vn -0.7212 -0.6927 -0.0106
vn 0.5838 0.1860 0.7903
vn -0.8475 -0.2705 0.4567
vn 0.2521 0.9677 0.0064
vn -0.9900 0.1406 -0.0104
vn 0.6011 0.1919 -0.7758
vn -0.8372 -0.2670 -0.4773
vn -0.6668 0.3907 -0.6346
vn -0.5468 0.3057 0.7795
vn -0.5771 -0.3361 -0.7443
vn -0.5954 -0.3398 0.7280
vn 0.7332 -0.4176 -0.5366
vn 0.4325 -0.2583 0.8638
vn 0.7330 0.4221 -0.5335
vn 0.4324 0.2520 0.8658
vn -0.5773 0.3413 -0.7418
vn -0.5956 0.3340 0.7305
vn -0.6666 -0.3863 -0.6375
vn -0.5466 -0.3119 0.7771
vn -0.9447 -0.3124 -0.1000
vn 0.0368 0.0122 0.9992
vn -0.5059 -0.6786 -0.5325
vn 0.2985 -0.6468 0.7018
vn 0.3458 0.1213 -0.9304
vn 0.8760 0.3071 0.3718
vn 0.8761 0.3071 0.3718
vn -0.8661 0.1917 -0.4617
vn -0.1324 0.6803 0.7208
vn 0.6918 -0.3930 -0.6057
vn 0.5128 -0.3040 0.8029
vn 0.0075 -0.7754 -0.6315
vn -0.0068 -0.6234 0.7819
vn 0.5942 -0.3347 -0.7314
vn 0.5775 -0.3429 0.7409
vn 0.0057 0.8417 -0.5399
vn -0.0096 0.5071 0.8618
vn -0.7213 0.4217 -0.5495
vn -0.4515 0.2518 0.8560
vn -0.7211 -0.4180 -0.5526
vn -0.4513 -0.2585 0.8541
vn 0.0062 -0.8376 -0.5462
vn -0.0093 -0.5136 0.8580
vn 0.5940 0.3405 -0.7289
vn 0.5773 0.3377 0.7434
vn 0.0071 0.7800 -0.6257
vn -0.0072 0.6175 0.7866
vn 0.6916 0.3980 -0.6027
vn 0.5126 0.2982 0.8052
vn -0.6803 0.3866 0.6227
vn -0.5279 0.3145 -0.7889
vn -0.0076 0.6736 0.7391
vn 0.0060 0.6800 -0.7332
vn 0.0059 0.6800 -0.7332
vn 0.7213 -0.4217 0.5494
vn 0.4515 -0.2518 -0.8560
vn -0.0057 -0.8417 0.5399
vn 0.0096 -0.5071 -0.8619
vn -0.7330 -0.4221 0.5334
vn -0.4324 -0.2520 -0.8657
vn -0.0090 0.6735 0.7391
vn 0.0099 0.6800 -0.7331
vn 0.6662 0.3870 0.6375
vn 0.5450 0.3147 -0.7771
vn -0.0070 0.7887 0.6147
vn 0.0086 0.6052 -0.7960
vn 0.0099 0.3269 -0.9450
vn -0.0056 0.9416 0.3367
vn -0.5201 -0.6931 -0.4991
vn -0.7330 0.1175 0.6700
vn 0.0033 -0.9591 -0.2829
vn -0.0105 -0.2642 0.9644
vn 0.5265 -0.6931 -0.4924
vn 0.7108 0.1237 0.6925
vn 0.2694 -0.1655 0.9487
vn 0.8194 -0.4714 -0.3261
vn -0.8699 -0.1100 0.4808
vn -0.2511 -0.6860 -0.6830
vn -0.8347 0.4788 0.2720
vn -0.2150 0.1338 -0.9674
vn -0.3472 0.7967 0.4947
vn 0.4758 0.5617 -0.6768
vn -0.0033 0.9591 0.2830
vn 0.0105 0.2641 -0.9644
vn 0.5201 0.6932 0.4991
vn 0.7330 -0.1175 -0.6700
vn -0.0104 -0.3038 0.9527
vn 0.0037 -0.9488 -0.3158
vn -0.5313 0.6929 0.4876
vn -0.7180 -0.1178 -0.6860
vn 0.3359 0.7968 0.5022
vn -0.4611 0.5614 -0.6872
vn 0.8283 0.4792 0.2903
vn 0.2361 0.1339 -0.9624
vn 0.8592 -0.1095 0.4998
vn 0.2663 -0.6858 -0.6773
vn -0.2902 -0.1656 0.9425
vn -0.2902 -0.1657 0.9425
vn -0.8118 -0.4718 -0.3440
vn -0.8283 -0.4792 -0.2904
vn -0.2361 -0.1339 0.9624
vn -0.3332 -0.8010 -0.4974
vn 0.4596 -0.5706 0.6806
vn 0.2906 0.1650 -0.9425
vn 0.2906 0.1649 -0.9425
vn 0.8135 0.4689 0.3440
vn -0.8569 0.1053 -0.5046
vn -0.2576 0.6826 0.6839
vn -0.7057 0.1887 -0.6829
vn -0.5363 -0.6865 0.4910
vn 0.0047 -0.2483 -0.9687
vn -0.0258 -0.9620 0.2720
vn 0.7142 0.0974 -0.6932
vn 0.4528 -0.7418 0.4947
vn 0.0236 0.9997 0.0006
vn -0.0143 -0.1488 0.9888
vn -0.0106 0.2966 0.9549
vn 0.0032 0.9512 -0.3086
vn 0.5204 -0.6967 0.4938
vn 0.7329 0.1228 -0.6691
vn -0.0028 -0.9612 0.2757
vn 0.0107 -0.2568 -0.9664
vn -0.5309 -0.6968 0.4823
vn -0.7181 0.1226 -0.6851
vn -0.7181 0.1225 -0.6851
vn 0.3445 -0.8008 -0.4900
vn -0.4742 -0.5709 0.6702
vn 0.8347 -0.4788 -0.2721
vn 0.2149 -0.1338 0.9674
vn 0.8700 0.1098 -0.4807
vn 0.2510 0.6860 0.6829
vn -0.2495 0.1536 -0.9561
vn -0.8262 0.4736 0.3050
vn 0.0028 0.9612 -0.2757
vn -0.0107 0.2568 0.9664
vn -0.5205 0.6965 -0.4939
vn -0.7329 -0.1229 0.6691
vn 0.0101 -0.3198 -0.9474
vn -0.0050 -0.9441 0.3297
vn 0.5261 0.6971 -0.4871
vn 0.7108 -0.1286 0.6915
vn -0.8569 -0.1019 -0.5054
vn -0.2572 -0.6878 0.6788
vn 0.2907 -0.1577 -0.9437
vn 0.8138 -0.4710 0.3404
vn -0.3338 0.8045 -0.4914
vn 0.4592 0.5659 0.6848
vn -0.8286 0.4809 -0.2867
vn -0.2362 0.1265 0.9634
vn -0.2494 -0.1466 -0.9572
vn -0.8260 -0.4764 0.3014
vn 0.8700 -0.1057 -0.4816
vn 0.2515 -0.6909 0.6778
vn 0.8344 0.4813 -0.2684
vn 0.2149 0.1266 0.9684
vn 0.3441 0.8046 -0.4839
vn -0.4744 0.5656 0.6746
vn -0.2903 0.1584 0.9437
vn -0.8121 0.4739 -0.3404
vn 0.8592 0.1062 0.5006
vn 0.2660 0.6911 -0.6721
vn 0.8286 -0.4809 0.2867
vn 0.2362 -0.1265 -0.9634
vn 0.3363 -0.8004 0.4962
vn -0.4609 -0.5565 -0.6913
vn 0.2269 0.0963 -0.9691
vn 0.8904 0.3818 0.2477
vn -0.8403 0.2952 -0.4546
vn 0.0504 0.7905 0.6103
vn -0.9108 -0.3856 0.1474
vn 0.1450 0.0624 0.9875
vn -0.2912 -0.8432 -0.4519
vn 0.6247 -0.4545 0.6350
vn -0.7642 0.1294 -0.6318
vn -0.1452 0.8569 0.4945
vn -0.6490 -0.7479 0.1394
vn 0.0950 0.1182 0.9884
vn 0.0940 -0.8409 -0.5329
vn 0.8230 -0.1528 0.5470
vn 0.1744 0.1901 -0.9661
vn 0.6362 0.7268 0.2589
vn 0.9158 0.3721 0.1512
vn -0.1562 -0.0627 0.9857
vn 0.0503 0.7954 -0.6040
vn -0.8459 0.2959 0.4438
vn -0.1995 -0.0784 -0.9768
vn -0.1995 -0.0785 -0.9768
vn -0.9094 -0.3556 0.2157
vn -0.9094 -0.3557 0.2157
vn 0.6233 -0.4718 -0.6236
vn -0.2234 -0.8187 0.5289
vn -0.1278 -0.1702 0.9771
vn -0.5606 -0.7993 -0.2162
vn -0.3138 0.7197 0.6193
vn -0.3139 0.7200 0.6190
vn -0.8717 -0.0678 -0.4853
vn -0.8717 -0.0683 -0.4852
vn -0.8719 -0.0679 -0.4849
vn 0.5728 0.8062 -0.1479
vn 0.5732 0.8060 -0.1476
vn 0.5731 0.8060 -0.1481
vn -0.0902 -0.1388 -0.9862
vn -0.0907 -0.1388 -0.9862
vn 0.8112 -0.1183 0.5726
vn 0.1417 -0.8501 -0.5072
vn -0.5153 0.3065 0.8003
vn 0.7118 -0.4419 0.5460
vn -0.9774 -0.2111 -0.0116
vn 0.2591 -0.9658 -0.0008
vn -0.4977 0.3125 -0.8091
vn 0.7237 -0.4378 -0.5335
vn -0.0532 0.9986 0.0032
vn 0.9986 -0.0525 0.0108
vn -0.5615 0.3162 0.7646
vn 0.7296 -0.4263 0.5348
vn -0.8882 -0.4594 -0.0115
vn 0.5136 -0.8580 0.0024
vn -0.5446 0.3220 -0.7744
vn 0.7412 -0.4224 -0.5218
vn -0.0467 0.9989 0.0032
vn 0.9998 -0.0152 0.0109
vn 0.4669 -0.2755 -0.8403
vn -0.7482 0.4606 -0.4776
vn 0.1391 -0.9903 -0.0022
vn -0.9999 0.0121 -0.0110
vn 0.4483 -0.2819 0.8483
vn -0.7585 0.4570 0.4645
vn 0.9436 0.3308 0.0116
vn -0.4696 0.8829 -0.0018
vn 0.5549 0.5142 0.6539
vn 0.4714 0.4277 -0.7713
vn -0.3558 -0.5736 0.7378
vn -0.3664 -0.6117 -0.7011
vn -0.1919 0.7590 0.6222
vn -0.1363 0.5997 -0.7885
vn -0.4718 -0.4288 0.7704
vn -0.5552 -0.5136 -0.6542
vn 0.4063 0.6760 0.6148
vn 0.3238 0.5204 -0.7902
vn 0.7543 0.1826 0.6307
vn 0.6053 0.1480 -0.7821
vn 0.3394 0.5681 0.7497
vn 0.3817 0.6168 -0.6883
vn -0.2081 -0.7388 0.6410
vn -0.1564 -0.6033 -0.7821
vn -0.7679 -0.1873 0.6126
vn -0.5880 -0.1420 -0.7963
vn 0.1572 0.6043 0.7811
vn 0.2075 0.7388 -0.6412
vn 0.1782 -0.7635 0.6207
vn 0.1537 -0.5938 -0.7898
vn -0.4197 -0.6805 0.6007
vn -0.3063 -0.5143 -0.8010
vn 0.1743 0.6100 -0.7730
vn 0.1932 0.7339 0.6512
vn -0.4063 -0.6759 -0.6149
vn -0.3238 -0.5203 0.7902
vn 0.1918 -0.7588 -0.6224
vn 0.1363 -0.5998 0.7885
vn -0.1939 -0.7340 -0.6509
vn -0.1735 -0.6092 0.7738
vn 0.3558 0.5737 -0.7378
vn 0.3664 0.6117 0.7011
vn -0.7542 -0.1826 -0.6307
vn -0.6054 -0.1480 0.7821
vn -0.5124 -0.1692 -0.8419
vn 0.8780 0.2904 -0.3805
vn -0.9936 0.1125 -0.0105
vn 0.3327 0.9430 0.0072
vn -0.5307 -0.1755 0.8292
vn 0.8694 0.2875 0.4018
vn -0.7477 -0.6639 -0.0107
vn 0.8239 -0.5666 0.0069
vn -0.3394 -0.5680 -0.7497
vn -0.3817 -0.6168 0.6883
vn 0.5691 0.5191 -0.6377
vn 0.4542 0.4218 0.7847
vn -0.1781 0.7635 -0.6208
vn -0.1537 0.5937 0.7899
vn -0.4547 -0.4229 -0.7838
vn -0.5694 -0.5184 0.6380
vn 0.7679 0.1873 -0.6126
vn 0.5880 0.1420 0.7963
vn 0.4197 0.6805 -0.6007
vn 0.3063 0.5143 0.8010
vn 0.5074 0.2068 0.8365
vn -0.7848 -0.3185 0.5317
vn 0.3061 0.9520 0.0069
vn -0.9750 0.2221 -0.0099
vn 0.5257 0.2130 -0.8236
vn -0.7728 -0.3144 -0.5513
vn 0.9368 -0.3498 0.0090
vn -0.4295 -0.9030 -0.0081
vn -0.0089 -0.5734 0.8192
vn 0.0067 -0.8078 -0.5894
vn -0.5028 -0.2883 0.8149
vn -0.6949 -0.4030 -0.5956
vn -0.5030 0.2819 0.8170
vn -0.6951 0.4070 -0.5926
vn -0.0092 0.5672 0.8235
vn 0.0062 0.8122 -0.5834
vn 0.4847 0.2822 0.8279
vn 0.7078 0.4074 -0.5772
vn 0.4849 -0.2881 0.8258
vn 0.7080 -0.4026 -0.5802
vn 0.5185 0.2527 0.8169
vn -0.7354 -0.3558 0.5767
vn 0.3533 0.9355 0.0074
vn -0.9535 0.3011 -0.0094
vn 0.5363 0.2587 -0.8034
vn -0.7225 -0.3514 -0.5954
vn 0.9524 -0.3046 0.0093
vn -0.3499 -0.9368 -0.0074
vn 0.0089 0.5734 -0.8192
vn -0.0067 0.8078 0.5894
vn -0.4849 0.2881 -0.8257
vn -0.7080 0.4026 0.5802
vn -0.4847 -0.2822 -0.8279
vn -0.7078 -0.4074 0.5771
vn 0.0092 -0.5672 -0.8235
vn -0.0062 -0.8123 0.5833
vn 0.5030 -0.2819 -0.8170
vn 0.6951 -0.4070 0.5926
vn 0.5028 0.2884 -0.8149
vn 0.6949 0.4030 0.5956
vn -0.6560 0.5040 0.5619
vn -0.6562 0.5042 0.5615
vn -0.6565 0.5040 0.5612
vn 0.4300 0.8262 -0.3639
vn 0.4304 0.8261 -0.3637
vn 0.0385 0.0248 0.9990
vn 0.8630 0.4983 -0.0834
vn 0.1076 -0.8181 0.5649
vn 0.9315 -0.0412 -0.3613
vn -0.8477 -0.4902 -0.2026
vn 0.2864 0.1630 -0.9442
vn 0.2864 0.1635 -0.9441
vn 0.2867 0.1627 -0.9441
vn -0.7696 -0.3119 0.5571
vn -0.4970 0.7830 -0.3740
vn -0.0110 0.0533 0.9985
vn 0.0008 0.9958 -0.0911
vn 0.7573 -0.3115 0.5740
vn 0.5047 0.7833 -0.3629
vn 0.0024 -0.9808 -0.1952
vn 0.0103 0.3223 -0.9466
vn -0.1201 0.8139 0.5685
vn -0.9233 0.0440 -0.3815
vn 0.8518 0.4919 -0.1800
vn 0.8519 0.4917 -0.1802
vn -0.2654 -0.1562 -0.9514
vn -0.2656 -0.1559 -0.9514
vn -0.2652 -0.1560 -0.9515
vn 0.6440 -0.5084 0.5716
vn 0.6437 -0.5084 0.5720
vn 0.6438 -0.5087 0.5716
vn -0.4227 -0.8232 -0.3791
vn -0.4223 -0.8234 -0.3792
vn -0.0604 -0.0323 0.9977
vn -0.8609 -0.4976 -0.1062
vn -0.8480 0.4913 -0.1989
vn 0.2865 -0.1557 -0.9453
vn 0.1072 0.8139 0.5710
vn 0.9315 0.0446 -0.3611
vn 0.0385 -0.0323 0.9987
vn 0.8633 -0.4972 -0.0872
vn -0.6559 -0.5087 0.5577
vn 0.4309 -0.8232 -0.3698
vn -0.0024 0.9808 0.1950
vn -0.0104 -0.3224 0.9466
vn -0.7573 0.3115 -0.5739
vn -0.5047 -0.7833 0.3629
vn 0.0110 -0.0533 -0.9985
vn -0.0008 -0.9958 0.0911
vn 0.7696 0.3119 -0.5571
vn 0.4970 -0.7831 0.3739
vn 0.0604 0.0323 -0.9977
vn 0.8609 0.4976 0.1062
vn -0.6438 0.5084 -0.5719
vn 0.4222 0.8234 0.3791
vn -0.8519 -0.4917 0.1803
vn 0.2655 0.1559 0.9514
vn 0.1201 -0.8138 -0.5685
vn 0.9233 -0.0441 0.3814
vn -0.0384 -0.0248 -0.9990
vn -0.8630 -0.4983 0.0835
vn 0.6562 -0.5042 -0.5614
vn -0.4304 -0.8261 0.3636
vn 0.8477 0.4902 0.2026
vn -0.2864 -0.1630 0.9441
vn -0.1076 0.8181 -0.5649
vn -0.9315 0.0412 0.3614
vn -0.6435 -0.5045 -0.5757
vn 0.4227 -0.8260 0.3730
vn 0.0604 -0.0248 -0.9979
vn 0.8612 -0.4979 0.1024
vn 0.1196 0.8182 -0.5624
vn 0.9233 0.0418 0.3818
vn -0.8522 0.4898 0.1839
vn 0.2657 -0.1629 0.9502
vn -0.7698 0.3073 0.5595
vn -0.4965 -0.7805 -0.3799
vn 0.0018 0.9822 -0.1877
vn 0.0105 -0.3152 -0.9490
vn 0.7572 0.3077 0.5762
vn 0.5051 -0.7803 -0.3688
vn -0.0110 -0.0608 0.9981
vn 0.0013 -0.9951 -0.0986
vn -0.7334 -0.3842 0.5608
vn -0.4951 -0.2622 -0.8283
vn -0.4189 0.5189 0.7452
vn -0.4091 0.5340 -0.7399
vn 0.7726 0.3801 0.5086
vn 0.4564 0.2230 -0.8614
vn -0.0224 -0.6532 0.7568
vn -0.0225 -0.6532 0.7568
vn -0.0050 -0.6805 -0.7327
vn -0.1072 -0.8139 -0.5710
vn -0.9315 -0.0446 0.3611
vn 0.8480 -0.4912 0.1989
vn -0.2865 0.1557 0.9453
vn 0.6559 0.5086 -0.5577
vn -0.4309 0.8231 0.3698
vn -0.0385 0.0323 -0.9987
vn -0.8632 0.4972 0.0873
vn 0.0110 0.0609 -0.9981
vn -0.0013 0.9951 0.0986
vn -0.7572 -0.3077 -0.5762
vn -0.5051 0.7802 0.3689
vn -0.0018 -0.9822 0.1877
vn -0.0105 0.3151 0.9490
vn 0.7698 -0.3072 -0.5595
vn 0.4966 0.7804 0.3799
vn 0.8530 -0.5188 -0.0568
vn -0.0178 0.0003 0.9998
vn 0.2586 0.4777 -0.8396
vn -0.3948 0.7954 0.4599
vn -0.1545 0.0232 -0.9877
vn -0.8576 0.4306 0.2812
vn -0.7950 0.0693 0.6027
vn -0.4793 -0.4498 -0.7536
vn -0.2356 0.9630 0.1306
vn -0.0041 0.0658 -0.9978
vn 0.6608 0.4230 0.6200
vn 0.6492 -0.1756 -0.7401
vn 0.6492 -0.1755 -0.7401
vn 0.0956 -0.4373 0.8942
vn 0.2153 -0.8636 -0.4560
vn 0.8606 -0.4335 -0.2675
vn 0.8606 -0.4334 -0.2675
vn 0.1426 -0.0141 0.9897
vn -0.3099 0.1985 -0.9298
vn -0.7951 0.4803 0.3704
vn -0.2971 -0.4360 -0.8495
vn -0.8919 -0.0210 0.4517
vn 0.2327 -0.9640 0.1290
vn 0.0261 -0.0583 -0.9980
vn -0.6743 -0.4276 0.6021
vn -0.6327 0.1811 -0.7529
vn -0.1153 0.4306 0.8952
vn -0.2053 0.8670 -0.4541
vn 0.7816 -0.0739 0.6195
vn 0.4958 0.4553 -0.7395
vn 0.3759 0.8838 -0.2787
vn -0.0539 0.1863 0.9810
vn -0.0539 0.1864 0.9810
vn -0.1848 -0.3167 -0.9304
vn -0.4858 -0.7924 0.3690
vn 0.4485 -0.3024 -0.8411
vn 0.0141 -0.8885 0.4587
vn 0.5197 0.8525 -0.0556
vn -0.0151 -0.0105 0.9998
vn -0.4653 0.2525 -0.8484
vn -0.8021 -0.3915 0.4509
vn 0.0455 -0.1935 -0.9800
vn -0.3729 -0.8809 0.2916
vn -0.5183 -0.8521 -0.0732
vn -0.0069 0.0030 1.0000
vn 0.4839 -0.2461 -0.8398
vn 0.7920 0.3880 0.4713
vn -0.0239 0.2008 -0.9793
vn 0.3663 0.8786 0.3065
vn -0.4186 0.6700 -0.6131
vn 0.1701 0.6381 0.7509
vn -0.9620 -0.2336 -0.1414
vn -0.0730 -0.0188 0.9972
vn -0.0648 -0.7860 -0.6148
vn 0.4444 -0.4905 0.7496
vn 0.4443 -0.4905 0.7496
vn 0.4438 0.1088 -0.8895
vn 0.8602 0.2085 0.4653
vn -0.3696 -0.8816 -0.2936
vn 0.0323 -0.1937 0.9805
vn 0.2051 0.3236 -0.9237
vn 0.4775 0.7895 0.3855
vn -0.4299 0.3087 -0.8485
vn -0.0242 0.8849 0.4652
vn -0.0956 0.4374 -0.8942
vn -0.2153 0.8635 0.4561
vn -0.6608 -0.4230 -0.6200
vn -0.6492 0.1755 0.7401
vn 0.2355 -0.9630 -0.1311
vn 0.0041 -0.0658 0.9978
vn 0.7949 -0.0693 -0.6027
vn 0.4794 0.4497 0.7536
vn -0.8545 0.4355 -0.2831
vn -0.1643 0.0067 0.9864
vn 0.3304 -0.1915 -0.9242
vn 0.7868 -0.4831 0.3841
vn 0.3157 0.4424 -0.8394
vn 0.8818 0.0175 0.4713
vn -0.8516 0.5193 -0.0713
vn -0.0042 -0.0079 1.0000
vn -0.2400 -0.4713 -0.8487
vn 0.3847 -0.7989 0.4623
vn 0.1762 -0.0158 -0.9842
vn 0.8513 -0.4328 0.2967
vn -0.0455 0.1933 0.9801
vn 0.3729 0.8808 -0.2917
vn 0.4654 -0.2525 0.8483
vn 0.8022 0.3915 -0.4508
vn -0.5197 -0.8526 0.0552
vn 0.0151 0.0105 -0.9998
vn 0.0648 0.7861 0.6148
vn -0.4443 0.4904 -0.7497
vn 0.9620 0.2336 0.1414
vn 0.0730 0.0188 -0.9972
vn 0.4186 -0.6698 0.6133
vn -0.1701 -0.6382 -0.7509
vn -0.1700 -0.6382 -0.7509
vn -0.4438 -0.1088 0.8895
vn -0.8602 -0.2085 -0.4653
vn -0.3759 -0.8837 0.2788
vn 0.0539 -0.1863 -0.9810
vn -0.4485 0.3024 0.8411
vn -0.0141 0.8885 -0.4587
vn 0.1848 0.3167 0.9304
vn 0.4858 0.7924 -0.3690
vn 0.9648 0.2346 -0.1185
vn 0.0510 0.0113 0.9986
vn 0.0782 0.7906 -0.6073
vn -0.4608 0.4849 0.7433
vn -0.4241 -0.1021 -0.8999
vn -0.8702 -0.2120 0.4447
vn 0.4320 -0.6652 -0.6090
vn -0.1865 -0.6438 0.7421
vn 0.8545 -0.4355 0.2830
vn 0.1642 -0.0067 -0.9864
vn -0.3156 -0.4424 0.8394
vn -0.8818 -0.0175 -0.4714
vn -0.3304 0.1915 0.9242
vn -0.7868 0.4831 -0.3842
vn -0.1761 0.0157 0.9842
vn -0.1761 0.0158 0.9842
vn -0.8513 0.4328 -0.2967
vn 0.2400 0.4714 0.8486
vn -0.3848 0.7989 -0.4622
vn 0.8516 -0.5193 0.0713
vn 0.0042 0.0079 -1.0000
vn 0.1544 -0.0232 0.9877
vn 0.8576 -0.4306 -0.2811
vn -0.2586 -0.4777 0.8396
vn 0.3948 -0.7954 -0.4599
vn -0.8530 0.5188 0.0567
vn 0.0177 -0.0003 -0.9998
vn 0.5884 -0.2986 0.7514
vn 0.5925 -0.2873 -0.7526
vn -0.3949 -0.7596 0.5168
vn -0.2256 -0.4540 -0.8620
vn -0.6166 0.3092 0.7240
vn -0.5805 0.3091 -0.7533
vn 0.4330 0.7026 0.5647
vn 0.2982 0.4700 -0.8307
vn -0.8606 0.4334 0.2675
vn -0.1425 0.0141 -0.9897
vn 0.2971 0.4361 0.8495
vn 0.8919 0.0210 -0.4517
vn 0.3099 -0.1984 0.9298
vn 0.7951 -0.4803 -0.3704
vn 0.3696 0.8815 0.2939
vn -0.0323 0.1936 -0.9805
vn 0.4299 -0.3087 0.8484
vn 0.4299 -0.3087 0.8485
vn 0.4300 -0.3087 0.8484
vn 0.0242 -0.8850 -0.4650
vn -0.2051 -0.3236 0.9237
vn -0.4775 -0.7896 -0.3854
vn -0.2327 0.9639 -0.1293
vn -0.0261 0.0583 0.9980
vn -0.7815 0.0738 -0.6195
vn -0.4959 -0.4554 0.7394
vn 0.1153 -0.4305 -0.8952
vn 0.2052 -0.8669 0.4543
vn 0.6743 0.4276 -0.6021
vn 0.6327 -0.1812 0.7529
vn 0.0240 -0.2007 0.9794
vn -0.3663 -0.8786 -0.3063
vn -0.4839 0.2461 0.8398
vn -0.7921 -0.3880 -0.4712
vn 0.5183 0.8521 0.0729
vn 0.0069 -0.0030 -1.0000
vn -0.7390 -0.3173 -0.5943
vn -0.5454 -0.2329 0.8051
vn 0.1511 -0.6648 -0.7316
vn 0.1357 -0.6706 0.7293
vn 0.7792 0.3045 -0.5478
vn 0.5072 0.1988 0.8386
vn -0.4664 0.4923 -0.7349
vn -0.4826 0.4871 0.7279
vn -0.5301 -0.6086 -0.5905
vn -0.3924 -0.4397 0.8079
vn 0.4829 -0.4870 -0.7278
vn 0.4660 -0.4929 0.7347
vn 0.4866 0.6853 -0.5419
vn 0.3053 0.4440 0.8424
vn -0.6339 0.2308 -0.7382
vn -0.6453 0.2250 0.7300
vn 0.6448 0.5301 0.5507
vn 0.7105 -0.5705 -0.4120
vn 0.0091 -0.1005 0.9949
vn 0.2031 -0.9721 -0.1170
vn -0.8128 0.1889 0.5511
vn -0.3864 -0.8228 -0.4169
vn -0.1962 0.9577 -0.2104
vn 0.0667 -0.2665 -0.9615
vn -0.0249 -0.7640 0.6447
vn -0.0063 -0.6406 -0.7679
vn -0.6986 -0.1143 0.7064
vn -0.6611 -0.1082 -0.7425
vn 0.0124 0.8042 0.5943
vn 0.0225 0.5740 -0.8186
vn 0.6029 -0.3379 0.7227
vn 0.6061 -0.3273 -0.7249
vn 0.1616 -0.7290 -0.6651
vn 0.1275 -0.6466 0.7521
vn 0.4330 0.5894 -0.6820
vn 0.3712 0.5060 0.7786
vn -0.3428 0.6359 -0.6915
vn -0.3185 0.5507 0.7716
vn 0.3888 0.7557 -0.5270
vn 0.2250 0.4581 0.8599
vn -0.3596 -0.5024 -0.7863
vn -0.4200 -0.5604 0.7139
vn -0.1849 -0.5931 -0.7837
vn -0.1848 -0.5930 -0.7837
vn -0.1848 -0.5931 -0.7837
vn -0.2177 -0.6624 0.7168
vn 0.3183 -0.5560 -0.7678
vn 0.3436 -0.6331 0.6936
vn -0.1661 0.8310 -0.5309
vn -0.1145 0.5033 0.8565
vn -0.6868 0.1839 -0.7031
vn -0.6301 0.1493 0.7620
vn -0.5614 -0.3432 -0.7530
vn -0.6220 -0.3779 0.6858
vn -0.6221 -0.3779 0.6858
vn 0.8046 0.1959 -0.5606
vn 0.8046 0.1958 -0.5606
vn 0.5271 0.1256 0.8405
vn 0.2321 0.6887 -0.6869
vn 0.1808 0.6028 0.7772
vn -0.7104 0.4496 -0.5414
vn -0.4484 0.2711 0.8517
vn 0.4297 -0.4746 -0.7682
vn 0.4547 -0.5332 0.7134
vn 0.6260 -0.1566 -0.7640
vn 0.6260 -0.1565 -0.7640
vn 0.6741 -0.1744 0.7178
vn 0.6243 0.3771 -0.6842
vn 0.5573 0.3430 0.7561
vn -0.7633 -0.1844 -0.6191
vn -0.5770 -0.1393 0.8048
vn 0.5976 -0.3000 -0.7436
vn 0.5976 -0.3157 0.7370
vn -0.6458 -0.7468 -0.1592
vn 0.1167 0.1255 -0.9852
vn -0.7780 0.1247 0.6158
vn -0.7780 0.1242 0.6158
vn -0.1344 0.8606 -0.4912
vn -0.1347 0.8604 -0.4915
vn -0.1348 0.8607 -0.4909
vn 0.1532 0.1828 0.9711
vn 0.1535 0.1825 0.9711
vn 0.1535 0.1831 0.9710
vn 0.6417 0.7286 -0.2393
vn 0.6418 0.7284 -0.2397
vn 0.0824 -0.8450 0.5285
vn 0.8349 -0.1488 -0.5299
vn -0.1803 -0.6998 0.6912
vn -0.1367 -0.6223 -0.7707
vn -0.8267 -0.2015 0.5254
vn -0.4935 -0.1190 -0.8615
vn -0.4851 0.5358 0.6911
vn -0.4101 0.4888 -0.7700
vn 0.7187 0.1739 0.6733
vn 0.6482 0.1584 -0.7449
vn -0.4130 -0.7326 -0.5410
vn -0.2654 -0.4523 0.8514
vn 0.4747 0.4368 -0.7641
vn 0.5091 0.4720 0.7198
vn 0.5091 0.4719 0.7198
vn 0.1600 0.6214 -0.7670
vn 0.1599 0.6214 -0.7670
vn 0.1550 0.6799 0.7167
vn 0.7689 0.1861 0.6117
vn 0.5442 0.1330 -0.8284
vn 0.1703 -0.8049 0.5684
vn 0.1245 -0.5178 -0.8464
vn -0.5322 -0.4934 0.6880
vn -0.4668 -0.4278 -0.7740
vn -0.1756 0.7508 0.6368
vn -0.1248 0.5911 -0.7969
vn -0.2305 -0.0716 -0.9704
vn -0.9193 -0.2874 0.2690
vn 0.3261 -0.6401 -0.6956
vn -0.5389 -0.6751 0.5038
vn 0.9526 0.3038 -0.0142
vn -0.1523 -0.0488 0.9871
vn -0.1031 0.6870 -0.7193
vn -0.1031 0.6869 -0.7193
vn -0.8662 0.2101 0.4534
vn -0.7225 0.4457 0.5286
vn -0.4296 0.2775 -0.8593
vn 0.6090 -0.1624 0.7764
vn 0.6897 -0.1691 -0.7041
vn 0.4129 -0.4805 0.7737
vn 0.4705 -0.5279 -0.7071
vn 0.4705 -0.5280 -0.7071
vn 0.3014 -0.5619 0.7704
vn 0.3588 -0.6279 -0.6906
vn -0.7021 0.1787 0.6893
vn -0.6132 0.1551 -0.7746
vn -0.1778 0.8268 0.5337
vn -0.0957 0.5097 -0.8550
vn -0.4247 -0.7367 0.5262
vn -0.2467 -0.4461 -0.8603
vn 0.1430 0.6155 0.7751
vn 0.1706 0.6852 -0.7081
vn 0.4578 0.4311 0.7775
vn 0.5248 0.4773 -0.7049
vn -0.4825 0.4868 0.7281
vn -0.4666 0.4927 -0.7346
vn 0.7670 0.3003 0.5671
vn 0.5255 0.2050 -0.8257
vn 0.1350 -0.6703 0.7297
vn 0.1517 -0.6651 -0.7312
vn -0.7519 -0.3217 0.5755
vn -0.5275 -0.2268 -0.8187
vn 0.1470 -0.7340 0.6630
vn 0.1440 -0.6407 -0.7541
vn -0.3580 0.6307 0.6885
vn -0.3014 0.5564 -0.7744
vn 0.4179 0.5842 0.6958
vn 0.3882 0.5119 -0.7663
vn 0.3772 0.7518 0.5409
vn 0.2441 0.4651 -0.8509
vn -0.2020 -0.5990 0.7748
vn -0.2018 -0.6569 -0.7265
vn -0.3769 -0.5084 0.7743
vn -0.3769 -0.5083 0.7743
vn -0.4042 -0.5550 -0.7271
vn -0.5777 -0.3488 0.7380
vn -0.6068 -0.3727 -0.7021
vn 0.2167 0.6832 0.6974
vn 0.2167 0.6831 0.6974
vn 0.1978 0.6086 -0.7684
vn 0.7921 0.1916 0.5796
vn 0.5455 0.1318 -0.8277
vn 0.6089 0.3718 0.7007
vn 0.5737 0.3486 -0.7412
vn 0.5811 -0.3057 0.7542
vn 0.5811 -0.3056 0.7542
vn 0.6137 -0.3102 -0.7260
vn -0.7768 -0.1890 0.6007
vn -0.5592 -0.1332 -0.8183
vn -0.3833 -0.7556 -0.5311
vn -0.2444 -0.4604 0.8534
vn 0.6049 -0.2930 -0.7404
vn 0.5758 -0.2930 0.7633
vn 0.4453 0.7069 -0.5495
vn 0.2799 0.4639 0.8405
vn -0.6004 0.3146 -0.7352
vn -0.6005 0.3146 -0.7352
vn -0.5969 0.3035 0.7427
vn -0.4364 0.6564 -0.6154
vn -0.3463 0.4973 0.7955
vn -0.6056 -0.2690 -0.7489
vn -0.6295 -0.2794 0.7250
vn 0.4981 -0.6578 -0.5649
vn 0.3233 -0.4489 0.8330
vn 0.2611 0.6440 -0.7191
vn 0.2439 0.6397 0.7289
vn 0.5861 0.3715 0.7200
vn 0.5764 0.3626 -0.7323
vn -0.2604 -0.6440 0.7193
vn -0.2458 -0.6389 -0.7290
vn -0.7194 -0.2522 0.6471
vn -0.6068 -0.2129 -0.7658
vn -0.5786 -0.3624 0.7307
vn -0.5837 -0.3712 -0.7222
vn -0.6059 0.3259 0.7257
vn -0.6028 0.3379 -0.7228
vn 0.7596 0.2371 0.6056
vn 0.5556 0.1739 -0.8131
vn -0.6829 -0.1089 -0.7224
vn -0.6773 -0.1138 0.7269
vn -0.0106 -0.7591 -0.6509
vn -0.0231 -0.6463 0.7628
vn 0.6187 -0.3325 -0.7118
vn 0.5900 -0.3328 0.7356
vn 0.0254 0.8086 -0.5878
vn 0.0045 0.5678 0.8232
vn 0.4280 -0.4892 0.7599
vn 0.4841 -0.5315 -0.6951
vn 0.4842 -0.5315 -0.6951
vn -0.7128 0.4224 0.5599
vn -0.4686 0.2904 -0.8343
vn 0.6603 0.1057 0.7435
vn 0.6971 0.1154 -0.7076
vn -0.4887 0.5332 0.6906
vn -0.4244 0.4892 -0.7619
vn 0.6914 -0.3927 0.6064
vn 0.5233 -0.2830 -0.8038
vn -0.3069 -0.6054 0.7344
vn -0.2933 -0.6036 -0.7414
vn -0.0604 0.0248 0.9979
vn -0.8612 0.4979 -0.1025
vn 0.6434 0.5042 0.5761
vn 0.6435 0.5045 0.5757
vn -0.4224 0.8259 -0.3734
vn -0.4227 0.8260 -0.3730
vn -0.4223 0.8261 -0.3731
vn 0.8522 -0.4898 -0.1839
vn 0.8523 -0.4895 -0.1843
vn 0.8525 -0.4892 -0.1839
vn -0.2661 0.1627 -0.9501
vn -0.2656 0.1629 -0.9502
vn -0.1196 -0.8182 0.5624
vn -0.9233 -0.0418 -0.3818
vn -0.5623 -0.3568 -0.7460
vn -0.5994 -0.3765 0.7063
vn -0.5994 -0.3766 0.7063
vn 0.7727 0.2416 -0.5869
vn 0.5379 0.1678 0.8262
vn -0.5898 0.3314 -0.7364
vn -0.6185 0.3325 0.7119
vn 0.4447 -0.4835 -0.7540
vn 0.4688 -0.5367 0.7016
vn 0.4688 -0.5367 0.7015
vn 0.6766 0.1113 -0.7279
vn 0.6813 0.1100 0.7237
vn -0.7004 0.4266 -0.5722
vn -0.4868 0.2841 0.8260
vn -0.4734 0.5384 -0.6972
vn -0.4411 0.4835 0.7561
vn -0.2905 -0.5997 -0.7456
vn -0.3095 -0.6092 0.7302
vn 0.7046 -0.3883 -0.5939
vn 0.5055 -0.2891 0.8130
vn 0.6018 0.3768 -0.7041
vn 0.5601 0.3571 0.7475
vn 0.5602 0.3571 0.7475
vn -0.7050 -0.2473 -0.6647
vn -0.6235 -0.2186 0.7507
vn -0.2445 -0.6385 -0.7297
vn -0.2617 -0.6443 0.7186
vn 0.1775 0.0439 -0.9831
vn 0.9494 0.2286 0.2154
vn -0.9013 0.1823 -0.3930
vn -0.0334 0.7159 0.6974
vn -0.9694 -0.2351 0.0711
vn 0.2247 0.0543 0.9729
vn -0.1572 -0.8175 -0.5541
vn 0.8292 -0.3618 0.4261
vn -0.0057 -0.6476 -0.7620
vn -0.0211 -0.6861 0.7272
vn 0.7836 0.3838 -0.4885
vn 0.4374 0.2164 0.8729
vn -0.4024 0.5245 -0.7503
vn -0.4253 0.5284 0.7348
vn -0.7209 -0.3799 -0.5797
vn -0.5132 -0.2684 0.8152
vn 0.4856 -0.6621 0.5708
vn 0.3416 -0.4426 -0.8291
vn -0.6219 -0.2746 0.7333
vn -0.6133 -0.2739 -0.7408
vn -0.4500 0.6518 0.6105
vn -0.3288 0.5033 -0.7991
vn 0.2452 0.6386 0.7295
vn 0.2599 0.6453 -0.7184
vn -0.8129 0.0523 -0.5801
vn -0.1315 0.9119 0.3887
vn -0.4596 -0.8574 0.2317
vn 0.1218 0.2457 0.9617
vn 0.3585 -0.5416 -0.7604
vn 0.8775 0.4185 0.2341
vn 0.0582 0.0960 -0.9937
vn 0.4531 0.8830 0.1226
vn -0.8148 -0.1974 -0.5451
vn -0.5124 -0.1255 0.8495
vn -0.1650 -0.6947 -0.7001
vn -0.1536 -0.6282 0.7628
vn 0.7333 0.1789 -0.6559
vn 0.6316 0.1527 0.7601
vn -0.4696 0.5409 -0.6978
vn -0.4270 0.4832 0.7643
vn -0.4270 0.4831 0.7643
vn -0.8503 0.5189 0.0883
vn 0.1291 -0.0886 0.9877
vn -0.3885 -0.3311 -0.8599
vn 0.3787 -0.8763 0.2977
vn 0.2200 -0.1220 -0.9678
vn 0.8261 -0.4993 0.2612
vn 0.2391 0.6868 -0.6864
vn 0.8719 0.0563 0.4865
vn -0.0837 0.8902 0.4479
vn 0.5844 0.3277 -0.7424
vn 0.1472 -0.2368 0.9603
vn 0.5386 -0.7911 -0.2902
vn 0.5386 -0.7910 -0.2902
vn -0.5867 -0.1179 0.8012
vn -0.5868 -0.1179 0.8011
vn -0.0488 -0.9498 -0.3091
vn -0.5595 0.8273 -0.0508
vn 0.0879 -0.1071 -0.9903
vn -0.3104 0.4740 -0.8240
vn 0.4930 -0.7221 -0.4853
vn -0.1743 0.9847 0.0018
vn 0.9980 -0.0618 0.0107
vn -0.3284 0.4677 0.8206
vn 0.4823 -0.7257 0.4906
vn -0.9767 0.2143 -0.0099
vn -0.1624 -0.9867 -0.0055
vn -0.5075 -0.2696 0.8184
vn 0.7212 0.3870 0.5746
vn -0.3261 -0.9453 -0.0072
vn 0.9668 -0.2553 0.0097
vn -0.4893 -0.2634 -0.8314
vn 0.7336 0.3913 -0.5557
vn -0.9657 0.2593 -0.0096
vn 0.3221 0.9467 0.0071
vn -0.5207 -0.6826 -0.5128
vn -0.7213 0.1757 0.6699
vn -0.0223 -0.9977 -0.0647
vn -0.0087 0.0590 0.9982
vn 0.4766 -0.7243 -0.4983
vn 0.7088 0.1043 0.6977
vn 0.0183 0.3483 -0.9372
vn 0.0177 0.9349 0.3544
vn -0.8700 0.1058 0.4816
vn -0.2514 0.6910 -0.6778
vn 0.2693 0.1585 0.9499
vn 0.8192 0.4743 -0.3225
vn -0.3467 -0.8006 0.4887
vn 0.4762 -0.5563 -0.6810
vn -0.8344 -0.4814 0.2684
vn -0.2149 -0.1267 -0.9684
vn 0.7643 0.6447 0.0108
vn 0.5669 -0.8238 0.0032
vn -0.1521 0.6420 0.7515
vn 0.1960 -0.8937 0.4036
vn -0.5509 0.8346 -0.0029
vn -0.6984 -0.7156 -0.0104
vn -0.1356 0.6478 -0.7497
vn 0.2049 -0.8906 -0.4060
vn -0.2923 -0.5250 -0.7994
vn 0.4204 0.7286 -0.5408
vn -0.9941 -0.1081 -0.0114
vn -0.0444 0.9990 0.0033
vn -0.3098 -0.5310 0.7887
vn 0.4083 0.7244 0.5554
vn 0.3983 -0.9172 0.0009
vn 0.8906 0.4546 0.0115
vn 0.3081 0.5012 0.8086
vn -0.4433 -0.7011 0.5585
vn -0.0059 1.0000 0.0037
vn -0.9956 -0.0927 -0.0113
vn 0.3258 0.5072 -0.7979
vn -0.4309 -0.6968 -0.5734
vn -0.4308 -0.6968 -0.5734
vn 0.9706 0.2404 0.0116
vn 0.2051 -0.9787 -0.0014
vn -0.8558 -0.4571 0.2420
vn 0.2123 0.1153 0.9704
vn -0.3495 -0.8840 -0.3105
vn 0.6883 -0.3663 0.6262
vn 0.1573 0.0806 -0.9843
vn 0.8710 0.4584 0.1770
vn -0.8453 0.3080 -0.4365
vn -0.8454 0.3080 -0.4365
vn 0.1212 0.8272 0.5487
vn -0.8193 0.0711 -0.5690
vn -0.1205 0.9036 0.4111
vn -0.4868 -0.8507 0.1985
vn 0.1266 0.2370 0.9632
vn 0.4728 -0.6876 -0.5511
vn 0.8395 0.3431 0.4213
vn 0.0596 0.0891 -0.9942
vn 0.4906 0.8623 0.1251
vn -0.5605 0.8269 0.0446
vn 0.0662 -0.1147 0.9912
vn -0.5690 -0.1117 -0.8147
vn -0.0554 -0.9521 0.3008
vn 0.1683 -0.2296 -0.9586
vn 0.5321 -0.7932 0.2960
vn -0.0740 0.8935 -0.4429
vn 0.5679 0.3220 0.7575
vn 0.8232 -0.3675 0.4328
vn -0.1875 -0.8070 -0.5600
vn -0.1469 -0.0364 0.9885
vn -0.9578 -0.2311 -0.1707
vn 0.1415 0.8082 0.5717
vn -0.8394 0.3519 -0.4142
vn 0.9566 0.2326 -0.1757
vn -0.2450 -0.0590 -0.9677
vn 0.0719 -0.0555 0.9959
vn 0.8435 -0.5258 -0.1098
vn -0.7041 -0.4512 0.5483
vn 0.3274 -0.8515 -0.4097
vn -0.8282 0.5196 -0.2102
vn 0.2459 -0.1435 -0.9586
vn 0.0943 0.8207 0.5636
vn 0.9132 0.0826 -0.3991
vn 0.6785 0.2796 -0.6793
vn 0.6781 0.2799 -0.6796
vn 0.5616 -0.7313 0.3870
vn 0.5615 -0.7311 0.3876
vn 0.5609 -0.7314 0.3878
vn -0.2187 0.9758 -0.0060
vn -0.2181 0.9759 -0.0064
vn -0.2184 0.9758 -0.0070
vn 0.0411 -0.2408 0.9697
vn 0.0411 -0.2414 0.9695
vn -0.5576 0.7307 -0.3938
vn -0.6646 -0.2898 0.6887
vn 0.0527 -0.1816 -0.9820
vn 0.2110 -0.9486 0.2359
vn -0.5175 -0.6825 0.5161
vn 0.3139 -0.6415 -0.6999
vn -0.9466 -0.3130 0.0768
vn 0.0588 0.0197 -0.9981
vn -0.8761 0.1883 0.4439
vn -0.1167 0.6858 -0.7184
vn 0.3253 0.1142 0.9387
vn 0.8840 0.3098 -0.3501
vn 0.5914 0.8063 0.0096
vn 0.7092 -0.7050 0.0051
vn -0.1346 0.5122 0.8482
vn 0.2024 -0.8562 0.4754
vn -0.8955 0.4450 -0.0082
vn -0.3065 -0.9519 -0.0070
vn -0.1160 0.5189 -0.8469
vn 0.2129 -0.8527 -0.4770
vn 0.2693 0.4543 0.8491
vn -0.4639 -0.7552 0.4631
vn -0.3309 0.9437 -0.0001
vn -0.8828 -0.4696 -0.0115
vn 0.2880 0.4608 -0.8395
vn -0.4536 -0.7516 -0.4789
vn 0.9902 0.1391 0.0114
vn -0.0120 -0.9999 -0.0039
vn -0.0023 0.3411 0.9400
vn 0.0254 0.9375 -0.3470
vn 0.4656 -0.7281 0.5031
vn 0.7239 0.1096 -0.6811
vn -0.0236 -0.9981 0.0567
vn 0.0132 0.0665 -0.9977
vn -0.5318 -0.6864 0.4960
vn -0.7064 0.1808 -0.6843
vn -0.6568 -0.5278 0.5386
vn -0.7007 0.5736 -0.4242
vn -0.0333 0.0980 0.9946
vn -0.2118 0.9663 -0.1462
vn 0.7087 0.0336 0.7047
vn 0.1914 0.9126 -0.3612
vn 0.2186 -0.9690 -0.1153
vn -0.0527 0.2851 -0.9570
vn -0.0999 -0.0232 -0.9947
vn -0.9575 -0.2325 0.1704
vn 0.2919 -0.6618 -0.6906
vn -0.7317 -0.5737 0.3680
vn 0.9713 0.2359 0.0286
vn -0.3004 -0.0740 0.9509
vn -0.0382 0.7216 -0.6912
vn -0.9142 0.1788 0.3638
vn 0.2066 -0.9780 -0.0283
vn -0.0518 0.1902 0.9804
vn 0.5582 -0.7373 -0.3804
vn 0.6515 0.2843 0.7034
vn 0.6515 0.2844 0.7034
vn -0.0453 0.2687 -0.9621
vn -0.2011 0.9378 0.2829
vn -0.1895 -0.9024 -0.3870
vn -0.7145 -0.0242 0.6993
vn 0.0083 0.6415 -0.7671
vn 0.0061 -0.8471 -0.5314
vn 0.8418 0.5397 0.0113
vn 0.4868 -0.8735 0.0021
vn -0.0087 0.6357 0.7719
vn -0.0056 -0.8510 0.5251
vn -0.8420 0.5394 -0.0072
vn -0.4862 -0.8738 -0.0086
vn 0.5910 0.1446 -0.7936
vn -0.8169 -0.1976 -0.5420
vn 0.9474 -0.3198 0.0092
vn -0.4010 -0.9161 -0.0079
vn 0.5734 0.1386 0.8074
vn -0.8286 -0.2016 0.5223
vn 0.3685 0.9296 0.0076
vn -0.9515 0.3075 -0.0093
vn -0.9648 -0.2346 0.1185
vn -0.0510 -0.0113 -0.9986
vn -0.4320 0.6653 0.6089
vn 0.1865 0.6438 -0.7421
vn 0.4241 0.1021 0.8999
vn 0.8702 0.2120 -0.4447
vn -0.0782 -0.7906 0.6074
vn 0.4608 -0.4848 -0.7434
vn 0.9036 -0.1774 0.3899
vn 0.0397 -0.7091 -0.7040
vn -0.2747 -0.0678 0.9591
vn -0.9290 -0.2255 -0.2935
vn 0.7275 0.5635 0.3915
vn -0.2779 0.6495 -0.7078
vn 0.9709 0.2360 0.0400
vn -0.1801 -0.0426 -0.9827
vn 0.2242 0.6816 0.6966
vn 0.2239 0.6818 0.6965
vn 0.2241 0.6813 0.6969
vn 0.8825 0.0599 -0.4665
vn 0.8822 0.0597 -0.4670
vn 0.8822 0.0602 -0.4669
vn 0.1986 -0.1293 0.9715
vn 0.1983 -0.1291 0.9716
vn 0.1984 -0.1296 0.9715
vn 0.8318 -0.4974 -0.2465
vn 0.8316 -0.4974 -0.2468
vn -0.4072 -0.3375 0.8487
vn -0.4072 -0.3376 0.8487
vn 0.3852 -0.8740 -0.2961
vn -0.8482 0.5196 -0.1032
vn -0.8483 0.5194 -0.1029
vn 0.1505 -0.0810 -0.9853
vn 0.1508 -0.0812 -0.9852
vn 0.1505 -0.0814 -0.9852
vn 0.9716 0.2362 -0.0168
vn -0.2017 -0.0500 0.9782
vn 0.7359 0.5663 -0.3712
vn 0.7359 0.5663 -0.3711
vn -0.2934 0.6441 0.7065
vn -0.2535 -0.0605 -0.9655
vn -0.9352 -0.2276 0.2711
vn 0.9120 -0.1744 -0.3712
vn 0.0242 -0.7144 0.6993
vn 0.5498 -0.7402 0.3871
vn 0.6667 0.2895 -0.6868
vn 0.2060 -0.9782 0.0256
vn -0.0302 0.1976 -0.9798
vn -0.1979 -0.9052 0.3760
vn -0.6989 -0.0188 -0.7150
vn -0.0665 0.2614 0.9629
vn -0.1949 0.9399 -0.2802
vn 0.6715 -0.4153 0.6137
vn 0.5261 -0.3121 -0.7911
vn -0.3817 -0.6169 0.6883
vn -0.6849 0.4108 0.6018
vn -0.5086 0.3181 -0.8001
vn 0.3664 0.6116 0.7012
vn 0.3558 0.5736 -0.7378
vn -0.2879 -0.4608 0.8395
vn 0.4536 0.7516 0.4789
vn 0.3309 -0.9437 0.0001
vn 0.8828 0.4696 0.0115
vn -0.2694 -0.4545 -0.8490
vn 0.4639 0.7551 -0.4632
vn -0.9902 -0.1391 -0.0114
vn 0.0120 0.9999 0.0039
vn 0.4875 -0.2835 0.8258
vn -0.7553 0.4179 0.5048
vn 0.9991 -0.0405 0.0108
vn -0.1466 0.9892 0.0021
vn 0.5055 -0.2773 -0.8170
vn -0.7441 0.4218 -0.5182
vn 0.2916 -0.9565 -0.0004
vn -0.9694 -0.2453 -0.0116
vn -0.4694 -0.8829 -0.0085
vn -0.7787 0.6274 -0.0062
vn -0.0220 -0.5493 0.8353
vn 0.0152 0.9090 0.4166
vn 0.3935 -0.9193 0.0009
vn 0.8065 0.5911 0.0111
vn -0.0036 -0.5429 -0.8398
vn 0.0243 0.9121 -0.4093
vn -0.9938 -0.1105 -0.0114
vn -0.0310 0.9995 0.0034
vn -0.3699 -0.4195 0.8290
vn 0.5449 0.6341 0.5486
vn -0.0851 -0.9964 -0.0047
vn 0.9998 0.0171 0.0111
vn -0.3515 -0.4132 -0.8401
vn 0.5568 0.6382 -0.5317
vn 0.9893 0.1456 0.0112
vn 0.9893 0.1452 0.0115
vn 0.9894 0.1450 0.0110
vn 0.0807 -0.9967 -0.0029
vn 0.2664 0.5384 0.7995
vn -0.3851 -0.7474 0.5413
vn -0.3851 -0.7474 0.5414
vn -0.4287 0.9035 -0.0013
vn -0.8753 -0.4834 -0.0115
vn 0.2839 0.5444 -0.7893
vn 0.2841 0.5440 -0.7895
vn -0.3730 -0.7437 -0.5549
vn -0.3730 -0.7433 -0.5553
vn -0.3726 -0.7435 -0.5554
vn 0.5615 -0.3162 -0.7647
vn -0.7295 0.4263 -0.5348
vn 0.0467 -0.9989 -0.0032
vn -0.9998 0.0152 -0.0109
vn 0.5446 -0.3220 0.7744
vn -0.7412 0.4223 0.5218
vn 0.8881 0.4595 0.0115
vn -0.5135 0.8581 -0.0024
vn -0.5097 -0.2151 0.8330
vn 0.7726 0.3275 0.5439
vn -0.4179 -0.9085 -0.0080
vn 0.9435 -0.3312 0.0091
vn -0.4912 -0.2088 -0.8456
vn 0.7843 0.3315 -0.5243
vn -0.9726 0.2321 -0.0098
vn 0.3300 0.9440 0.0072
vn -0.0083 -0.6414 0.7671
vn -0.0061 0.8470 0.5315
vn 0.8419 -0.5395 0.0072
vn 0.4862 0.8738 0.0086
vn 0.0086 -0.6356 -0.7719
vn 0.0056 0.8510 -0.5251
vn -0.8416 -0.5399 -0.0113
vn -0.4868 0.8735 -0.0021
vn 0.1931 0.6676 0.7191
vn 0.2836 -0.7904 0.5430
vn -0.8489 0.5282 -0.0210
vn -0.4442 -0.8958 0.0149
vn 0.2091 0.6352 -0.7435
vn 0.2951 -0.8136 -0.5010
vn 0.7591 0.6510 -0.0060
vn 0.6321 -0.7745 0.0241
vn 0.2653 0.7889 0.5543
vn 0.2679 0.7895 0.5522
vn 0.2664 0.7916 0.5499
vn 0.9410 -0.2742 -0.1982
vn 0.9409 -0.2769 -0.1952
vn 0.9405 -0.2767 -0.1970
vn 0.0350 -0.0236 0.9991
vn 0.0371 -0.0219 0.9991
vn 0.0353 -0.0222 0.9991
vn 0.7102 -0.7022 -0.0512
vn 0.7101 -0.7024 -0.0487
vn 0.7085 -0.7040 -0.0495
vn -0.8660 -0.2061 0.4556
vn -0.8637 -0.2077 0.4593
vn -0.8647 -0.2050 0.4586
vn -0.0089 -0.8319 -0.5549
vn -0.0119 -0.8319 -0.5548
vn -0.0116 -0.8294 -0.5586
vn -0.6173 0.7397 -0.2680
vn -0.6217 0.7366 -0.2663
vn -0.6180 0.7399 -0.2658
vn 0.2057 -0.2562 -0.9445
vn 0.2044 -0.2519 -0.9459
vn 0.2093 -0.2521 -0.9448
vn 0.0674 -0.5515 -0.8314
vn -0.0869 0.8407 -0.5345
vn -0.4479 -0.8939 0.0148
vn -0.8255 0.5640 -0.0216
vn 0.0488 -0.5141 0.8563
vn -0.0982 0.8635 0.4947
vn 0.7483 -0.6629 0.0229
vn 0.5875 0.8091 -0.0114
vn 0.4890 0.4999 0.7148
vn 0.4894 0.4994 0.7149
vn 0.4893 0.5002 0.7144
vn -0.6505 -0.6191 0.4399
vn -0.6507 -0.6187 0.4402
vn 0.5130 0.8583 -0.0133
vn -0.8909 0.4538 -0.0198
vn 0.5049 0.4681 -0.7252
vn -0.6411 -0.6379 -0.4267
vn 0.9785 0.2063 0.0062
vn 0.9785 0.2061 0.0064
vn 0.0707 -0.9972 0.0228
vn 0.0712 -0.9972 0.0228
vn 0.0713 -0.9972 0.0233
vn 0.5539 -0.8322 0.0245
vn 0.7811 0.6243 -0.0052
vn -0.0775 -0.5727 -0.8161
vn 0.1365 0.8240 -0.5500
vn -0.8753 -0.4836 0.0011
vn -0.3983 0.9169 -0.0247
vn -0.0957 -0.5361 0.8387
vn 0.1247 0.8475 0.5159
vn -0.9218 -0.3878 -0.0016
vn -0.3225 0.9462 -0.0245
vn -0.5694 -0.4155 0.7093
vn 0.7045 0.5540 0.4436
vn -0.0049 -0.9997 0.0221
vn 0.9959 0.0899 0.0090
vn -0.5538 -0.4467 -0.7027
vn 0.7143 0.5342 -0.4520
vn 0.0539 -0.3701 -0.9274
vn -0.9702 0.2321 -0.0703
vn 0.5928 -0.7843 0.1830
vn -0.4664 -0.1167 0.8769
vn 0.9740 0.0188 0.2259
vn -0.2862 0.3588 0.8885
vn -0.2862 0.3587 0.8885
vn 0.4402 0.4830 -0.7569
vn -0.7280 0.6788 0.0961
vn -0.1787 -0.9685 -0.1734
vn -0.2934 0.2968 -0.9088
vn -0.5771 -0.3212 0.7508
vn -0.5590 0.8113 -0.1710
vn 0.3437 -0.0606 0.9371
vn -0.0768 0.9970 0.0104
vn 0.7062 -0.6976 -0.1210
vn 0.2160 0.4091 -0.8865
vn 0.7030 -0.6912 0.1672
vn 0.1967 0.4480 0.8721
vn 0.3642 -0.1018 -0.9258
vn -0.0761 0.9955 -0.0562
vn -0.5606 -0.3545 -0.7484
vn -0.5622 0.8178 0.1227
vn -0.1829 -0.9600 0.2121
vn -0.3132 0.3365 0.8881
vn -0.5767 0.3538 0.7364
vn -0.5768 0.3531 0.7367
vn -0.5761 0.3549 0.7363
vn -0.5596 -0.8177 -0.1350
vn -0.5590 -0.8183 -0.1337
vn -0.5593 -0.8180 -0.1344
vn -0.1793 0.9597 -0.2164
vn -0.1794 0.9599 -0.2156
vn -0.1786 0.9597 -0.2168
vn -0.2927 -0.3365 -0.8950
vn -0.2938 -0.3373 -0.8944
vn -0.2941 -0.3362 -0.8947
vn 0.7067 0.6909 -0.1525
vn 0.7064 0.6916 -0.1508
vn 0.7068 0.6909 -0.1518
vn 0.2160 -0.4469 -0.8681
vn 0.2165 -0.4486 -0.8671
vn 0.2150 -0.4484 -0.8676
vn 0.3427 0.1014 0.9340
vn 0.3427 0.1011 0.9340
vn 0.3433 0.1031 0.9335
vn -0.0761 -0.9956 0.0554
vn -0.0778 -0.9954 0.0553
vn -0.0774 -0.9956 0.0533
vn 0.9928 0.1198 0.0083
vn -0.1429 0.9895 -0.0235
vn 0.2435 -0.8508 -0.4657
vn -0.7880 0.2592 -0.5584
vn 0.2354 -0.9716 0.0241
vn -0.9807 -0.1955 -0.0065
vn 0.2328 -0.8292 0.5081
vn -0.8000 0.2833 0.5289
vn 0.0998 0.6409 -0.7611
vn -0.7328 -0.4916 -0.4704
vn 0.8104 0.1296 -0.5714
vn -0.2943 -0.8735 -0.3879
vn 0.8016 0.4864 0.3477
vn 0.0897 -0.7156 0.6927
vn 0.1629 0.8341 0.5270
vn -0.8118 -0.3380 0.4762
vn 0.8104 -0.1548 -0.5651
vn -0.2943 0.8554 -0.4262
vn 0.0998 -0.6740 -0.7320
vn -0.7328 0.4703 -0.4917
vn 0.1629 -0.8100 0.5633
vn -0.8118 0.3587 0.4607
vn 0.8016 -0.4706 0.3688
vn 0.0896 0.7456 0.6603
vn 0.4002 -0.3200 -0.8587
vn -0.5371 0.6797 -0.4996
vn 0.2912 -0.8570 0.4251
vn -0.8137 0.1595 0.5590
vn 0.5878 -0.6619 0.4652
vn -0.3183 0.3693 0.8731
vn 0.3466 -0.4012 -0.8479
vn -0.5644 0.6348 -0.5277
vn 0.5381 -0.6819 0.4954
vn -0.3964 0.3163 0.8619
vn 0.8179 -0.3927 0.4205
vn -0.0493 0.8310 0.5540
vn 0.3810 -0.2816 0.8806
vn -0.5476 0.7009 0.4571
vn 0.5976 -0.6815 -0.4224
vn -0.2988 0.3301 -0.8954
vn 0.3000 -0.8748 -0.3803
vn -0.8011 0.1342 -0.5833
vn 0.3785 0.8489 -0.3688
vn -0.7259 -0.0163 -0.6876
vn 0.8006 0.2573 -0.5412
vn -0.2338 -0.8536 -0.4656
vn -0.2338 -0.8535 -0.4656
vn 0.6310 0.1952 0.7508
vn -0.3885 -0.7796 0.4912
vn 0.0333 0.8276 0.5604
vn -0.8249 -0.3956 0.4038
vn 0.5485 -0.7030 -0.4527
vn -0.3772 0.2776 -0.8835
vn 0.3273 -0.3627 0.8725
vn -0.5754 0.6570 0.4871
vn 0.8268 -0.4104 -0.3846
vn -0.0366 0.8057 -0.5913
vn -0.4219 -0.4726 -0.7737
vn -0.5133 -0.5214 0.6817
vn 0.7139 -0.4368 -0.5473
vn 0.4694 -0.2687 0.8411
vn 0.5500 0.3255 -0.7691
vn 0.5559 0.3724 0.7431
vn -0.7100 0.4340 -0.5546
vn -0.4494 0.2888 0.8454
vn 0.9928 -0.1193 0.0136
vn -0.1429 -0.9895 0.0203
vn 0.2327 0.8509 0.4709
vn -0.8000 -0.2596 0.5409
vn 0.2354 0.9717 -0.0189
vn -0.9807 0.1949 -0.0151
vn 0.2435 0.8294 -0.5029
vn -0.7880 -0.2837 -0.5464
vn -0.2533 -0.9672 0.0186
vn -0.9608 0.2767 -0.0167
vn 0.7988 -0.3363 0.4987
vn -0.1773 0.8338 0.5229
vn 0.9328 -0.3598 0.0182
vn 0.3204 0.9471 -0.0174
vn 0.8095 -0.3577 -0.4657
vn -0.1653 0.8097 -0.5631
vn 0.7886 0.2814 0.5468
vn -0.2444 -0.8323 0.4976
vn 0.3707 0.8646 0.3392
vn -0.7408 0.0138 0.6716
vn 0.0461 0.8020 -0.5955
vn -0.8160 -0.4135 -0.4041
vn 0.6475 0.1621 -0.7446
vn -0.3780 -0.8008 -0.4647
vn -0.3779 -0.8008 -0.4647
vn 0.0834 -0.6409 0.7631
vn -0.7432 0.4912 0.4542
vn 0.7976 -0.1292 0.5891
vn 0.7977 -0.1292 0.5891
vn -0.3032 0.8733 0.3814
vn 0.8093 -0.4860 -0.3299
vn 0.1045 0.7157 -0.6905
vn 0.1748 -0.8340 -0.5233
vn -0.8013 0.3376 -0.4939
vn 0.5878 0.6818 0.4354
vn -0.3182 -0.3301 0.8887
vn 0.2912 0.8751 0.3866
vn 0.2911 0.8751 0.3866
vn -0.8137 -0.1345 0.5656
vn 0.4001 0.2817 -0.8721
vn -0.5371 -0.7011 -0.4690
vn 0.5380 0.7032 0.4648
vn -0.3965 -0.2779 0.8750
vn 0.3463 0.3629 -0.8651
vn -0.5643 -0.6574 -0.4993
vn 0.8179 0.4108 0.4028
vn -0.0493 -0.8058 0.5902
vn 0.3810 0.3202 0.8674
vn -0.5476 -0.6800 0.4876
vn 0.3000 0.8572 -0.4185
vn -0.8012 -0.1599 -0.5767
vn 0.5976 0.6622 -0.4521
vn -0.2988 -0.3694 -0.8799
vn 0.3707 -0.8488 0.3770
vn -0.7408 0.0159 0.6715
vn 0.7886 -0.2570 0.5586
vn -0.2444 0.8534 0.4604
vn 0.6476 -0.1949 -0.7367
vn 0.6475 -0.1949 -0.7367
vn -0.3780 0.7794 -0.4996
vn 0.0461 -0.8275 -0.5595
vn -0.8160 0.3952 -0.4219
vn 0.5485 0.6822 -0.4835
vn -0.3772 -0.3165 -0.8704
vn 0.8268 0.3930 -0.4024
vn -0.0366 -0.8311 -0.5550
vn -0.0367 -0.8310 -0.5550
vn 0.3274 0.4010 0.8556
vn -0.5756 -0.6351 0.5151
vn 0.8006 -0.2811 -0.5293
vn -0.2338 0.8321 -0.5030
vn -0.2337 0.8321 -0.5030
vn 0.3785 -0.8644 -0.3309
vn -0.7258 -0.0142 -0.6877
vn 0.0333 -0.8019 0.5965
vn -0.8249 0.4131 0.3859
vn 0.6310 -0.1617 0.7588
vn -0.3885 0.8006 0.4562
vn -0.7475 0.1427 0.6488
vn -0.4433 -0.7646 -0.4679
vn -0.1518 0.9783 -0.1413
vn 0.0343 -0.1713 -0.9846
vn 0.5922 0.5342 0.6033
vn 0.7570 -0.4371 -0.4857
vn 0.0252 -0.2082 0.9778
vn 0.1525 -0.9647 -0.2147
vn 0.9826 -0.0045 -0.1857
vn -0.2834 -0.0203 -0.9588
vn 0.3279 -0.7993 0.5036
vn -0.7356 -0.5033 -0.4534
vn -0.0923 0.0218 0.9955
vn -0.9915 -0.0024 -0.1305
vn 0.6606 0.6043 0.4455
vn -0.4545 0.7394 -0.4967
vn -0.0443 0.0434 0.9981
vn -0.0454 0.0429 0.9980
vn -0.0461 0.0418 0.9981
vn -0.8561 0.5116 -0.0734
vn -0.8554 0.5127 -0.0734
vn 0.9178 0.1271 0.3762
vn 0.9178 0.1277 0.3759
vn -0.0106 0.8797 -0.4754
vn -0.0105 0.8793 -0.4761
vn -0.0112 0.8799 -0.4751
vn 0.8209 -0.4976 -0.2801
vn 0.8202 -0.4979 -0.2817
vn 0.8216 -0.4965 -0.2802
vn -0.2797 0.1533 -0.9478
vn -0.2810 0.1511 -0.9477
vn -0.2816 0.1538 -0.9471
vn 0.3680 -0.8755 0.3132
vn 0.3698 -0.8757 0.3106
vn 0.3700 -0.8747 0.3132
vn -0.7257 -0.4101 -0.5525
vn -0.7249 -0.4119 -0.5521
vn -0.7269 -0.4107 -0.5504
vn 0.0999 0.0478 -0.9939
vn 0.7406 0.5766 0.3451
vn -0.6544 -0.1745 -0.7357
vn -0.6547 -0.1742 -0.7355
vn -0.4421 0.8580 0.2616
vn -0.4424 0.8577 0.2618
vn -0.4427 0.8575 0.2620
vn -0.7866 -0.6088 -0.1026
vn -0.7869 -0.6085 -0.1024
vn -0.7872 -0.6081 -0.1025
vn 0.1555 0.1466 0.9769
vn 0.1552 0.1463 0.9770
vn 0.2389 -0.7584 -0.6065
vn 0.8431 -0.0556 0.5349
vn -0.7330 -0.1428 -0.6650
vn -0.7329 -0.1431 -0.6651
vn -0.4540 0.7645 0.4577
vn -0.4539 0.7644 0.4580
vn -0.4536 0.7646 0.4579
vn -0.1544 -0.9783 0.1379
vn -0.1542 -0.9784 0.1377
vn -0.1542 -0.9783 0.1382
vn 0.0126 0.1710 0.9852
vn 0.0126 0.1714 0.9851
vn 0.6055 -0.5340 -0.5901
vn 0.7459 0.4374 0.5022
vn 0.0466 0.2082 -0.9770
vn 0.1473 0.9648 0.2180
vn 0.0598 0.0778 0.9952
vn 0.0595 0.0773 0.9952
vn 0.0600 0.0772 0.9952
vn 0.7539 0.5653 -0.3346
vn 0.7539 0.5651 -0.3351
vn 0.2322 -0.7321 0.6404
vn 0.8558 -0.0807 -0.5109
vn -0.7893 -0.6038 0.1118
vn -0.7893 -0.6037 0.1118
vn 0.1771 0.1033 -0.9787
vn -0.6710 -0.1423 0.7277
vn -0.6706 -0.1422 0.7281
vn -0.4362 0.8452 -0.3090
vn -0.4367 0.8449 -0.3090
vn -0.4365 0.8452 -0.3084
vn 0.0086 0.1458 0.9893
vn 0.0087 0.1458 0.9893
vn 0.1551 0.9749 -0.1600
vn 0.5961 -0.5054 0.6239
vn 0.7725 0.4070 -0.4875
vn -0.1518 -0.9835 -0.0980
vn 0.0343 0.1277 -0.9912
vn -0.7505 -0.1100 0.6517
vn -0.4476 0.7435 -0.4968
vn -0.6545 0.1418 -0.7427
vn -0.4424 -0.8454 0.2993
vn 0.0998 -0.0916 -0.9908
vn 0.7406 -0.5608 0.3702
vn 0.2390 0.7308 -0.6394
vn 0.8431 0.0792 0.5320
vn -0.7869 0.6034 -0.1292
vn 0.1555 -0.1032 0.9824
vn -0.6163 0.0173 0.7873
vn 0.8176 0.0134 0.5756
vn -0.5620 -0.8270 0.0121
vn 0.8576 -0.5139 0.0208
vn -0.5987 -0.0189 -0.8008
vn -0.5988 -0.0179 -0.8007
vn 0.8301 -0.0117 -0.5576
vn 0.8296 -0.0124 -0.5582
vn 0.8295 -0.0112 -0.5583
vn -0.7301 0.6830 -0.0232
vn -0.7297 0.6834 -0.0224
vn -0.7295 0.6836 -0.0236
vn 0.7191 0.6949 -0.0065
vn 0.7192 0.6948 -0.0075
vn 0.6891 -0.7242 0.0236
vn 0.6891 0.7246 -0.0084
vn 0.0087 -0.6151 -0.7884
vn 0.0070 0.8043 -0.5941
vn -0.7928 -0.6095 0.0048
vn -0.5652 0.8246 -0.0245
vn -0.0090 -0.5797 0.8148
vn -0.0057 0.8298 0.5580
vn 0.9787 -0.0182 -0.2044
vn -0.2664 -0.3588 -0.8946
vn 0.4236 -0.4828 0.7664
vn -0.7254 -0.6791 -0.1122
vn 0.0332 0.3701 0.9284
vn -0.9713 -0.2326 0.0489
vn 0.5963 0.7845 -0.1700
vn -0.4469 0.1165 -0.8869
vn 0.5928 0.7916 0.1482
vn -0.4664 0.1554 0.8708
vn 0.0539 0.3287 -0.9429
vn -0.9702 -0.2349 -0.0600
vn -0.9702 -0.2350 -0.0600
vn 0.4402 -0.5160 -0.7348
vn -0.7281 -0.6738 0.1261
vn 0.9740 -0.0088 0.2265
vn -0.2862 -0.3191 0.9035
vn 0.7989 0.3580 0.4834
vn -0.1772 -0.8098 0.5593
vn -0.2533 0.9671 -0.0242
vn -0.9608 -0.2772 -0.0044
vn 0.8095 0.3367 -0.4811
vn -0.1653 -0.8339 -0.5266
vn 0.9328 0.3603 0.0023
vn 0.3204 -0.9470 0.0245
vn 0.4237 0.5162 0.7443
vn -0.7254 0.6735 -0.1421
vn 0.9787 0.0092 -0.2051
vn -0.2663 0.3189 -0.9096
vn 0.5963 -0.7913 -0.1351
vn -0.4470 -0.1556 -0.8809
vn 0.0332 -0.3287 0.9438
vn -0.9713 0.2346 0.0386
vn -0.0145 0.1260 0.9919
vn -0.5820 0.7790 -0.2333
vn 0.6615 -0.7499 -0.0057
vn -0.0099 0.0016 -0.9999
vn 0.1823 -0.9493 0.2562
vn -0.3230 -0.2143 -0.9218
vn 0.5853 -0.7806 0.2193
vn 0.0027 -0.1142 -0.9935
vn -0.1885 0.2230 0.9564
vn -0.6204 0.7002 -0.3532
vn 0.9155 -0.3263 0.2354
vn 0.2412 0.2626 -0.9343
vn -0.1674 0.1805 -0.9692
vn -0.6277 0.7148 0.3082
vn 0.5896 -0.7892 -0.1716
vn 0.5896 -0.7893 -0.1716
vn -0.0192 -0.0701 0.9974
vn 0.9203 -0.3360 -0.2006
vn 0.2208 0.3038 0.9268
vn 0.0074 0.0820 -0.9966
vn -0.5866 0.7883 0.1858
vn 0.1875 -0.9596 -0.2099
vn -0.3433 -0.1734 0.9231
vn 0.6608 -0.7486 0.0532
vn -0.0318 0.0457 0.9984
vn 0.5853 0.7895 0.1845
vn 0.0027 0.0701 -0.9975
vn 0.9155 0.3364 0.2207
vn 0.2413 -0.3036 -0.9217
vn -0.1886 -0.1805 0.9653
vn -0.6204 -0.7151 -0.3219
vn -0.0145 -0.0820 0.9965
vn -0.5820 -0.7885 -0.1987
vn 0.1823 0.9597 0.2140
vn 0.1823 0.9597 0.2141
vn -0.3229 0.1733 -0.9304
vn 0.6615 0.7490 -0.0383
vn -0.0100 -0.0459 -0.9989
vn -0.1674 -0.2231 -0.9603
vn -0.6277 -0.7005 0.3395
vn 0.9203 0.3268 -0.2153
vn 0.2207 -0.2624 0.9394
vn 0.5896 0.7809 -0.2063
vn -0.0192 0.1142 0.9933
vn 0.0074 -0.1260 -0.9920
vn -0.5866 -0.7793 0.2203
vn 0.6608 0.7503 0.0201
vn -0.0319 -0.0016 0.9995
vn 0.1874 0.9494 -0.2521
vn -0.3433 0.2141 0.9145
vn 0.1908 0.1070 -0.9758
vn 0.7826 0.5679 0.2550
vn -0.7176 0.2882 -0.6340
vn 0.0564 0.8802 0.4713
vn -0.8098 -0.5762 0.1102
vn 0.1175 0.1137 0.9865
vn 0.2074 -0.8644 -0.4580
vn 0.7792 -0.0641 0.6235
vn 0.1968 0.8645 0.4625
vn 0.7927 0.0645 -0.6062
vn 0.1693 -0.1069 0.9797
vn 0.7883 -0.5675 -0.2378
vn -0.7312 -0.2886 0.6181
vn 0.0672 -0.8802 -0.4699
vn -0.8075 0.5759 -0.1279
vn 0.1391 -0.1135 -0.9837
vn 0.1907 -0.1500 -0.9701
vn 0.7826 -0.5560 0.2799
vn 0.2074 0.8433 -0.4958
vn 0.7792 0.0916 0.6200
vn -0.8098 0.5806 0.0845
vn 0.1174 -0.0698 0.9906
vn -0.7176 -0.3160 -0.6207
vn 0.0565 -0.8585 0.5097
vn -0.9508 0.0094 0.3095
vn -0.9501 0.0110 0.3118
vn -0.9510 0.0056 0.3090
vn 0.3961 0.0173 0.9181
vn 0.3928 0.0214 0.9194
vn 0.3935 0.0187 0.9191
vn -0.6706 -0.6093 -0.4232
vn -0.6678 -0.6093 -0.4275
vn -0.6684 -0.6114 -0.4237
vn 0.6023 -0.7358 0.3098
vn 0.5995 -0.7362 0.3141
vn 0.6010 -0.7368 0.3097
vn -0.0132 -0.0205 -0.9997
vn -0.0115 -0.0238 -0.9997
vn -0.0132 -0.0244 -0.9996
vn 0.9999 -0.0018 0.0116
vn 0.9999 -0.0034 0.0100
vn 1.0000 0.0005 0.0100
vn -0.7843 0.5006 -0.3663
vn -0.7831 0.5044 -0.3639
vn -0.7827 0.5023 -0.3676
vn 0.4371 0.8081 0.3948
vn 0.4343 0.8076 0.3990
vn 0.4392 0.8067 0.3954
vn 0.0100 0.6239 -0.7814
vn -0.0016 -0.8645 -0.5027
vn 0.8930 0.4500 -0.0001
vn 0.3700 -0.9287 0.0246
vn -0.0069 0.6579 0.7531
vn -0.0067 0.6577 0.7532
vn -0.0067 0.6581 0.7529
vn -0.0130 -0.8415 0.5401
vn -0.0131 -0.8414 0.5403
vn -0.6891 0.7243 -0.0236
vn -0.6891 -0.7246 0.0084
vn 0.6546 -0.0179 -0.7558
vn -0.8548 -0.0062 -0.5189
vn 0.4510 -0.8922 0.0247
vn -0.9283 -0.3717 -0.0020
vn 0.6378 0.0159 0.7701
vn -0.8660 0.0163 0.4997
vn 0.8128 0.5825 -0.0039
vn -0.6288 0.7772 -0.0241
vn -0.1230 0.9921 -0.0233
vn 0.9950 0.0999 0.0087
vn -0.5563 0.3589 0.7495
vn 0.6816 -0.4143 0.6031
vn -0.9994 0.0333 -0.0117
vn 0.0089 -0.9997 0.0222
vn -0.5395 0.3252 -0.7766
vn 0.6945 -0.4402 -0.5691
vn -0.3702 0.9286 -0.0244
vn -0.3700 0.9287 -0.0246
vn -0.8905 -0.4549 -0.0001
vn -0.8905 -0.4549 0.0003
vn 0.0078 0.6604 -0.7509
vn 0.0088 -0.8785 -0.4776
vn 0.4948 0.8689 -0.0138
vn 0.8469 -0.5313 0.0211
vn -0.0078 0.6930 0.7209
vn -0.0084 0.6930 0.7208
vn -0.0022 -0.8566 0.5160
vn -0.0019 -0.8563 0.5164
vn -0.0026 -0.8564 0.5164
vn -0.9924 -0.1227 -0.0082
vn 0.2051 -0.9785 0.0239
vn -0.4543 0.3131 -0.8340
vn 0.6971 -0.5066 -0.5073
vn -0.0007 0.9998 -0.0221
vn 0.9949 -0.1005 0.0132
vn -0.4724 0.3494 0.8092
vn 0.6855 -0.4834 0.5445
vn 0.4198 0.3594 -0.8334
vn -0.6236 -0.5904 -0.5124
vn 0.9805 -0.1957 0.0151
vn -0.2895 -0.9570 0.0180
vn 0.4016 0.3962 0.8257
vn -0.6351 -0.5675 0.5241
vn 0.0955 0.9952 -0.0210
vn -0.9999 -0.0131 -0.0107
vn 0.0560 -0.0221 -0.9982
vn -0.9984 -0.0012 -0.0560
vn 0.6631 -0.6811 -0.3104
vn -0.6606 -0.6670 0.3446
vn 0.9010 0.0096 0.4337
vn -0.4338 0.0199 0.9008
vn 0.6631 0.6667 -0.3402
vn -0.6606 0.6815 0.3147
vn 0.2514 0.5692 -0.7828
vn -0.3171 -0.7870 -0.5292
vn 0.9904 0.1381 0.0078
vn 0.0764 -0.9968 0.0229
vn 0.2344 0.6035 0.7622
vn -0.3291 -0.7630 0.5564
vn -0.2181 0.9756 -0.0240
vn -0.9636 -0.2672 -0.0047
vn 0.2319 -0.9724 0.0241
vn 0.9584 0.2855 0.0042
vn -0.3862 -0.4907 -0.7811
vn 0.5386 0.6256 -0.5643
vn -0.9968 0.0787 -0.0127
vn 0.1343 0.9907 -0.0204
vn -0.4036 -0.4559 0.7933
vn 0.5264 0.6502 0.5478
vn 0.5072 0.3669 0.7798
vn -0.7048 -0.4614 0.5389
vn 0.3487 0.9371 -0.0169
vn -0.9582 0.2858 -0.0169
vn 0.5244 0.3323 -0.7839
vn -0.6929 -0.4851 -0.5334
vn 0.9049 -0.4251 0.0194
vn -0.4800 -0.8771 0.0141
vn 0.0007 0.9857 0.1684
vn -0.0122 -0.3062 0.9519
vn -0.6727 0.5845 -0.4536
vn -0.6727 0.5845 -0.4537
vn -0.6824 -0.5832 0.4407
vn 0.0113 -0.0898 -0.9959
vn -0.0044 -0.9918 0.1276
vn 0.7353 0.1463 -0.6617
vn 0.3781 -0.8548 0.3554
vn -0.9469 -0.0386 -0.3191
vn 0.3200 -0.0107 -0.9473
vn -0.6067 0.6768 0.4170
vn 0.5893 0.6792 -0.4375
vn 0.0646 0.0246 0.9976
vn 0.9974 0.0317 -0.0654
vn -0.5876 -0.6830 0.4338
vn 0.6088 -0.6722 -0.4213
vn 0.3646 0.8942 0.2597
vn -0.1551 -0.3288 0.9316
vn -0.2448 0.9004 -0.3598
vn -0.8719 -0.1348 0.4708
vn 0.0144 -0.0149 -0.9998
vn -0.3636 -0.9308 0.0371
vn 0.7885 -0.0166 -0.6148
vn 0.0688 -0.9710 0.2291
vn 0.0740 -0.0221 -0.9970
vn 0.0741 -0.0225 -0.9970
vn 0.0737 -0.0221 -0.9970
vn 0.9966 0.0016 0.0823
vn 0.9966 0.0015 0.0820
vn -0.5928 0.6634 -0.4566
vn 0.5844 0.6916 0.4244
vn -0.9655 0.0027 0.2602
vn -0.9658 0.0055 0.2593
vn 0.3080 0.0240 0.9511
vn 0.3072 0.0213 0.9514
vn 0.3084 0.0187 0.9511
vn -0.2634 -0.6858 -0.6785
vn -0.2635 -0.6878 -0.6764
vn -0.2662 -0.6883 -0.6748
vn 0.8322 -0.4800 0.2776
vn 0.8339 -0.4779 0.2760
vn 0.8338 -0.4779 0.2765
vn -0.0155 0.9996 -0.0223
vn 0.9994 -0.0316 0.0117
vn -0.3390 0.5681 0.7499
vn 0.4065 -0.6868 0.6026
vn -0.9899 0.1408 -0.0140
vn -0.1177 -0.9928 0.0207
vn -0.3222 0.5342 -0.7816
vn 0.4193 -0.7126 -0.5625
vn 0.6866 -0.0164 -0.7268
vn 0.6786 0.0157 0.7343
vn 0.0934 0.7837 -0.6141
vn 0.0553 0.6091 0.7912
vn -0.5629 0.3648 -0.7417
vn -0.5778 0.3965 0.7134
vn -0.1214 -0.8292 -0.5456
vn -0.0952 -0.5329 0.8408
vn 0.0569 -0.0678 -0.9961
vn 0.0591 -0.0661 -0.9961
vn 0.0586 -0.0686 -0.9959
vn 0.7086 -0.6988 0.0977
vn 0.7085 -0.6992 0.0951
vn 0.7088 -0.6988 0.0963
vn 0.2778 0.7638 -0.5826
vn 0.2804 0.7644 -0.5806
vn 0.2793 0.7642 -0.5814
vn 0.9363 -0.2648 0.2308
vn 0.9362 -0.2675 0.2279
vn 0.9370 -0.2641 0.2288
vn -0.6227 0.7505 0.2214
vn -0.6270 0.7473 0.2199
vn -0.6233 0.7493 0.2235
vn 0.1848 -0.2140 0.9592
vn 0.1834 -0.2097 0.9604
vn 0.1831 -0.2124 0.9599
vn -0.8558 -0.2264 -0.4650
vn -0.8535 -0.2282 -0.4686
vn -0.8548 -0.2293 -0.4656
vn -0.0215 -0.8065 0.5908
vn -0.0245 -0.8066 0.5906
vn -0.0229 -0.8064 0.5909
vn 0.6822 0.5849 -0.4387
vn 0.6728 -0.5829 0.4556
vn -0.0034 0.9638 0.2667
vn -0.0061 0.9639 0.2662
vn -0.0131 -0.2915 0.9565
vn -0.0103 -0.2919 0.9564
vn -0.0116 -0.2895 0.9571
vn -0.7661 0.5073 -0.3947
vn -0.7658 0.5055 -0.3976
vn -0.7675 0.5049 -0.3950
vn -0.5857 -0.6508 0.4830
vn -0.5854 -0.6490 0.4859
vn -0.5862 -0.6505 0.4830
vn 0.0108 -0.0858 -0.9962
vn 0.0104 -0.0864 -0.9962
vn 0.0102 -0.0858 -0.9963
vn -0.0006 -0.9952 0.0982
vn -0.0009 -0.9952 0.0976
vn 0.0007 -0.9773 0.2119
vn 0.0006 -0.9773 0.2119
vn -0.0122 0.3480 0.9374
vn 0.7353 -0.1754 -0.6547
vn 0.3781 0.8697 0.3173
vn 0.0113 0.0456 -0.9989
vn -0.0045 0.9965 0.0835
vn -0.6727 -0.6040 -0.4273
vn -0.6824 0.6022 0.4145
vn -0.2785 -0.6553 0.7022
vn -0.2775 -0.6577 0.7003
vn -0.2784 -0.6563 0.7012
vn 0.8379 -0.4914 -0.2376
vn 0.8401 -0.4887 -0.2353
vn 0.8382 -0.4918 -0.2356
vn -0.9596 -0.0091 -0.2812
vn -0.9599 -0.0065 -0.2804
vn -0.9591 -0.0075 -0.2829
vn 0.3287 -0.0180 -0.9443
vn 0.3280 -0.0206 -0.9445
vn -0.6023 0.6827 0.4137
vn 0.5940 0.6724 -0.4417
vn 0.0521 0.0220 0.9984
vn 0.0522 0.0205 0.9984
vn 0.9982 -0.0015 -0.0604
vn 0.9982 -0.0022 -0.0591
vn 0.9982 -0.0030 -0.0607
vn 0.0351 0.0677 0.9971
vn 0.0364 0.0668 0.9971
vn 0.0366 0.0684 0.9970
vn 0.7102 0.6993 -0.0819
vn 0.7097 0.6999 -0.0805
vn 0.2655 -0.7638 0.5883
vn 0.2669 -0.7647 0.5865
vn 0.9410 0.2656 -0.2099
vn 0.9408 0.2674 -0.2082
vn 0.9415 0.2648 -0.2082
vn -0.6175 -0.7506 -0.2349
vn -0.6216 -0.7477 -0.2335
vn -0.6180 -0.7496 -0.2368
vn 0.2059 0.2138 -0.9549
vn 0.2045 0.2097 -0.9561
vn 0.2041 0.2123 -0.9556
vn -0.8659 0.2262 0.4461
vn -0.8638 0.2276 0.4495
vn -0.8649 0.2289 0.4468
vn -0.0091 0.8065 -0.5912
vn -0.0119 0.8064 -0.5912
vn -0.0104 0.8062 -0.5915
vn -0.9538 0.0381 0.2980
vn 0.2993 0.0109 0.9541
vn 0.2998 0.0114 0.9539
vn -0.5970 -0.6771 -0.4302
vn -0.5967 -0.6774 -0.4303
vn 0.5800 -0.6786 0.4507
vn 0.5798 -0.6790 0.4503
vn 0.5801 -0.6790 0.4499
vn 0.0865 -0.0246 -0.9959
vn 0.0865 -0.0250 -0.9959
vn 0.0860 -0.0244 -0.9960
vn 0.9957 -0.0312 0.0874
vn 0.9957 -0.0315 0.0870
vn -0.5782 0.6827 -0.4467
vn 0.5991 0.6725 0.4346
vn -0.0775 0.5360 -0.8406
vn 0.1365 -0.8475 -0.5130
vn 0.5538 0.8326 -0.0123
vn 0.7811 -0.6240 0.0224
vn -0.0957 0.5727 0.8142
vn 0.1247 -0.8239 0.5529
vn -0.8753 0.4832 -0.0203
vn -0.3983 -0.9171 0.0159
vn 0.7206 -0.1460 0.6778
vn 0.3854 0.8550 -0.3470
vn 0.0049 -0.9857 -0.1684
vn 0.0048 -0.9857 -0.1684
vn 0.0086 0.3062 -0.9519
vn -0.6823 -0.5849 0.4387
vn -0.6728 0.5829 -0.4556
vn -0.0107 0.0898 0.9959
vn -0.0021 0.9918 -0.1277
vn -0.5876 0.7016 0.4032
vn 0.6088 0.6529 -0.4507
vn 0.0646 0.0195 0.9977
vn 0.9974 -0.0346 -0.0639
vn -0.6067 -0.6577 0.4465
vn 0.5893 -0.6979 -0.4070
vn -0.9469 0.0244 -0.3206
vn 0.3199 -0.0312 -0.9469
vn -0.9596 -0.0032 -0.2814
vn -0.9599 -0.0059 -0.2804
vn 0.3288 -0.0239 -0.9441
vn 0.3280 -0.0211 -0.9444
vn 0.3292 -0.0186 -0.9441
vn -0.2786 0.6857 0.6725
vn -0.2775 0.6881 0.6705
vn -0.2813 0.6882 0.6688
vn 0.8378 0.4804 -0.2593
vn 0.8401 0.4778 -0.2567
vn 0.8395 0.4776 -0.2592
vn 0.0521 0.0222 0.9984
vn 0.0522 0.0237 0.9984
vn 0.0506 0.0219 0.9985
vn 0.9982 -0.0012 -0.0604
vn 0.9983 -0.0004 -0.0591
vn -0.6023 -0.6638 0.4435
vn 0.5939 -0.6913 -0.4115
vn 0.0572 0.0235 -0.9981
vn 0.0590 0.0220 -0.9980
vn 0.0575 0.0222 -0.9981
vn 0.7085 0.7026 0.0664
vn 0.7085 0.7028 0.0644
vn 0.7071 0.7041 0.0650
vn -0.8558 0.2057 -0.4746
vn -0.8537 0.2070 -0.4779
vn -0.8545 0.2048 -0.4773
vn -0.0216 0.8318 0.5546
vn -0.0244 0.8317 0.5547
vn -0.0243 0.8294 0.5582
vn -0.6228 -0.7399 0.2543
vn -0.6269 -0.7370 0.2527
vn -0.6233 -0.7402 0.2522
vn 0.1849 0.2560 0.9488
vn 0.1835 0.2520 0.9502
vn 0.1881 0.2523 0.9492
vn 0.2780 -0.7889 -0.5481
vn 0.2803 -0.7894 -0.5462
vn 0.2789 -0.7914 -0.5440
vn 0.9363 0.2749 0.2187
vn 0.9362 0.2771 0.2160
vn 0.9359 0.2771 0.2175
vn -0.0034 -0.9510 0.3091
vn -0.0061 -0.9512 0.3085
vn -0.0016 -0.9517 0.3070
vn -0.0130 0.3335 0.9427
vn -0.0103 0.3339 0.9426
vn 0.6822 -0.6037 -0.4124
vn 0.6728 0.6025 0.4294
vn 0.0108 0.0417 -0.9991
vn 0.0101 0.0426 -0.9990
vn -0.0004 0.9985 0.0545
vn -0.0009 0.9986 0.0534
vn -0.0021 0.9986 0.0534
vn -0.7660 -0.5243 -0.3719
vn -0.7658 -0.5223 -0.3752
vn -0.7650 -0.5239 -0.3745
vn -0.5856 0.6719 0.4534
vn -0.5854 0.6699 0.4567
vn -0.5843 0.6732 0.4532
vn 0.0049 0.9773 -0.2119
vn 0.0048 0.9773 -0.2119
vn 0.0086 -0.3480 -0.9374
vn 0.7206 0.1758 0.6707
vn 0.3855 -0.8695 -0.3088
vn -0.0108 -0.0456 0.9989
vn -0.0021 -0.9965 -0.0837
vn -0.6823 0.6037 0.4124
vn -0.6728 -0.6025 -0.4294
vn 0.7591 -0.6506 0.0228
vn 0.6321 0.7748 -0.0102
vn 0.2092 -0.6675 -0.7146
vn 0.2950 0.7906 -0.5366
vn -0.8489 -0.5286 0.0023
vn -0.4442 0.8956 -0.0247
vn 0.1931 -0.6352 0.7479
vn 0.2835 0.8137 0.5074
vn 0.6686 0.7436 -0.0091
vn -0.8023 0.5965 -0.0220
vn 0.6157 -0.3157 -0.7219
vn -0.8304 -0.1502 -0.5366
vn 0.5184 -0.8548 0.0246
vn -0.8670 -0.4984 0.0015
vn 0.5995 -0.2832 0.7486
vn -0.8421 -0.1266 0.5243
vn -0.9656 0.0082 0.2599
vn -0.9658 0.0060 0.2593
vn -0.9653 0.0070 0.2612
vn 0.3079 0.0186 0.9512
vn 0.3072 0.0208 0.9514
vn -0.5928 -0.6830 -0.4268
vn 0.5844 -0.6721 0.4546
vn 0.0741 -0.0220 -0.9970
vn 0.0742 -0.0209 -0.9970
vn 0.9966 0.0020 0.0823
vn 0.9967 0.0025 0.0813
vn 0.9966 0.0031 0.0824
vn -0.2635 0.6555 -0.7077
vn -0.2628 0.6575 -0.7061
vn -0.2634 0.6565 -0.7068
vn 0.8325 0.4914 0.2559
vn 0.8343 0.4893 0.2541
vn 0.8327 0.4918 0.2543
vn -0.0235 -0.0429 -0.9988
vn -0.8566 -0.5131 0.0546
vn 0.9259 -0.1266 -0.3559
vn -0.0206 -0.8797 0.4752
vn 0.8145 0.4974 0.2985
vn 0.8142 0.4978 0.2990
vn -0.3010 -0.1529 0.9413
vn -0.3013 -0.1523 0.9413
vn -0.3015 -0.1533 0.9411
vn 0.3753 0.8757 -0.3039
vn 0.3756 0.8758 -0.3033
vn 0.3757 0.8754 -0.3043
vn -0.7383 0.4103 0.5353
vn -0.7378 0.4108 0.5356
vn 0.7747 0.0171 0.6320
vn 0.0733 0.9710 -0.2274
vn 0.3706 -0.8941 -0.2516
vn 0.3703 -0.8940 -0.2522
vn -0.1347 0.3287 -0.9348
vn -0.1354 0.3287 -0.9347
vn -0.1346 0.3294 -0.9346
vn -0.2522 -0.9005 0.3542
vn -0.2518 -0.9008 0.3538
vn -0.2519 -0.9004 0.3548
vn -0.8614 0.1344 -0.4899
vn -0.8615 0.1337 -0.4899
vn -0.0076 0.0149 0.9999
vn -0.3632 0.9306 -0.0451
vn 0.1511 0.7536 0.6397
vn 0.1516 0.7537 0.6396
vn 0.1516 0.7537 0.6395
vn -0.8450 0.3806 -0.3756
vn -0.8451 0.3802 -0.3758
vn -0.8453 0.3801 -0.3754
vn 0.9891 -0.0008 -0.1474
vn 0.9890 -0.0018 -0.1482
vn 0.9889 -0.0012 -0.1486
vn -0.3041 -0.0229 -0.9524
vn -0.3038 -0.0230 -0.9525
vn -0.3047 -0.0234 -0.9522
vn 0.6325 -0.5899 0.5020
vn 0.6319 -0.5900 0.5026
vn 0.6318 -0.5906 0.5019
vn -0.5257 -0.7446 -0.4114
vn -0.5251 -0.7446 -0.4121
vn -0.1103 0.0226 0.9936
vn -0.9883 -0.0039 -0.1526
vn 0.3646 -0.8819 0.2990
vn 0.3642 -0.8818 0.2997
vn 0.3639 -0.8821 0.2991
vn -0.1551 0.3697 0.9161
vn -0.1559 0.3696 0.9160
vn 0.7885 -0.0106 -0.6149
vn 0.7885 -0.0101 -0.6150
vn 0.0687 0.9802 0.1859
vn 0.0684 0.9803 0.1855
vn 0.0685 0.9801 0.1863
vn 0.0051 -0.0040 -1.0000
vn 0.0055 -0.0038 -1.0000
vn 0.0051 -0.0045 -1.0000
vn -0.3612 0.9322 0.0230
vn -0.3610 0.9323 0.0226
vn -0.2343 -0.9159 -0.3259
vn -0.2338 -0.9162 -0.3253
vn -0.8644 0.1703 0.4730
vn -0.8645 0.1696 0.4731
vn -0.8642 0.1699 0.4736
vn -0.0663 -0.0219 -0.9976
vn -0.9939 -0.0001 0.1101
vn 0.6406 -0.6163 -0.4581
vn 0.6397 -0.6165 -0.4590
vn -0.5275 -0.7368 0.4228
vn -0.5268 -0.7369 0.4237
vn -0.5286 -0.7361 0.4228
vn 0.9856 0.0063 0.1688
vn 0.9855 0.0057 0.1698
vn 0.9854 0.0045 0.1699
vn -0.3254 0.0194 0.9454
vn -0.3244 0.0188 0.9457
vn 0.1660 0.7247 -0.6687
vn 0.1660 0.7247 -0.6688
vn -0.8530 0.3960 0.3399
vn 0.9249 0.1011 -0.3665
vn -0.0369 0.8945 0.4456
vn -0.0369 0.8944 0.4456
vn -0.0665 0.0253 -0.9975
vn -0.0673 0.0250 -0.9974
vn -0.8546 0.5131 0.0791
vn -0.8542 0.5138 0.0791
vn -0.8545 0.5134 0.0784
vn 0.3824 -0.8828 -0.2727
vn 0.3835 -0.8829 -0.2710
vn 0.3821 -0.8832 -0.2720
vn -0.7398 -0.3757 0.5581
vn -0.7394 -0.3769 0.5579
vn -0.7396 -0.3758 0.5584
vn 0.8145 -0.4837 0.3202
vn 0.8139 -0.4843 0.3211
vn 0.8140 -0.4847 0.3200
vn -0.3010 0.1944 0.9336
vn -0.3015 0.1933 0.9337
vn 0.3642 0.0607 -0.9293
vn -0.0760 -0.9970 -0.0121
vn 0.7030 0.6979 0.1366
vn 0.1967 -0.4090 0.8911
vn -0.1829 0.9684 0.1694
vn -0.3132 -0.2969 0.9021
vn -0.5606 0.3209 -0.7633
vn -0.5623 -0.8116 0.1587
vn 0.9891 -0.0059 -0.1470
vn 0.9890 -0.0052 -0.1480
vn 0.9890 -0.0039 -0.1482
vn -0.3045 -0.0196 -0.9523
vn -0.3034 -0.0189 -0.9527
vn 0.1516 -0.7247 0.6722
vn -0.8451 -0.3964 -0.3587
vn -0.0882 0.0227 0.9958
vn -0.0882 0.0219 0.9959
vn -0.9913 -0.0004 -0.1319
vn -0.9913 0.0005 -0.1319
vn -0.9912 -0.0008 -0.1326
vn 0.6301 0.6166 0.4720
vn 0.6287 0.6168 0.4736
vn 0.6298 0.6162 0.4730
vn -0.5190 0.7366 -0.4337
vn -0.5176 0.7366 -0.4354
vn -0.5195 0.7359 -0.4343
vn -0.0892 -0.0250 0.9957
vn -0.8520 -0.5142 -0.0979
vn 0.3764 0.8830 0.2804
vn 0.3769 0.8831 0.2794
vn -0.7279 0.3757 -0.5736
vn -0.7272 0.3764 -0.5740
vn -0.7273 0.3755 -0.5745
vn 0.8209 0.4848 -0.3017
vn 0.8205 0.4847 -0.3030
vn 0.8207 0.4851 -0.3020
vn -0.2798 -0.1952 -0.9400
vn -0.2807 -0.1935 -0.9401
vn -0.2795 -0.1943 -0.9403
vn 0.9166 -0.1007 0.3868
vn 0.9168 -0.1014 0.3863
vn 0.9170 -0.1004 0.3861
vn -0.0266 -0.8944 -0.4464
vn -0.0264 -0.8941 -0.4472
vn 0.3707 0.8820 -0.2909
vn 0.3702 0.8820 -0.2915
vn 0.3699 0.8823 -0.2910
vn -0.1347 -0.3697 -0.9193
vn -0.1355 -0.3696 -0.9193
vn 0.7747 0.0109 0.6322
vn 0.0733 -0.9801 -0.1844
vn -0.0170 0.0039 0.9998
vn -0.3602 -0.9324 -0.0310
vn -0.2418 0.9158 0.3207
vn -0.2414 0.9161 0.3201
vn -0.8537 -0.1707 -0.4919
vn -0.8538 -0.1700 -0.4921
vn -0.8535 -0.1703 -0.4925
vn -0.1230 -0.9922 0.0206
vn 0.9950 -0.0994 0.0132
vn -0.5395 -0.3592 -0.7615
vn 0.6945 0.4146 -0.5880
vn -0.9994 -0.0338 -0.0103
vn 0.0089 0.9997 -0.0220
vn -0.5563 -0.3254 0.7646
vn 0.6816 0.4406 0.5843
vn -0.5667 0.3557 0.7432
vn 0.6886 -0.4083 0.5992
vn 0.6887 -0.4083 0.5992
vn -0.8827 -0.4700 0.0007
vn 0.4963 -0.8678 0.0247
vn -0.5501 0.3222 -0.7705
vn 0.7015 -0.4340 -0.5653
vn -0.3695 0.9289 -0.0246
vn 0.9407 0.3392 0.0028
vn 0.9904 -0.1376 0.0139
vn 0.0764 0.9968 -0.0212
vn 0.2514 -0.6034 -0.7568
vn -0.3171 0.7628 -0.5636
vn -0.2181 -0.9757 0.0192
vn -0.9636 0.2668 -0.0165
vn 0.2344 -0.5692 0.7881
vn -0.3291 0.7868 0.5221
vn -0.7070 0.7068 -0.0234
vn 0.7419 0.6705 -0.0067
vn -0.5968 0.0372 0.8015
vn 0.8018 -0.0136 0.5974
vn -0.7360 -0.6769 0.0068
vn -0.7362 -0.6767 0.0069
vn 0.7122 -0.7016 0.0234
vn 0.7126 -0.7011 0.0234
vn 0.7121 -0.7017 0.0238
vn -0.5790 0.0015 -0.8153
vn -0.5797 0.0015 -0.8149
vn -0.5789 0.0019 -0.8154
vn 0.8145 -0.0398 -0.5787
vn 0.8149 -0.0396 -0.5783
vn 0.6637 -0.0170 -0.7478
vn -0.8393 -0.0078 -0.5436
vn 0.9289 -0.3699 0.0186
vn 0.9290 -0.3697 0.0184
vn -0.4548 -0.8905 0.0147
vn -0.4547 -0.8905 0.0144
vn 0.6470 0.0169 0.7623
vn 0.6471 0.0164 0.7622
vn 0.6474 0.0161 0.7620
vn -0.8511 0.0158 0.5248
vn -0.8509 0.0161 0.5251
vn 0.7166 0.6975 -0.0075
vn -0.7166 0.6971 -0.0233
vn -0.8827 0.4695 -0.0201
vn 0.4963 0.8680 -0.0137
vn -0.5667 -0.3225 0.7582
vn 0.6886 0.4344 0.5806
vn -0.3695 -0.9291 0.0165
vn 0.9407 -0.3387 0.0178
vn -0.5501 -0.3559 -0.7555
vn -0.5500 -0.3559 -0.7555
vn 0.7015 0.4086 -0.5839
vn 0.5995 0.3160 0.7353
vn -0.8420 0.1497 0.5182
vn 0.5184 0.8550 -0.0132
vn -0.8669 0.4980 -0.0206
vn 0.6157 0.2835 -0.7352
vn -0.8304 0.1264 -0.5427
vn 0.6685 -0.7433 0.0238
vn -0.8023 -0.5969 0.0044
vn 0.8075 -0.5516 -0.2091
vn 0.8076 -0.5512 -0.2098
vn 0.8079 -0.5507 -0.2098
vn -0.2618 0.1623 -0.9514
vn -0.2619 0.1621 -0.9514
vn -0.2622 0.1632 -0.9511
vn 0.2845 -0.8826 0.3743
vn 0.2848 -0.8828 0.3737
vn 0.2851 -0.8822 0.3747
vn -0.7432 -0.3850 -0.5472
vn -0.7427 -0.3855 -0.5475
vn -0.0500 0.0494 0.9975
vn -0.8192 0.5644 -0.1017
vn 0.6841 0.4818 0.5477
vn 0.6844 0.4817 0.5474
vn -0.4099 0.8410 -0.3530
vn -0.4104 0.8408 -0.3530
vn -0.4102 0.8410 -0.3526
vn 0.9784 0.0053 0.2067
vn 0.9783 0.0050 0.2074
vn 0.9782 0.0043 0.2075
vn -0.3045 0.0202 0.9523
vn -0.3039 0.0197 0.9525
vn 0.3385 0.7995 -0.4963
vn 0.3389 0.7992 -0.4964
vn -0.7457 0.5029 0.4370
vn -0.7454 0.5032 0.4372
vn -0.7457 0.5032 0.4367
vn -0.0705 -0.0223 -0.9973
vn -0.0708 -0.0217 -0.9973
vn -0.9941 0.0015 0.1084
vn -0.9941 0.0015 0.1087
vn -0.9941 0.0023 0.1088
vn 0.6709 -0.6036 -0.4307
vn 0.6706 -0.6044 -0.4302
vn 0.6704 -0.6038 -0.4312
vn -0.4651 -0.7398 0.4861
vn -0.4644 -0.7397 0.4871
vn -0.4656 -0.7392 0.4866
vn 0.6706 0.5843 -0.4571
vn -0.4650 0.7604 0.4534
vn -0.0703 -0.0223 -0.9973
vn -0.9941 0.0028 0.1085
vn 0.3387 -0.8207 -0.4601
vn 0.3385 -0.8206 -0.4604
vn -0.7459 -0.4828 0.4588
vn -0.7457 -0.4831 0.4589
vn -0.7455 -0.4831 0.4591
vn 0.9783 0.0042 0.2073
vn 0.9783 0.0038 0.2074
vn 0.9783 0.0043 0.2071
vn -0.3045 0.0216 0.9523
vn -0.3045 0.0220 0.9523
vn 0.4922 -0.4708 0.7322
vn 0.3997 -0.3921 -0.8286
vn -0.2166 -0.2127 0.9528
vn -0.6172 -0.7117 -0.3353
vn -0.5718 0.4477 0.6875
vn -0.5718 0.4476 0.6875
vn -0.3966 0.2955 -0.8691
vn 0.5617 0.3968 0.7260
vn 0.5794 0.3647 -0.7289
vn 0.8078 0.5412 -0.2336
vn -0.2616 -0.2047 -0.9432
vn 0.6844 -0.4569 0.5681
vn -0.4103 -0.8556 -0.3155
vn -0.0500 -0.0052 0.9987
vn -0.8192 -0.5684 -0.0766
vn 0.2845 0.8983 0.3349
vn -0.7432 0.3604 -0.5637
vn 0.6965 0.4573 -0.5530
vn -0.4176 0.8554 0.3064
vn -0.0280 0.0052 -0.9996
vn -0.8209 0.5680 0.0586
vn 0.2922 -0.8981 -0.3286
vn 0.2925 -0.8983 -0.3280
vn -0.7553 -0.3607 0.5471
vn -0.7549 -0.3612 0.5474
vn -0.7550 -0.3605 0.5477
vn 0.8025 -0.5413 0.2510
vn 0.8027 -0.5408 0.2513
vn 0.8024 -0.5412 0.2517
vn -0.2824 0.2046 0.9372
vn -0.2827 0.2039 0.9373
vn 0.9827 -0.0035 -0.1854
vn 0.9826 -0.0037 -0.1857
vn -0.2834 -0.0221 -0.9587
vn -0.2831 -0.0223 -0.9588
vn -0.2835 -0.0224 -0.9587
vn 0.6606 -0.5840 0.4718
vn 0.6606 -0.5841 0.4715
vn 0.6609 -0.5838 0.4716
vn -0.4545 -0.7607 -0.4635
vn -0.4542 -0.7607 -0.4637
vn -0.0923 0.0223 0.9955
vn -0.0921 0.0225 0.9955
vn -0.9915 -0.0031 -0.1302
vn -0.9915 -0.0033 -0.1304
vn -0.9915 -0.0034 -0.1301
vn 0.3279 0.8208 0.4678
vn 0.3277 0.8210 0.4675
vn 0.3276 0.8209 0.4679
vn -0.7356 0.4827 -0.4752
vn -0.7358 0.4824 -0.4752
vn 0.6558 0.6814 0.3249
vn -0.6532 0.6667 -0.3590
vn 0.9103 -0.0092 -0.4138
vn -0.4139 -0.0201 -0.9101
vn 0.6558 -0.6664 0.3547
vn -0.6532 -0.6819 -0.3292
vn 0.0340 0.0221 0.9992
vn -0.9994 0.0008 0.0340
vn 0.6292 -0.0172 -0.7771
vn -0.7773 -0.0139 -0.6290
vn 0.7167 -0.6970 0.0237
vn 0.7166 -0.6971 0.0233
vn -0.7166 -0.6975 0.0075
vn -0.7168 -0.6972 0.0075
vn 0.6119 0.0175 0.7907
vn -0.7909 0.0135 0.6118
vn 0.9049 0.4256 0.0006
vn -0.4800 0.8769 -0.0247
vn 0.5244 -0.3667 -0.7685
vn -0.6930 0.4610 -0.5543
vn -0.6929 0.4610 -0.5543
vn 0.3487 -0.9369 0.0246
vn -0.9582 -0.2862 -0.0042
vn 0.5071 -0.3320 0.7953
vn -0.7048 0.4847 0.5180
vn 0.6632 -0.6811 -0.3104
vn 0.0866 -0.0195 -0.9961
vn 0.0868 -0.0191 -0.9960
vn 0.9957 0.0350 0.0858
vn 0.9957 0.0355 0.0857
vn 0.9957 0.0350 0.0862
vn -0.5971 0.6574 -0.4597
vn -0.5967 0.6575 -0.4601
vn -0.5973 0.6570 -0.4599
vn 0.5802 0.6981 0.4196
vn 0.5798 0.6982 0.4199
vn -0.9537 -0.0249 0.2997
vn 0.2991 0.0314 0.9537
vn -0.5783 -0.7018 -0.4160
vn 0.5991 -0.6526 0.4639
vn 0.5361 0.5871 -0.6065
vn 0.3492 0.4252 0.8350
vn -0.6483 0.4551 -0.6104
vn -0.6484 0.4551 -0.6104
vn -0.4660 0.3444 0.8150
vn -0.4795 -0.5088 -0.7150
vn -0.4841 -0.4655 0.7409
vn 0.5989 -0.5574 -0.5750
vn 0.4047 -0.3628 0.8394
vn -0.4391 0.4724 0.7642
vn -0.4984 0.5211 -0.6928
vn 0.7014 0.4371 0.5629
vn 0.4878 0.2690 -0.8305
vn 0.5330 -0.3252 0.7811
vn 0.5724 -0.3721 -0.7307
vn -0.7218 -0.4344 0.5388
vn -0.4305 -0.2890 -0.8551
vn -0.0251 -0.1121 0.9934
vn -0.1038 -0.9855 -0.1344
vn -0.4915 0.7588 0.4273
vn -0.7195 -0.1715 -0.6730
vn 0.1090 0.9856 -0.1293
vn -0.0036 -0.1535 -0.9881
vn 0.7421 0.4511 0.4957
vn 0.6386 -0.5295 -0.5584
vn 0.8024 0.5519 0.2269
vn 0.8027 0.5514 0.2271
vn -0.2824 -0.1629 0.9454
vn -0.2827 -0.1623 0.9454
vn -0.2829 -0.1633 0.9451
vn 0.2919 0.8828 -0.3682
vn 0.2926 0.8829 -0.3673
vn 0.2928 0.8824 -0.3682
vn -0.7551 0.3846 0.5310
vn -0.7549 0.3851 0.5309
vn -0.7556 0.3843 0.5304
vn -0.0276 -0.0497 -0.9984
vn -0.0279 -0.0499 -0.9984
vn -0.0280 -0.0489 -0.9984
vn -0.8212 -0.5645 0.0834
vn -0.8208 -0.5651 0.0833
vn -0.8207 -0.5652 0.0838
vn 0.6965 -0.4813 -0.5322
vn 0.6962 -0.4817 -0.5323
vn 0.6963 -0.4812 -0.5326
vn -0.4176 -0.8410 0.3440
vn -0.4178 -0.8411 0.3435
vn 0.6434 0.5901 -0.4876
vn 0.6420 0.5903 -0.4892
vn 0.6424 0.5913 -0.4876
vn -0.5355 0.7443 0.3991
vn -0.5341 0.7444 0.4008
vn -0.5351 0.7447 0.3990
vn -0.0885 -0.0218 -0.9958
vn -0.0885 -0.0226 -0.9958
vn -0.0890 -0.0220 -0.9958
vn -0.9914 0.0034 0.1308
vn -0.9914 0.0043 0.1308
vn 0.1660 -0.7536 -0.6360
vn -0.8530 -0.3806 0.3572
vn 0.9857 0.0011 0.1687
vn 0.9855 0.0018 0.1698
vn -0.3254 0.0224 0.9453
vn -0.3243 0.0231 0.9457
vn -0.3257 0.0237 0.9452
vn -0.8599 0.0113 0.5104
vn -0.5032 -0.0188 -0.8640
vn -0.8592 -0.0170 0.5114
vn -0.5105 -0.0363 -0.8591
vn -0.8592 0.0396 0.5101
vn -0.5106 -0.0017 -0.8598
vn -0.5032 -0.0194 -0.8640
vn -0.6111 0.6080 0.5069
vn -0.3513 0.3363 -0.8738
vn -0.0053 0.9880 0.1544
vn -0.0052 0.9880 0.1544
vn 0.0137 0.3189 -0.9477
vn 0.0183 0.3189 -0.9476
vn 0.0079 0.9812 0.1929
vn 0.0031 0.3363 -0.9417
vn 0.8075 0.0133 0.5897
vn 0.5575 -0.0197 -0.8300
vn 0.4992 -0.5206 0.6927
vn 0.4385 -0.4730 -0.7642
vn -0.0066 -0.7912 0.6115
vn 0.0100 -0.5773 -0.8165
vn 0.9803 0.0081 0.1972
vn 0.8305 -0.0050 -0.5570
vn -0.2680 -0.0213 -0.9632
vn 0.9634 -0.0059 -0.2679
vn 0.9803 0.0007 0.1974
vn 0.9803 0.0006 0.1974
vn 0.8305 -0.0197 -0.5567
vn 0.8305 -0.0196 -0.5567
vn -0.0067 0.8361 0.5485
vn 0.0080 0.5006 -0.8657
vn -0.7393 0.4686 0.4836
vn -0.3959 0.2321 -0.8885
vn -0.4524 0.7481 0.4855
vn -0.2377 0.3947 -0.8875
vn -0.8633 0.0107 0.5047
vn -0.4849 -0.0201 -0.8744
vn -0.7462 -0.4307 0.5076
vn -0.3951 -0.2624 -0.8803
vn -0.7462 0.4528 0.4881
vn -0.3951 0.2233 -0.8911
vn -0.8632 0.0117 0.5047
vn -0.4849 -0.0186 -0.8744
vn -0.4525 -0.7261 0.5178
vn -0.2380 -0.4342 -0.8688
vn -0.5730 0.3717 0.7304
vn -0.5321 0.3285 -0.7803
vn 0.2968 0.7902 0.5362
vn 0.1977 0.4735 -0.8583
vn 0.8276 0.0128 0.5612
vn 0.5290 -0.0193 -0.8484
vn 0.6833 0.4884 0.5428
vn 0.4357 0.2764 -0.8566
vn 0.6833 -0.4639 0.5639
vn 0.4357 -0.3140 -0.8435
vn 0.8276 0.0121 0.5612
vn 0.5290 -0.0183 -0.8485
vn 0.3026 -0.7792 0.5488
vn 0.1917 -0.4885 -0.8513
vn 0.7230 -0.4254 0.5444
vn 0.4520 -0.2849 -0.8453
vn 0.8186 0.0121 0.5743
vn 0.5383 -0.0194 -0.8425
vn -0.0021 -0.8633 0.5047
vn 0.0075 -0.4850 -0.8745
vn -0.0057 -0.8827 0.4700
vn 0.0113 -0.4712 -0.8819
vn -0.6111 -0.5850 0.5332
vn -0.3514 -0.3747 -0.8580
vn 0.5989 0.5315 -0.5990
vn 0.4047 0.3996 0.8225
vn -0.4795 0.4767 -0.7368
vn -0.4841 0.4978 0.7196
vn -0.6483 -0.4816 -0.5897
vn -0.4660 -0.3080 0.8295
vn 0.5361 -0.6134 -0.5800
vn 0.3492 -0.3878 0.8530
vn 0.2498 -0.6438 -0.7232
vn -0.7890 -0.5451 0.2835
vn 0.7135 -0.6938 -0.0977
vn 0.7133 -0.6940 -0.0978
vn 0.7136 -0.6937 -0.0977
vn -0.1363 0.1490 0.9794
vn -0.1363 0.1494 0.9793
vn -0.1367 0.1494 0.9793
vn 0.8341 0.0075 -0.5516
vn 0.8339 0.0075 -0.5518
vn 0.8341 0.0078 -0.5516
vn 0.2768 0.7629 0.5843
vn 0.2766 0.7631 0.5841
vn -0.0968 0.0803 -0.9921
vn -0.6664 0.6542 0.3576
vn 0.5858 -0.5312 0.6121
vn 0.4229 -0.3994 -0.8134
vn -0.4954 -0.4769 0.7261
vn -0.4679 -0.4981 -0.7300
vn -0.6614 0.4813 0.5752
vn -0.4477 0.3078 -0.8395
vn -0.4478 0.3078 -0.8395
vn 0.5229 0.6136 0.5917
vn 0.3677 0.3880 -0.8451
vn 0.5229 -0.5869 0.6182
vn 0.3677 -0.4250 -0.8271
vn -0.6614 -0.4554 0.5960
vn -0.4477 -0.3446 -0.8251
vn -0.4954 0.5086 0.7042
vn -0.4679 0.4653 -0.7513
vn 0.5858 0.5577 0.5880
vn 0.4229 0.3630 -0.8303
vn 0.5463 -0.3537 0.7592
vn 0.5670 -0.3884 -0.7264
vn -0.5791 -0.4226 0.6972
vn -0.3794 -0.3200 -0.8681
vn -0.2168 0.2549 0.9424
vn -0.6173 0.6963 -0.3662
vn 0.5046 0.5145 0.6933
vn 0.3787 0.3357 -0.8625
vn -0.7628 0.4650 -0.4494
vn 0.4610 0.8522 0.2475
vn -0.7834 -0.5226 0.3364
vn -0.7946 -0.4718 0.3822
vn 0.3841 0.2577 0.8866
vn 0.3855 0.2549 0.8868
vn 0.3862 0.2595 0.8852
vn -0.4209 -0.8949 -0.1485
vn -0.4232 -0.8945 -0.1440
vn -0.4238 -0.8935 -0.1487
vn 0.7916 -0.3536 0.4983
vn 0.7902 -0.3567 0.4983
vn 0.7930 -0.3549 0.4951
vn -0.0773 -0.0725 -0.9944
vn -0.0756 -0.0734 -0.9944
vn -0.0746 -0.0750 -0.9944
vn 0.8584 0.5091 -0.0634
vn 0.8574 0.5107 -0.0634
vn 0.5778 0.3645 -0.7303
vn 0.5634 0.3969 0.7246
vn -0.5563 0.4166 -0.7190
vn -0.4155 0.3334 0.8463
vn -0.1957 -0.2548 -0.9470
vn -0.6248 -0.6965 0.3528
vn 0.5079 -0.5024 -0.6997
vn 0.3812 -0.3549 0.8536
vn 0.6705 0.0167 0.7417
vn 0.6946 -0.0153 -0.7192
vn 0.0803 -0.7837 0.6159
vn 0.0729 -0.6091 -0.7898
vn 0.0730 -0.6091 -0.7898
vn -0.5789 -0.3651 0.7291
vn -0.5618 -0.3967 -0.7260
vn -0.1337 0.8291 0.5428
vn -0.0769 0.5327 -0.8428
vn 0.5079 0.4710 -0.7212
vn 0.3812 0.3923 0.8372
vn -0.1959 0.2128 -0.9573
vn -0.6247 0.7113 0.3220
vn -0.5563 -0.4479 -0.7000
vn -0.4155 -0.2957 0.8602
vn 0.5778 -0.3965 -0.7134
vn 0.5634 -0.3644 0.7415
vn -0.7866 -0.4797 0.3887
vn 0.3750 0.2603 0.8897
vn -0.0841 -0.9391 -0.3333
vn 0.9515 -0.1043 0.2893
vn -0.0646 -0.0694 -0.9955
vn 0.8482 0.5260 -0.0625
vn -0.9677 -0.0354 -0.2495
vn -0.0551 0.9050 0.4218
vn 0.0934 -0.8101 -0.5788
vn 0.0553 -0.5735 0.8173
vn 0.6866 -0.0158 -0.7268
vn 0.6786 0.0168 0.7343
vn -0.1214 0.8043 -0.5817
vn -0.0952 0.5695 0.8164
vn -0.5629 -0.3972 -0.7248
vn -0.5778 -0.3645 0.7303
vn 0.0016 0.9641 -0.2656
vn 0.0099 -0.4584 -0.8887
vn 0.4994 0.8199 0.2799
vn 0.7995 -0.4528 -0.3947
vn -0.0109 0.0656 0.9978
vn 0.0021 -1.0000 0.0011
vn -0.3811 0.8948 0.2326
vn -0.7885 -0.2881 -0.5434
vn -0.7781 0.4793 -0.4059
vn 0.3945 -0.2601 -0.8813
vn -0.0918 0.9390 0.3314
vn -0.0918 0.9391 0.3311
vn 0.9576 0.1050 -0.2685
vn 0.9576 0.1047 -0.2682
vn 0.9576 0.1044 -0.2683
vn -0.0865 0.0693 0.9938
vn -0.0868 0.0695 0.9938
vn -0.0866 0.0690 0.9939
vn 0.8469 -0.5256 0.0812
vn 0.8467 -0.5258 0.0813
vn -0.9730 0.0349 0.2281
vn -0.0455 -0.9050 -0.4229
vn -0.0570 -0.0507 0.9971
vn -0.0550 -0.0506 0.9972
vn -0.0554 -0.0501 0.9972
vn 0.5148 0.8563 0.0417
vn 0.5136 0.8570 0.0414
vn 0.5142 0.8566 0.0431
vn -0.0394 -0.9722 0.2307
vn -0.0411 -0.9732 0.2263
vn -0.0384 -0.9726 0.2294
vn 0.8779 -0.0597 -0.4751
vn 0.8775 -0.0630 -0.4754
vn 0.8770 -0.0602 -0.4767
vn -0.4666 -0.8028 -0.3712
vn -0.4692 -0.8009 -0.3720
vn -0.4667 -0.8015 -0.3740
vn 0.2425 0.3662 -0.8984
vn 0.2450 0.3642 -0.8985
vn -0.9375 -0.1001 0.3332
vn -0.9374 -0.1005 0.3333
vn -0.1286 0.9411 -0.3128
vn -0.1282 0.9410 -0.3131
vn -0.1286 0.9409 -0.3134
vn -0.9436 -0.0094 -0.3308
vn -0.9430 -0.0116 -0.3326
vn -0.9440 -0.0060 -0.3298
vn 0.4162 -0.0177 -0.9091
vn 0.4129 -0.0212 -0.9105
vn 0.4142 -0.0187 -0.9100
vn -0.6798 0.6089 0.4089
vn -0.6775 0.6089 0.4126
vn -0.6780 0.6106 0.4092
vn 0.6084 0.7362 -0.2965
vn 0.6062 0.7364 -0.3003
vn 0.6072 0.7371 -0.2965
vn -0.0352 0.0207 0.9992
vn -0.0336 0.0236 0.9992
vn -0.0351 0.0242 0.9991
vn 0.9999 0.0022 0.0107
vn 0.9999 0.0038 0.0119
vn 0.9999 0.0002 0.0120
vn -0.7919 -0.5012 0.3488
vn -0.7907 -0.5048 0.3464
vn -0.7904 -0.5027 0.3501
vn 0.4459 -0.8080 -0.3852
vn 0.4433 -0.8074 -0.3894
vn 0.4483 -0.8064 -0.3856
vn -0.7932 0.4907 0.3606
vn -0.7948 0.4882 0.3604
vn -0.7929 0.4894 0.3631
vn 0.3835 -0.2183 0.8974
vn 0.3854 -0.2157 0.8972
vn 0.3839 -0.2177 0.8974
vn -0.7628 -0.4849 -0.4279
vn -0.7632 -0.4842 -0.4278
vn -0.7624 -0.4849 -0.4285
vn 0.4612 -0.8405 0.2843
vn 0.4611 -0.8401 0.2856
vn 0.4603 -0.8407 0.2852
vn -0.0776 0.0284 -0.9966
vn -0.0758 0.0300 -0.9967
vn -0.0749 0.0295 -0.9968
vn 0.8585 -0.5111 -0.0408
vn 0.8578 -0.5124 -0.0407
vn 0.8579 -0.5120 -0.0427
vn -0.4208 0.8874 -0.1883
vn -0.4232 0.8873 -0.1836
vn -0.4199 0.8882 -0.1864
vn 0.7916 0.3751 0.4824
vn 0.7904 0.3783 0.4819
vn 0.7908 0.3758 0.4831
vn 0.0111 -0.0656 -0.9978
vn 0.0017 1.0000 -0.0011
vn -0.3755 -0.8950 -0.2408
vn -0.8004 0.2878 0.5259
vn -0.0038 -0.9641 0.2656
vn -0.0098 0.4585 0.8887
vn 0.5058 -0.8197 -0.2688
vn 0.7904 0.4532 0.4121
vn 0.0262 0.0221 0.9994
vn -0.9998 -0.0025 -0.0174
vn 0.8866 0.3841 0.2578
vn -0.2701 0.7823 -0.5613
vn 0.9577 -0.0049 -0.2876
vn 0.9577 -0.0050 -0.2876
vn -0.4210 -0.0204 -0.9068
vn 0.6559 -0.6663 0.3547
vn -0.0355 0.0506 -0.9981
vn -0.0326 0.0505 -0.9982
vn -0.0333 0.0496 -0.9982
vn 0.5165 -0.8558 -0.0302
vn 0.5149 -0.8567 -0.0296
vn 0.5158 -0.8561 -0.0321
vn -0.0346 0.9721 -0.2320
vn -0.0369 0.9732 -0.2270
vn -0.0334 0.9725 -0.2303
vn 0.8670 0.0599 0.4947
vn 0.8667 0.0637 0.4947
vn 0.8661 0.0610 0.4961
vn -0.4747 0.8027 0.3610
vn -0.4777 0.8007 0.3615
vn -0.4751 0.8012 0.3638
vn 0.2228 -0.3660 0.9036
vn 0.2257 -0.3639 0.9037
vn -0.9300 0.0996 -0.3538
vn -0.9298 0.1004 -0.3540
vn -0.1353 -0.9411 0.3097
vn -0.1346 -0.9411 0.3103
vn -0.1352 -0.9408 0.3108
vn -0.9438 -0.0049 -0.3305
vn -0.9430 -0.0032 -0.3328
vn -0.9430 -0.0095 -0.3327
vn 0.4163 -0.0231 -0.9089
vn 0.4130 -0.0191 -0.9105
vn 0.4164 -0.0169 -0.9090
vn -0.7919 0.5160 0.3264
vn -0.7907 0.5196 0.3238
vn -0.7930 0.5162 0.3237
vn 0.4461 0.7900 -0.4205
vn 0.4434 0.7894 -0.4246
vn 0.4452 0.7906 -0.4204
vn -0.0353 0.0236 0.9991
vn -0.0337 0.0207 0.9992
vn -0.0342 0.0233 0.9991
vn 0.9999 -0.0017 0.0106
vn 0.9999 -0.0031 0.0121
vn 0.9999 -0.0003 0.0102
vn -0.6801 -0.5902 0.4349
vn -0.6775 -0.5901 0.4390
vn -0.6798 -0.5889 0.4372
vn 0.6084 -0.7485 -0.2638
vn 0.6059 -0.7491 -0.2679
vn 0.6096 -0.7471 -0.2650
vn -0.7761 0.5222 -0.3536
vn -0.7862 0.4714 -0.3997
vn 0.4037 -0.2575 -0.8779
vn 0.4049 -0.2550 -0.8781
vn 0.4056 -0.2591 -0.8766
vn -0.4245 0.8947 0.1392
vn -0.4266 0.8943 0.1348
vn -0.4273 0.8934 0.1391
vn 0.8022 0.3541 -0.4807
vn 0.8010 0.3569 -0.4806
vn 0.8036 0.3553 -0.4775
vn -0.0992 0.0725 0.9924
vn -0.0977 0.0738 0.9925
vn -0.0965 0.0750 0.9925
vn 0.8570 -0.5087 0.0823
vn 0.8563 -0.5099 0.0823
vn 0.8560 -0.5102 0.0828
vn -0.7723 -0.4653 0.4325
vn -0.7725 -0.4653 0.4321
vn -0.7721 -0.4658 0.4323
vn 0.4667 -0.8520 -0.2373
vn 0.4668 -0.8518 -0.2377
vn 0.4847 -0.8124 0.3240
vn 0.7721 0.4648 -0.4333
vn 0.0016 -0.9749 -0.2228
vn 0.0099 0.4188 -0.9080
vn -0.3811 -0.8837 0.2718
vn -0.7885 0.2638 -0.5556
vn -0.0113 0.0304 0.9995
vn 0.0004 0.9964 -0.0845
vn -0.0919 -0.9235 0.3725
vn 0.9576 -0.1166 -0.2633
vn -0.7781 -0.4968 -0.3844
vn 0.3945 0.2208 -0.8919
vn -0.9700 -0.0414 0.2397
vn -0.0053 0.8788 -0.4771
vn -0.0053 0.8789 -0.4771
vn -0.0497 -0.0028 0.9988
vn 0.8501 0.5264 0.0149
vn 0.5140 0.5209 -0.6815
vn 0.4213 0.4733 0.7736
vn 0.0065 0.7912 -0.6115
vn 0.0064 0.7912 -0.6115
vn -0.0082 0.5774 0.8165
vn -0.0083 0.5774 0.8165
vn 0.9992 -0.0057 -0.0390
vn 0.9992 -0.0056 -0.0390
vn 0.3477 0.0220 0.9374
vn 0.3477 0.0211 0.9374
vn 0.9997 0.0048 0.0259
vn 0.3115 0.0183 0.9501
vn 0.9997 -0.0036 0.0261
vn 0.9997 -0.0037 0.0261
vn 0.9997 0.0006 0.0260
vn 0.3115 0.0238 0.9500
vn 0.3115 0.0210 0.9500
vn 0.9992 0.0039 -0.0392
vn 0.3476 0.0195 0.9374
vn 0.0058 -0.8361 -0.5485
vn -0.0108 -0.5006 0.8656
vn -0.7282 -0.4690 -0.4997
vn -0.4152 -0.2323 0.8796
vn -0.4412 -0.7483 -0.4954
vn -0.2570 -0.3948 0.8821
vn -0.8519 -0.0111 -0.5236
vn -0.5040 0.0199 0.8635
vn -0.7350 0.4304 -0.5240
vn -0.4145 0.2622 0.8714
vn -0.7350 -0.4531 -0.5044
vn -0.4145 -0.2234 0.8822
vn -0.8519 -0.0121 -0.5236
vn -0.5041 0.0183 0.8635
vn -0.4413 0.7258 -0.5276
vn -0.2573 0.4341 0.8633
vn -0.5566 -0.3720 -0.7429
vn -0.5490 -0.3288 0.7685
vn 0.3089 -0.7901 -0.5295
vn 0.1790 -0.4734 0.8625
vn 0.8398 -0.0124 -0.5428
vn 0.5101 0.0195 0.8599
vn 0.6953 -0.4880 -0.5276
vn 0.4169 -0.2762 0.8660
vn 0.6953 0.4642 -0.5487
vn 0.4169 0.3142 0.8529
vn 0.8398 -0.0117 -0.5428
vn 0.5101 0.0185 0.8599
vn 0.3142 0.7794 -0.5421
vn 0.1727 0.4886 0.8553
vn 0.7345 0.4257 -0.5284
vn 0.4332 0.2852 0.8550
vn 0.8310 -0.0117 -0.5561
vn 0.5196 0.0196 0.8542
vn 0.0135 0.9858 -0.1671
vn -0.0173 0.3820 0.9240
vn -0.0173 0.3821 0.9240
vn -0.0027 0.9917 -0.1283
vn -0.0071 0.3634 0.9316
vn -0.0070 0.3634 0.9316
vn -0.5995 0.5847 -0.5466
vn -0.3704 0.3745 0.8500
vn -0.8484 -0.0117 -0.5292
vn -0.5221 0.0185 0.8527
vn -0.8477 0.0166 -0.5303
vn -0.5294 0.0361 0.8476
vn -0.8477 -0.0400 -0.5289
vn -0.5295 0.0014 0.8483
vn -0.5221 0.0192 0.8527
vn -0.5995 -0.6083 -0.5202
vn -0.3704 -0.3365 0.8658
vn 0.0021 -0.9437 -0.3309
vn -0.0118 -0.7742 0.6329
vn 0.0092 -0.9005 -0.4347
vn 0.0091 -0.9005 -0.4347
vn 0.0094 -0.7856 0.6187
vn 0.0095 -0.7856 0.6187
vn 0.8203 -0.0129 -0.5717
vn 0.5390 0.0199 0.8421
vn -0.6707 0.5899 -0.4496
vn -0.6679 0.5898 -0.4538
vn -0.6702 0.5886 -0.4521
vn 0.6020 0.7488 0.2772
vn 0.5993 0.7494 0.2814
vn 0.6034 0.7473 0.2783
vn -0.9509 0.0042 0.3095
vn -0.9501 0.0027 0.3119
vn -0.9501 0.0092 0.3118
vn 0.3961 0.0235 0.9179
vn 0.3927 0.0194 0.9195
vn 0.3960 0.0170 0.9181
vn -0.7843 -0.5163 -0.3438
vn -0.7830 -0.5201 -0.3412
vn -0.7854 -0.5167 -0.3408
vn 0.4372 -0.7898 0.4302
vn 0.4343 -0.7891 0.4344
vn 0.4362 -0.7904 0.4300
vn -0.0132 -0.0237 -0.9996
vn -0.0116 -0.0207 -0.9997
vn -0.0121 -0.0234 -0.9997
vn 0.9999 0.0022 0.0115
vn 0.9999 0.0036 0.0099
vn 0.9999 0.0009 0.0118
vn -0.7849 -0.4910 -0.3779
vn -0.7864 -0.4887 -0.3779
vn -0.7845 -0.4898 -0.3803
vn 0.4032 0.2185 -0.8887
vn 0.4049 0.2159 -0.8885
vn 0.4035 0.2179 -0.8886
vn -0.7722 0.4844 0.4111
vn -0.7727 0.4838 0.4109
vn -0.7719 0.4844 0.4117
vn 0.4668 0.8408 -0.2742
vn 0.4669 0.8403 -0.2754
vn 0.4661 0.8409 -0.2750
vn -0.0995 -0.0283 0.9946
vn -0.0978 -0.0300 0.9948
vn -0.0968 -0.0296 0.9949
vn 0.8572 0.5115 0.0598
vn 0.8564 0.5129 0.0597
vn 0.8565 0.5125 0.0616
vn -0.4243 -0.8877 0.1789
vn -0.4266 -0.8875 0.1743
vn -0.4234 -0.8885 0.1770
vn 0.8021 -0.3748 -0.4649
vn 0.8011 -0.3777 -0.4643
vn 0.8015 -0.3753 -0.4655
vn 0.7977 0.1552 0.5828
vn -0.3032 -0.8556 0.4196
vn 0.0833 0.6740 0.7340
vn -0.7433 -0.4707 0.4754
vn 0.1748 0.8101 -0.5596
vn -0.8013 -0.3592 -0.4784
vn 0.8093 0.4709 -0.3511
vn 0.1045 -0.7456 -0.6582
vn -0.0841 0.9234 -0.3745
vn -0.0841 0.9236 -0.3739
vn -0.0834 0.9235 -0.3745
vn 0.9514 0.1175 0.2848
vn 0.9516 0.1170 0.2843
vn -0.7866 0.4964 0.3671
vn 0.3749 -0.2206 0.9004
vn -0.9645 0.0410 -0.2610
vn -0.0154 -0.8788 0.4769
vn -0.0277 0.0028 -0.9996
vn -0.0283 0.0031 -0.9996
vn 0.8505 -0.5260 0.0039
vn 0.8501 -0.5265 0.0036
vn 0.8506 -0.5259 0.0033
vn -0.0348 -0.9815 -0.1880
vn -0.0366 -0.9823 -0.1839
vn -0.0380 -0.9813 -0.1887
vn 0.8673 -0.0383 0.4963
vn 0.8668 -0.0415 0.4970
vn 0.8685 -0.0387 0.4942
vn -0.0348 -0.0947 -0.9949
vn -0.0335 -0.0946 -0.9949
vn -0.0324 -0.0953 -0.9949
vn 0.5159 0.8539 -0.0683
vn 0.5147 0.8546 -0.0684
vn -0.9300 -0.1151 -0.3491
vn -0.1346 0.9539 0.2683
vn -0.4750 -0.7858 0.3961
vn -0.4777 -0.7839 0.3966
vn 0.2228 0.4056 0.8865
vn 0.2254 0.4036 0.8867
vn 0.2242 0.4080 0.8850
vn 0.7311 -0.6708 0.1240
vn 0.7310 -0.6711 0.1239
vn 0.7310 -0.6711 0.1236
vn -0.1189 0.1207 0.9855
vn -0.1186 0.1209 0.9856
vn 0.8303 0.3341 -0.4460
vn 0.8303 0.3339 -0.4462
vn -0.0674 0.7863 0.6142
vn -0.0669 0.7864 0.6141
vn -0.0672 0.7866 0.6138
vn -0.1525 0.1288 -0.9799
vn -0.1530 0.1288 -0.9798
vn -0.1526 0.1292 -0.9798
vn -0.7141 0.6587 0.2369
vn -0.7138 0.6591 0.2368
vn 0.0038 -0.9049 -0.4257
vn 0.0035 -0.9048 -0.4258
vn -0.7266 -0.2206 0.6507
vn -0.7266 -0.2203 0.6507
vn -0.7268 -0.2207 0.6504
vn -0.3755 0.8835 -0.2802
vn -0.8004 -0.2642 0.5381
vn 0.0107 -0.0304 -0.9995
vn -0.0010 -0.9964 0.0845
vn 0.4914 0.8126 -0.3133
vn 0.7627 -0.4644 0.4502
vn -0.0038 0.9749 0.2227
vn -0.0098 -0.4187 0.9081
vn 0.8204 0.3540 0.4490
vn -0.0535 0.7584 -0.6496
vn 0.7332 -0.6755 -0.0780
vn -0.0971 0.0769 -0.9923
vn -0.0061 -0.8852 0.4652
vn -0.7121 -0.2496 -0.6562
vn -0.1740 0.1719 0.9696
vn -0.7081 0.6476 -0.2814
vn 0.7310 0.6759 0.0941
vn -0.1189 -0.0770 0.9899
vn 0.0038 0.8852 -0.4652
vn -0.7266 0.2492 0.6403
vn -0.1525 -0.1720 -0.9732
vn -0.1526 -0.1720 -0.9732
vn -0.7138 -0.6480 0.2658
vn 0.8303 -0.3537 -0.4307
vn -0.0674 -0.7584 0.6483
vn 0.9978 0.0649 0.0096
vn -0.1151 0.9931 -0.0232
vn 0.5254 -0.3272 -0.7854
vn -0.6989 0.4103 -0.5859
vn 0.3839 -0.9230 0.0246
vn -0.9439 -0.3301 -0.0031
vn 0.5078 -0.2919 0.8105
vn -0.7114 0.4355 0.5516
vn 0.4510 0.8924 -0.0148
vn 0.4514 0.8922 -0.0146
vn -0.9283 0.3713 -0.0184
vn -0.9283 0.3714 -0.0181
vn 0.6546 -0.0155 -0.7558
vn -0.8548 -0.0167 -0.5187
vn 0.8128 -0.5821 0.0218
vn -0.6288 -0.7775 0.0103
vn 0.6377 0.0182 0.7700
vn 0.6375 0.0186 0.7702
vn -0.8663 0.0059 0.4995
vn -0.8660 0.0058 0.4999
vn -0.8660 0.0063 0.5001
vn -0.0111 -0.0417 0.9991
vn -0.0118 -0.0426 0.9990
vn 0.0013 -0.9985 -0.0544
vn 0.0007 -0.9986 -0.0535
vn -0.0004 -0.9986 -0.0534
vn -0.7743 0.5239 0.3549
vn -0.7741 0.5220 0.3583
vn -0.7734 0.5235 0.3576
vn -0.5752 -0.6721 -0.4662
vn -0.5748 -0.6701 -0.4696
vn -0.5737 -0.6736 -0.4659
vn 0.0029 0.9510 -0.3091
vn 0.0001 0.9512 -0.3086
vn 0.0048 0.9517 -0.3070
vn 0.0077 -0.3334 -0.9427
vn 0.0106 -0.3339 -0.9426
vn 0.6727 0.6040 0.4273
vn 0.6824 -0.6021 -0.4145
vn -0.5786 -0.0378 -0.8147
vn -0.5785 -0.0381 -0.8148
vn -0.5786 -0.0373 -0.8148
vn 0.8148 0.0132 -0.5796
vn 0.8152 0.0139 -0.5790
vn 0.8154 0.0140 -0.5788
vn -0.7364 0.6761 -0.0231
vn -0.7367 0.6758 -0.0231
vn -0.7361 0.6764 -0.0224
vn 0.7117 0.7024 -0.0080
vn 0.7121 0.7020 -0.0074
vn 0.7124 0.7018 -0.0074
vn -0.5968 -0.0017 0.8024
vn -0.5965 -0.0014 0.8026
vn -0.5970 -0.0014 0.8022
vn 0.8023 0.0400 0.5956
vn 0.8020 0.0400 0.5959
vn -0.7070 -0.7072 0.0079
vn 0.7419 -0.6702 0.0230
vn 0.7417 -0.6704 0.0228
vn -0.1741 -0.1293 0.9762
vn -0.1740 -0.1293 0.9762
vn -0.1735 -0.1290 0.9764
vn -0.7080 -0.6593 -0.2529
vn -0.7078 -0.6598 -0.2525
vn -0.7081 -0.6596 -0.2520
vn -0.0063 0.9051 0.4252
vn -0.0060 0.9049 0.4256
vn -0.0056 0.9050 0.4254
vn -0.7120 0.2208 -0.6666
vn -0.7121 0.2203 -0.6666
vn 0.7332 0.6714 -0.1078
vn 0.7335 0.6710 -0.1086
vn -0.0981 -0.1208 -0.9878
vn -0.0971 -0.1207 -0.9879
vn -0.0965 -0.1214 -0.9879
vn 0.8203 -0.3334 0.4647
vn 0.8203 -0.3339 0.4644
vn 0.8210 -0.3334 0.4635
vn -0.0530 -0.7859 -0.6160
vn -0.0535 -0.7867 -0.6150
vn -0.0539 -0.7865 -0.6153
vn 0.0784 -0.0482 0.9958
vn 0.0780 -0.0477 0.9958
vn 0.7483 -0.5762 -0.3287
vn 0.7482 -0.5760 -0.3292
vn 0.7487 -0.5758 -0.3285
vn -0.6710 0.1743 0.7207
vn -0.6706 0.1742 0.7211
vn -0.6704 0.1748 0.7211
vn -0.4364 -0.8580 -0.2711
vn -0.4367 -0.8578 -0.2712
vn -0.7893 0.6081 0.0850
vn 0.1771 -0.1465 -0.9732
vn 0.2252 0.7584 0.6116
vn 0.8546 0.0560 -0.5162
vn -0.5620 0.8268 -0.0245
vn 0.8576 0.5143 -0.0019
vn -0.6163 0.0176 0.7873
vn 0.8176 0.0121 0.5757
vn -0.7301 -0.6833 0.0071
vn 0.7192 -0.6944 0.0233
vn -0.5988 -0.0176 -0.8007
vn 0.8301 -0.0130 -0.5575
vn 0.0087 0.5797 -0.8148
vn 0.0070 -0.8298 -0.5580
vn -0.0089 0.6151 0.7884
vn -0.0057 -0.8043 0.5942
vn -0.7928 0.6091 -0.0222
vn -0.5652 -0.8249 0.0120
vn -0.0111 0.0858 0.9962
vn -0.0118 0.0866 0.9962
vn -0.0122 0.0857 0.9962
vn 0.0012 0.9951 -0.0986
vn 0.0007 0.9952 -0.0976
vn 0.6727 -0.5846 0.4536
vn 0.6823 0.5832 -0.4407
vn 0.0029 -0.9637 -0.2668
vn 0.0001 -0.9639 -0.2664
vn 0.0078 0.2915 -0.9565
vn 0.0106 0.2919 -0.9564
vn 0.0092 0.2895 -0.9571
vn -0.7743 -0.5078 0.3777
vn -0.7741 -0.5056 0.3809
vn -0.7757 -0.5053 0.3780
vn -0.5752 0.6509 -0.4955
vn -0.5749 0.6487 -0.4987
vn -0.5759 0.6503 -0.4954
vn -0.8093 0.5871 -0.0219
vn 0.6137 0.7895 -0.0107
vn -0.6508 0.0165 0.7591
vn 0.8157 0.0150 0.5782
vn -0.8745 -0.4851 0.0011
vn 0.5268 -0.8496 0.0246
vn -0.6339 -0.0174 -0.7732
vn 0.8283 -0.0102 -0.5603
vn 0.2319 0.9726 -0.0190
vn 0.9584 -0.2850 0.0169
vn -0.4036 0.4905 0.7724
vn 0.5264 -0.6254 0.5761
vn -0.9968 -0.0792 -0.0092
vn 0.1343 -0.9907 0.0234
vn -0.3862 0.4556 -0.8020
vn 0.5386 -0.6500 -0.5361
vn 0.5254 0.2922 -0.7991
vn -0.6987 -0.4358 -0.5674
vn 0.9978 -0.0645 0.0124
vn -0.1151 -0.9931 0.0207
vn 0.5078 0.3275 0.7968
vn -0.7113 -0.4107 0.5704
vn 0.3839 0.9232 -0.0162
vn -0.9439 0.3297 -0.0177
vn 0.9805 0.1962 0.0065
vn -0.2895 0.9569 -0.0244
vn 0.4198 -0.3959 -0.8167
vn 0.4198 -0.3960 -0.8167
vn -0.6236 0.5672 -0.5380
vn 0.0955 -0.9952 0.0231
vn -0.9999 0.0125 -0.0113
vn 0.4016 -0.3592 0.8424
vn -0.6351 0.5901 0.4985
vn 0.8931 -0.4495 0.0198
vn 0.3701 0.9289 -0.0165
vn 0.0100 -0.6579 -0.7530
vn -0.0016 0.8413 -0.5405
vn -0.0069 -0.6239 0.7815
vn -0.0131 0.8644 0.5026
vn -0.4543 -0.3497 -0.8194
vn 0.6971 0.4837 -0.5293
vn -0.9924 0.1223 -0.0136
vn 0.2051 0.9785 -0.0194
vn -0.4724 -0.3133 0.8239
vn 0.6855 0.5070 0.5226
vn -0.0007 -0.9998 0.0221
vn 0.9949 0.1010 0.0087
vn -0.6532 0.6666 -0.3590
vn 0.9577 -0.0078 -0.2876
vn -0.4210 -0.0198 -0.9069
vn -0.4210 -0.0197 -0.9069
vn 0.8866 -0.3723 0.2745
vn -0.2701 -0.8063 -0.5262
vn 0.0262 0.0222 0.9994
vn -0.9998 0.0018 -0.0175
vn 0.0482 -0.0220 -0.9986
vn -1.0000 0.0021 -0.0046
vn 0.8922 -0.3837 -0.2382
vn -0.2819 -0.7824 0.5553
vn 0.9512 0.0054 0.3086
vn -0.4408 0.0202 0.8974
vn -0.6606 0.6815 0.3148
vn -0.0399 0.9817 0.1861
vn -0.0412 0.9823 0.1828
vn -0.0428 0.9812 0.1880
vn 0.8785 0.0393 -0.4760
vn 0.8774 0.0420 -0.4779
vn -0.0555 0.0946 0.9940
vn 0.5135 -0.8544 0.0797
vn -0.9375 0.1147 0.3285
vn -0.1282 -0.9539 -0.2712
vn -0.4664 0.7858 -0.4063
vn -0.4692 0.7837 -0.4070
vn 0.2424 -0.4054 -0.8814
vn 0.2452 -0.4034 -0.8816
vn 0.2440 -0.4081 -0.8797
vn -0.0155 -0.9996 0.0219
vn 0.9994 0.0321 0.0103
vn -0.3222 -0.5682 -0.7572
vn 0.4193 0.6870 -0.5935
vn -0.9900 -0.1412 -0.0078
vn -0.1177 0.9928 -0.0233
vn -0.3391 -0.5344 0.7742
vn 0.4065 0.7128 0.5716
vn 0.6559 0.6814 0.3249
vn 0.0481 -0.0222 -0.9986
vn -1.0000 -0.0023 -0.0045
vn 0.9512 0.0082 0.3086
vn -0.4408 0.0195 0.8974
vn 0.8922 0.3728 -0.2550
vn -0.2820 0.8062 0.5201
vn 0.9291 0.3699 0.0022
vn 0.9290 0.3702 0.0020
vn 0.9289 0.3704 0.0024
vn -0.4548 0.8903 -0.0247
vn -0.4547 0.8903 -0.0244
vn 0.6637 -0.0161 -0.7478
vn -0.8393 -0.0162 -0.5434
vn 0.6474 0.0175 0.7619
vn 0.6471 0.0173 0.7622
vn -0.8511 0.0074 0.5250
vn -0.8510 0.0078 0.5252
vn -0.8513 0.0077 0.5246
vn 0.0078 -0.6930 -0.7209
vn 0.0088 0.8566 -0.5159
vn -0.3707 -0.9286 0.0173
vn -0.3700 -0.9289 0.0165
vn -0.8905 0.4545 -0.0199
vn -0.8902 0.4551 -0.0194
vn -0.8906 0.4544 -0.0207
vn -0.0076 -0.6604 0.7509
vn -0.0084 -0.6605 0.7508
vn -0.0089 -0.6610 0.7504
vn -0.0022 0.8785 0.4777
vn -0.0017 0.8782 0.4783
vn 0.4948 -0.8686 0.0247
vn 0.8469 0.5317 -0.0024
vn -0.8093 -0.5874 0.0041
vn 0.6137 -0.7891 0.0242
vn -0.6339 -0.0168 -0.7733
vn 0.8283 -0.0146 -0.5602
vn -0.8745 0.4846 -0.0203
vn 0.5267 0.8499 -0.0130
vn -0.6508 0.0171 0.7591
vn 0.8157 0.0106 0.5783
vn 0.5195 -0.8541 0.0246
vn -0.8842 -0.4671 0.0006
vn 0.6128 0.0171 0.7900
vn -0.8490 0.0126 0.5283
vn 0.8211 0.5708 -0.0036
vn -0.6241 0.7810 -0.0241
vn 0.6301 -0.0176 -0.7763
vn -0.8371 -0.0112 -0.5469
vn 0.0466 -0.2511 -0.9668
vn 0.1473 -0.9542 0.2604
vn 0.6056 0.5073 -0.6131
vn 0.7459 -0.4148 0.5211
vn -0.1544 0.9835 0.0944
vn 0.0126 -0.1276 0.9917
vn -0.7329 0.1135 -0.6708
vn -0.4539 -0.7433 0.4913
vn 0.7136 0.6887 -0.1283
vn 0.7136 0.6888 -0.1283
vn -0.1364 -0.1059 0.9850
vn -0.1364 -0.1060 0.9850
vn 0.2499 0.6112 -0.7510
vn -0.7890 0.5571 0.2591
vn -0.0967 -0.1240 -0.9875
vn -0.0968 -0.1241 -0.9875
vn -0.6664 -0.6378 0.3862
vn 0.8341 -0.0319 -0.5507
vn 0.2768 -0.7363 0.6175
vn 0.1066 -0.9855 0.1317
vn -0.0254 0.1535 0.9878
vn 0.7348 -0.4632 -0.4955
vn 0.6160 0.5333 0.5797
vn -0.0185 0.2465 -0.9690
vn -0.1069 0.9622 0.2504
vn -0.4725 -0.7600 -0.4462
vn -0.7269 0.1787 0.6630
vn -0.8075 -0.5810 -0.1023
vn 0.1391 0.0699 -0.9878
vn -0.7312 0.3156 0.6047
vn 0.0672 0.8585 -0.5084
vn 0.1693 0.1501 0.9741
vn 0.7883 0.5564 -0.2626
vn 0.1968 -0.8433 0.5002
vn 0.7927 -0.0913 -0.6027
vn 0.1066 0.9904 0.0880
vn -0.0254 -0.1096 0.9936
vn -0.4726 0.7395 -0.4794
vn -0.7270 -0.1493 0.6702
vn -0.0185 -0.2891 -0.9571
vn -0.1069 -0.9502 0.2927
vn 0.7348 0.4408 -0.5155
vn 0.6160 -0.5072 0.6027
vn 0.7109 -0.6884 0.1440
vn -0.1147 0.1059 -0.9877
vn 0.2335 -0.6111 0.7563
vn -0.7829 -0.5574 -0.2763
vn -0.1185 0.1240 0.9852
vn -0.6581 0.6375 -0.4007
vn 0.8218 0.0323 0.5689
vn 0.2900 0.7364 -0.6112
vn 0.7230 -0.4403 0.5323
vn 0.7235 -0.4404 0.5316
vn 0.7238 -0.4396 0.5318
vn 0.6282 0.5080 -0.5893
vn 0.6288 0.5076 -0.5890
vn 0.1090 -0.9904 -0.0856
vn -0.0036 0.1096 -0.9940
vn -0.4826 -0.7397 0.4689
vn -0.7122 0.1489 -0.6860
vn -0.0397 0.2891 0.9565
vn -0.0390 0.2894 0.9564
vn -0.1009 0.9502 -0.2950
vn -0.1002 0.9504 -0.2945
vn -0.1003 0.9500 -0.2957
vn 0.2335 0.6440 0.7285
vn -0.7829 0.5447 -0.3008
vn 0.7109 0.6941 0.1134
vn -0.1147 -0.1494 -0.9821
vn 0.8244 -0.0121 0.5658
vn 0.3031 -0.7655 -0.5676
vn -0.0984 -0.0610 0.9933
vn -0.6658 -0.6626 -0.3431
vn -0.4479 0.8937 -0.0247
vn -0.4481 0.8937 -0.0243
vn -0.4474 0.8940 -0.0245
vn -0.8253 -0.5646 0.0038
vn -0.8256 -0.5643 0.0034
vn 0.0674 0.5142 -0.8550
vn -0.0869 -0.8635 -0.4968
vn 0.7483 0.6633 -0.0064
vn 0.5876 -0.8088 0.0244
vn 0.0484 0.5520 0.8324
vn 0.0488 0.5515 0.8327
vn -0.0982 -0.8408 0.5324
vn -0.0988 -0.8406 0.5326
vn -0.0984 -0.8411 0.5319
vn -0.5693 0.4464 0.6903
vn 0.7045 -0.5339 0.4676
vn -0.9218 0.3873 -0.0187
vn -0.3226 -0.9464 0.0174
vn -0.5538 0.4152 -0.7217
vn 0.7143 -0.5537 -0.4280
vn -0.0049 0.9997 -0.0222
vn 0.9959 -0.0894 0.0129
vn 0.4891 -0.4679 0.7361
vn -0.6507 0.6375 0.4125
vn 0.9785 -0.2059 0.0153
vn 0.0712 0.9972 -0.0213
vn 0.5049 -0.4997 -0.7038
vn -0.6411 0.6184 -0.4545
vn 0.5130 -0.8580 0.0246
vn -0.8908 -0.4544 0.0002
vn 0.6128 0.0179 0.7900
vn -0.8490 0.0108 0.5283
vn 0.5196 0.8543 -0.0125
vn 0.5194 0.8544 -0.0132
vn -0.8842 0.4667 -0.0201
vn -0.8839 0.4673 -0.0200
vn -0.8840 0.4670 -0.0207
vn 0.6301 -0.0167 -0.7763
vn 0.6296 -0.0170 -0.7767
vn 0.6298 -0.0162 -0.7766
vn -0.8372 -0.0137 -0.5468
vn -0.8371 -0.0130 -0.5469
vn 0.8210 -0.5705 0.0217
vn -0.6241 -0.7812 0.0104
vn 0.5257 -0.2202 -0.8217
vn -0.7729 0.3093 -0.5540
vn 0.3064 -0.9518 0.0154
vn -0.9749 -0.2224 -0.0079
vn 0.5075 -0.1992 0.8383
vn -0.7848 0.3230 0.5289
vn 0.9367 0.3501 0.0059
vn -0.4297 0.9028 -0.0162
vn 0.0937 0.0392 -0.9948
vn 0.8407 0.5280 0.1198
vn -0.6919 0.4418 -0.5710
vn 0.3181 0.8582 0.4029
vn -0.8325 -0.5166 0.2001
vn 0.2248 0.1593 0.9613
vn 0.1068 -0.8297 -0.5478
vn 0.9042 -0.0755 0.4204
vn -0.5150 -0.6531 -0.5552
vn 0.5704 -0.7026 0.4253
vn 0.1059 -0.0356 -0.9937
vn 0.9637 -0.2326 0.1314
vn -0.1557 0.8052 -0.5722
vn 0.8333 0.3669 0.4136
vn -0.9539 0.2334 0.1888
vn 0.2592 -0.0533 0.9643
vn -0.4913 0.2011 -0.8475
vn 0.7844 -0.3360 -0.5213
vn -0.4181 0.9082 -0.0161
vn 0.9434 0.3316 0.0062
vn -0.5097 0.2223 0.8311
vn 0.7727 -0.3225 0.5468
vn -0.9726 -0.2324 -0.0078
vn 0.3302 -0.9438 0.0156
vn 0.3158 -0.4472 0.8368
vn -0.4909 0.6896 0.5324
vn 0.9964 -0.0837 0.0120
vn -0.0030 0.9999 -0.0127
vn 0.3340 -0.4681 -0.8181
vn -0.4789 0.6758 -0.5603
vn -0.1290 -0.9916 0.0111
vn -0.9785 0.2058 -0.0133
vn -0.9075 0.3826 -0.1736
vn 0.1667 -0.0785 -0.9829
vn -0.3013 0.8503 0.4315
vn 0.6384 0.4444 -0.6285
vn 0.2056 -0.0803 0.9753
vn 0.8958 -0.3853 -0.2218
vn -0.8501 -0.2882 0.4408
vn 0.0640 -0.8004 -0.5961
vn -0.1960 -0.9595 -0.2022
vn 0.0666 0.2581 -0.9638
vn -0.8127 -0.1842 0.5528
vn -0.3867 0.8189 -0.4241
vn 0.0091 0.1093 0.9940
vn 0.2028 0.9711 -0.1255
vn 0.6449 -0.5250 0.5554
vn 0.7103 0.5670 -0.4170
vn -0.9494 0.2283 -0.2157
vn 0.2805 -0.0776 -0.9567
vn -0.1681 0.8194 0.5480
vn 0.8423 0.3565 -0.4043
vn 0.0838 -0.0104 0.9964
vn 0.9663 -0.2356 -0.1036
vn -0.5272 -0.6389 0.5602
vn 0.5795 -0.7130 -0.3948
vn 0.7822 -0.1957 -0.5915
vn 0.5259 -0.1191 0.8422
vn 0.1826 0.7955 -0.5778
vn 0.1057 0.5317 0.8403
vn -0.5170 0.4818 -0.7075
vn -0.4838 0.4402 0.7564
vn -0.1614 -0.7613 -0.6280
vn -0.1421 -0.5780 0.8036
vn 0.5916 -0.8060 0.0167
vn 0.7089 0.7053 -0.0011
vn -0.1158 -0.5263 -0.8424
vn 0.2126 0.8484 -0.4848
vn -0.8954 -0.4453 -0.0042
vn -0.3069 0.9516 -0.0154
vn -0.1345 -0.5050 0.8526
vn 0.2021 0.8605 0.4676
vn 0.6847 0.4056 -0.6055
vn 0.5085 0.3253 0.7973
vn -0.3666 0.6053 -0.7066
vn -0.3559 0.5800 0.7327
vn -0.6714 -0.4210 -0.6100
vn -0.5260 -0.3052 0.7939
vn 0.3819 -0.6229 -0.6828
vn 0.3396 -0.5612 0.7548
vn -0.4976 -0.3199 -0.8063
vn 0.7235 0.4333 -0.5374
vn -0.9775 0.2106 -0.0134
vn 0.2589 0.9659 -0.0094
vn -0.5153 -0.2995 0.8030
vn 0.7117 0.4469 0.5420
vn -0.0529 -0.9985 0.0121
vn 0.9985 0.0528 0.0103
vn 0.5445 0.3291 0.7715
vn -0.7411 -0.4179 0.5255
vn 0.0464 0.9988 -0.0121
vn -0.9998 -0.0156 -0.0108
vn 0.5614 0.3096 -0.7674
vn -0.7294 -0.4313 -0.5310
vn 0.8882 -0.4592 0.0156
vn -0.5134 -0.8581 0.0052
vn -0.9938 0.1101 -0.0123
vn -0.0307 -0.9995 0.0123
vn -0.3517 0.4057 -0.8437
vn 0.5569 -0.6427 -0.5260
vn -0.0854 0.9963 -0.0135
vn 0.9998 -0.0167 0.0113
vn -0.3701 0.4268 0.8252
vn 0.5450 -0.6291 0.5543
vn -0.9621 0.2321 -0.1435
vn -0.0730 0.0277 0.9969
vn -0.4184 -0.6755 -0.6072
vn 0.1703 -0.6314 0.7565
vn 0.4438 -0.1166 -0.8885
vn 0.8603 -0.2041 0.4672
vn -0.0650 0.7805 -0.6218
vn 0.4443 0.4973 0.7452
vn 0.8671 0.4904 0.0871
vn -0.1402 -0.0625 0.9881
vn -0.0559 0.5457 -0.8361
vn -0.9605 0.1012 0.2594
vn -0.2211 -0.1417 -0.9649
vn -0.8425 -0.4650 0.2720
vn 0.8841 -0.0797 -0.4604
vn 0.2084 -0.6727 0.7099
vn 0.0526 0.1728 -0.9835
vn 0.2107 0.9507 0.2276
vn -0.5574 -0.7344 -0.3872
vn -0.6647 0.2957 0.6861
vn -0.2179 -0.9760 0.0023
vn -0.2178 -0.9760 0.0023
vn 0.0410 0.2501 0.9674
vn 0.6782 -0.2858 -0.6770
vn 0.5613 0.7347 0.3811
vn 0.5185 -0.2452 0.8192
vn -0.7355 0.3607 0.5735
vn 0.9523 0.3051 0.0066
vn -0.3501 0.9366 -0.0157
vn 0.5364 -0.2657 -0.8011
vn -0.7226 0.3459 -0.5985
vn 0.3535 -0.9353 0.0157
vn -0.9535 -0.3015 -0.0067
vn 0.8061 0.5918 0.0014
vn -0.7052 0.7089 -0.0167
vn 0.5249 -0.1358 -0.8403
vn -0.8492 0.2013 -0.4881
vn 0.4452 -0.8953 0.0162
vn -0.9517 -0.3069 -0.0066
vn 0.5062 -0.1143 0.8548
vn -0.8597 0.2133 0.4641
vn -0.0067 0.7988 0.6016
vn 0.0088 0.5920 -0.8059
vn -0.6802 0.3970 0.6162
vn -0.5278 0.3016 -0.7940
vn -0.0075 0.6855 0.7280
vn -0.0074 0.6855 0.7280
vn 0.0061 0.6678 -0.7443
vn 0.7211 -0.4128 0.5564
vn 0.4514 -0.2660 -0.8518
vn -0.0060 -0.8328 0.5536
vn 0.0095 -0.5212 -0.8534
vn -0.7331 -0.4130 0.5404
vn -0.4325 -0.2661 -0.8615
vn -0.7331 0.4266 0.5297
vn -0.4325 0.2442 -0.8679
vn -0.0060 0.8465 0.5323
vn 0.0095 0.4994 -0.8663
vn 0.5778 -0.3281 0.7473
vn 0.5936 -0.3495 -0.7249
vn -0.0066 -0.7697 0.6384
vn 0.0103 -0.6303 -0.7763
vn 0.6782 -0.3876 0.6243
vn 0.5303 -0.3111 -0.7887
vn 0.6782 0.4033 0.6143
vn 0.5302 0.2910 -0.7963
vn 0.3258 0.6341 -0.7013
vn -0.5391 0.6794 0.4978
vn -0.2305 0.0630 -0.9710
vn -0.9193 0.2895 0.2665
vn -0.1030 -0.6934 -0.7131
vn -0.1030 -0.6935 -0.7131
vn -0.8661 -0.2063 0.4552
vn 0.9527 -0.3037 -0.0114
vn -0.1523 0.0575 0.9867
vn -0.9676 0.2333 -0.0963
vn 0.2461 -0.0701 -0.9667
vn -0.1695 0.8264 0.5370
vn 0.8383 0.3553 -0.4135
vn 0.1559 -0.0276 0.9874
vn 0.9539 -0.2316 -0.1907
vn 0.9539 -0.2316 -0.1906
vn -0.9097 -0.1764 0.3760
vn -0.0178 -0.7272 -0.6862
vn 0.6796 0.0102 0.7335
vn 0.0822 0.9738 -0.2121
vn 0.5180 -0.8235 -0.2312
vn 0.5180 -0.8236 -0.2312
vn -0.1402 0.2259 -0.9640
vn -0.0774 -0.9056 0.4171
vn -0.8133 -0.0846 -0.5756
vn -0.0798 0.1237 0.9891
vn -0.5211 0.8391 -0.1563
vn 0.5445 -0.3095 0.7796
vn -0.7410 0.4311 0.5148
vn 0.8882 0.4594 0.0040
vn -0.5134 0.8580 -0.0165
vn 0.5614 -0.3289 -0.7593
vn -0.7294 0.4177 -0.5417
vn 0.0464 -0.9988 0.0132
vn -0.9998 0.0152 -0.0112
vn 0.0299 -0.0738 0.9968
vn -0.0045 -0.0499 0.9987
vn 0.0205 -0.0775 0.9968
vn -0.5560 -0.8123 -0.1763
vn -0.5488 -0.8188 -0.1688
vn -0.5516 -0.8111 -0.1945
vn -0.2922 0.3800 0.8776
vn -0.3003 0.3846 0.8729
vn -0.2741 0.3893 0.8794
vn -0.9099 -0.3216 -0.2620
vn -0.8995 -0.3518 -0.2590
vn -0.9054 -0.3421 -0.2516
vn 0.5853 0.8079 -0.0692
vn 0.6128 0.7862 -0.0795
vn 0.5941 0.8003 -0.0807
vn -0.0629 -0.1462 -0.9873
vn -0.0957 -0.1595 -0.9826
vn -0.0626 -0.1362 -0.9887
vn 0.5279 0.8327 0.1673
vn 0.5543 0.8158 0.1652
vn 0.5225 0.8391 0.1510
vn -0.0393 0.0004 -0.9992
vn -0.0227 0.0345 -0.9991
vn -0.0173 0.0179 -0.9997
vn 0.6030 -0.3254 0.7283
vn 0.5967 -0.2938 0.7468
vn 0.5904 -0.3393 0.7323
vn -0.1047 -0.8953 -0.4330
vn -0.0630 -0.8854 -0.4606
vn -0.0657 -0.9019 -0.4269
vn -0.1273 -0.1645 0.9781
vn -0.1667 -0.1508 0.9744
vn -0.1665 -0.1883 0.9679
vn -0.5847 -0.7696 -0.2565
vn -0.5830 -0.7680 -0.2649
vn -0.5932 -0.7683 -0.2403
vn 0.5613 0.8155 -0.1409
vn 0.5613 0.8088 -0.1756
vn 0.5205 0.8373 -0.1674
vn -0.0691 0.0729 0.9949
vn -0.0406 0.0622 0.9972
vn -0.0483 0.0699 0.9964
vn -0.1524 -0.1976 -0.9684
vn -0.1452 -0.1754 -0.9737
vn -0.1419 -0.2158 -0.9661
vn -0.5673 -0.7904 0.2311
vn -0.5889 -0.7613 0.2713
vn -0.6027 -0.7632 0.2328
vn 0.6222 -0.3442 -0.7031
vn 0.6128 -0.3125 -0.7258
vn 0.6209 -0.3455 -0.7036
vn -0.1187 -0.8846 0.4509
vn -0.0734 -0.8735 0.4813
vn -0.0881 -0.8680 0.4887
vn 0.6139 0.7863 0.0698
vn 0.6111 0.7881 0.0730
vn 0.6013 0.7953 0.0765
vn -0.1122 -0.0936 0.9893
vn -0.1174 -0.1347 0.9839
vn -0.0848 -0.1184 0.9893
vn -0.2726 0.3576 -0.8932
vn -0.2819 0.3605 -0.8891
vn -0.2461 0.3826 -0.8906
vn -0.9155 -0.3151 0.2500
vn -0.9051 -0.3466 0.2464
vn -0.8969 -0.3425 0.2798
vn 0.0163 -0.0828 -0.9964
vn 0.0153 -0.0751 -0.9971
vn 0.0461 -0.0604 -0.9971
vn -0.5283 -0.8297 0.1799
vn -0.5539 -0.8138 0.1759
vn -0.5415 -0.8229 0.1719
vn 0.6916 0.3827 -0.6125
vn -0.3431 0.8966 0.2799
vn -0.0628 0.0237 -0.9977
vn -0.8955 0.4399 0.0672
vn -0.8955 0.4400 0.0672
vn 0.1517 -0.8273 -0.5408
vn -0.8508 -0.3338 0.4059
vn 0.8618 -0.4155 0.2908
vn -0.2588 0.1324 0.9568
vn -0.0337 0.0752 -0.9966
vn -0.4515 0.8866 0.1006
vn -0.4821 -0.6912 -0.5383
vn -0.8359 0.3717 0.4038
vn 0.4411 -0.8692 0.2233
vn -0.1360 0.2587 0.9563
vn 0.8288 0.0354 -0.5584
vn 0.8288 0.0354 -0.5585
vn 0.1425 0.9069 0.3965
vn -0.5445 -0.3291 -0.7715
vn 0.7410 0.4179 -0.5256
vn -0.8882 0.4591 -0.0156
vn 0.5133 0.8582 -0.0052
vn -0.5615 -0.3096 0.7674
vn 0.7294 0.4313 0.5310
vn -0.0464 -0.9988 0.0121
vn 0.9998 0.0155 0.0108
vn -0.8504 0.4526 -0.2683
vn -0.8503 0.4529 -0.2679
vn 0.2336 -0.1311 -0.9635
vn 0.2331 -0.1311 -0.9636
vn 0.2335 -0.1306 -0.9635
vn -0.3563 0.8890 0.2876
vn -0.3560 0.8890 0.2879
vn -0.3565 0.8889 0.2876
vn 0.7015 0.3569 -0.6168
vn 0.7017 0.3561 -0.6171
vn 0.7015 0.3562 -0.6172
vn 0.1359 -0.0648 0.9886
vn 0.1362 -0.0649 0.9886
vn 0.1352 -0.0647 0.9887
vn 0.8747 -0.4609 -0.1498
vn 0.8744 -0.4613 -0.1506
vn 0.8750 -0.4602 -0.1506
vn -0.8550 -0.3006 0.4227
vn -0.8547 -0.3012 0.4229
vn -0.8544 -0.3011 0.4235
vn 0.1335 -0.8364 -0.5316
vn 0.1334 -0.8360 -0.5322
vn 0.8163 0.0497 0.5755
vn 0.1514 0.8966 -0.4161
vn 0.4457 -0.8744 -0.1917
vn -0.1149 0.2344 -0.9653
vn -0.4941 -0.6775 0.5449
vn -0.8268 0.3611 -0.4314
vn -0.0556 0.1005 0.9934
vn -0.4489 0.8836 -0.1329
vn -0.2695 0.4468 -0.8531
vn 0.4641 -0.7591 -0.4565
vn 0.3306 0.9437 -0.0083
vn 0.8830 -0.4692 0.0157
vn -0.2881 0.4682 0.8353
vn 0.4538 -0.7472 0.4857
vn -0.9903 0.1387 -0.0127
vn 0.0123 -0.9998 0.0128
vn 0.5054 0.2701 -0.8195
vn -0.7440 -0.4266 -0.5143
vn 0.9991 0.0408 0.0105
vn -0.1462 -0.9892 0.0109
vn 0.4873 0.2909 0.8233
vn -0.7552 -0.4136 0.5084
vn -0.7553 -0.4136 0.5084
vn 0.2913 0.9566 -0.0089
vn -0.9695 0.2449 -0.0138
vn -0.7205 -0.1778 0.6702
vn -0.5255 0.6781 -0.5139
vn -0.0166 0.2641 0.9643
vn -0.0199 0.9573 -0.2884
vn 0.6988 -0.0855 0.7102
vn 0.4634 0.7338 -0.4968
vn 0.0238 -0.9996 0.0162
vn 0.0074 0.1326 -0.9911
vn -0.8254 -0.0432 0.5629
vn -0.1227 -0.9183 -0.3764
vn -0.4545 0.8532 -0.2557
vn 0.1430 -0.2613 -0.9546
vn 0.3415 0.5542 0.7591
vn 0.8825 -0.4219 -0.2078
vn 0.0363 -0.0797 0.9962
vn 0.4559 -0.8846 -0.0979
vn 0.9894 -0.1448 0.0127
vn 0.0805 0.9967 -0.0117
vn 0.2840 -0.5512 -0.7846
vn -0.3733 0.7384 -0.5617
vn -0.4284 -0.9036 0.0067
vn -0.4290 -0.9033 0.0061
vn -0.8755 0.4830 -0.0157
vn -0.8751 0.4837 -0.0155
vn -0.8755 0.4830 -0.0163
vn 0.2672 -0.5307 0.8043
vn 0.2665 -0.5311 0.8043
vn 0.2665 -0.5317 0.8039
vn -0.3853 0.7522 0.5346
vn -0.3848 0.7521 0.5351
vn -0.1221 0.0395 0.9917
vn -0.9536 0.2292 -0.1953
vn 0.2765 0.6731 0.6859
vn -0.7236 0.5672 -0.3934
vn 0.9718 -0.2359 -0.0032
vn -0.2794 0.0582 -0.9584
vn -0.0534 -0.7102 0.7019
vn -0.9059 -0.1853 -0.3808
vn 0.8738 -0.0677 0.4816
vn 0.2238 -0.6904 -0.6879
vn -0.2424 -0.1173 0.9631
vn -0.8364 -0.4719 -0.2786
vn -0.0742 0.5667 0.8206
vn -0.9545 0.0944 -0.2829
vn 0.8690 0.4883 -0.0804
vn -0.1185 -0.0875 -0.9891
vn 0.7677 0.6409 0.0004
vn -0.7214 0.6923 -0.0167
vn 0.6011 -0.1986 -0.7741
vn -0.8373 0.2625 -0.4795
vn 0.2523 -0.9675 0.0150
vn -0.9900 -0.1411 -0.0091
vn 0.5840 -0.1789 0.7918
vn -0.8476 0.2743 0.4542
vn 0.5735 -0.1313 0.8086
vn -0.8286 0.2060 0.5205
vn 0.9473 0.3201 0.0064
vn -0.4012 0.9158 -0.0160
vn 0.5911 -0.1515 -0.7923
vn -0.8169 0.1925 -0.5436
vn 0.3688 -0.9294 0.0158
vn -0.9514 -0.3078 -0.0066
vn -0.9914 -0.1302 -0.0093
vn 0.3310 -0.9435 0.0156
vn -0.5894 0.1351 -0.7965
vn 0.8681 -0.2132 -0.4482
vn -0.3748 0.9270 -0.0158
vn 0.9497 0.3132 0.0065
vn -0.6068 0.1550 0.7796
vn 0.8580 -0.2015 0.4724
vn -0.6448 0.5185 -0.5615
vn -0.7098 -0.5670 0.4180
vn -0.0114 -0.1143 -0.9934
vn -0.2148 -0.9639 0.1573
vn 0.7241 -0.0448 -0.6883
vn 0.1836 -0.9065 0.3802
vn 0.2158 0.9709 0.1041
vn -0.0737 -0.2694 0.9602
vn -0.0576 0.0989 -0.9934
vn -0.0580 0.0986 -0.9934
vn -0.5245 0.8425 0.1232
vn -0.5241 0.8426 0.1236
vn -0.5240 0.8428 0.1231
vn -0.0689 -0.9158 -0.3956
vn -0.0685 -0.9159 -0.3955
vn -0.0687 -0.9160 -0.3951
vn -0.8257 -0.0704 0.5598
vn -0.8259 -0.0702 0.5594
vn 0.5129 -0.8169 0.2638
vn 0.5125 -0.8173 0.2634
vn -0.1619 0.2498 0.9547
vn -0.1613 0.2501 0.9547
vn -0.1613 0.2507 0.9545
vn 0.6950 -0.0081 -0.7189
vn 0.6955 -0.0082 -0.7185
vn 0.6957 -0.0088 -0.7183
vn 0.0784 0.9788 0.1890
vn 0.0777 0.9789 0.1890
vn 0.9566 -0.2339 -0.1736
vn -0.2450 0.0504 -0.9682
vn 0.1418 -0.8030 0.5788
vn -0.8392 -0.3558 -0.4112
vn -0.1469 0.0452 0.9881
vn -0.9579 0.2293 -0.1728
vn 0.8231 0.3716 0.4295
vn -0.1877 0.8019 -0.5673
vn -0.8316 -0.0622 0.5519
vn -0.8309 -0.0618 0.5529
vn -0.8320 -0.0611 0.5514
vn -0.1112 -0.9103 -0.3988
vn -0.1122 -0.9104 -0.3983
vn -0.4825 0.8470 -0.2229
vn 0.1479 -0.2527 -0.9562
vn 0.4604 0.6968 0.5500
vn 0.8487 -0.3495 -0.3971
vn 0.0376 -0.0725 0.9967
vn 0.0384 -0.0733 0.9966
vn 0.4944 -0.8634 -0.1004
vn 0.4935 -0.8640 -0.0998
vn 0.4926 -0.8644 -0.1006
vn 0.6232 0.4663 -0.6278
vn -0.2233 0.8236 0.5213
vn -0.1995 0.0697 -0.9774
vn -0.9095 0.3573 0.2125
vn 0.0505 -0.8007 -0.5969
vn -0.8458 -0.2921 0.4465
vn 0.9159 -0.3705 0.1545
vn -0.1562 0.0714 0.9851
vn -0.1064 0.1536 -0.9824
vn -0.1069 0.1536 -0.9823
vn -0.1069 0.1545 -0.9822
vn -0.5659 0.8022 0.1903
vn -0.5657 0.8023 0.1906
vn -0.5655 0.8023 0.1911
vn -0.3000 -0.7297 -0.6144
vn -0.3004 -0.7298 -0.6141
vn -0.2998 -0.7300 -0.6142
vn -0.8822 0.0751 0.4649
vn -0.8824 0.0758 0.4643
vn -0.8825 0.0752 0.4643
vn 0.5695 -0.8034 0.1739
vn 0.5698 -0.8033 0.1731
vn 0.5699 -0.8031 0.1742
vn -0.1116 0.1545 0.9817
vn -0.1126 0.1550 0.9815
vn -0.1122 0.1545 0.9816
vn 0.8237 0.1098 -0.5562
vn 0.8238 0.1088 -0.5564
vn 0.8234 0.1097 -0.5567
vn 0.1304 0.8586 0.4958
vn 0.1306 0.8581 0.4967
vn 0.1309 0.8585 0.4959
vn 0.8679 -0.4225 -0.2612
vn -0.2376 0.1080 -0.9653
vn 0.1395 -0.8133 0.5648
vn -0.8417 -0.3442 -0.4160
vn -0.0848 0.0489 0.9952
vn -0.8937 0.4379 -0.0980
vn 0.6780 0.3983 0.6177
vn 0.6780 0.3983 0.6178
vn -0.3366 0.8892 -0.3100
vn -0.5431 0.6179 0.5685
vn -0.3746 0.4262 -0.8234
vn 0.4667 0.4991 0.7301
vn 0.4820 0.4810 -0.7323
vn 0.4746 -0.6759 0.5638
vn 0.3239 -0.4575 -0.8281
vn -0.6500 -0.2191 0.7277
vn -0.6290 -0.2374 -0.7403
vn 0.9917 0.1283 0.0093
vn -0.3346 0.9422 -0.0156
vn 0.6142 -0.1568 -0.7734
vn -0.8990 0.2146 -0.3819
vn 0.8304 -0.5569 0.0162
vn -0.7295 -0.6840 0.0006
vn 0.5970 -0.1370 0.7905
vn -0.9071 0.2240 0.3564
vn 0.0060 0.8328 -0.5536
vn -0.0095 0.5212 0.8534
vn -0.5778 -0.3469 -0.7387
vn -0.5778 -0.3470 -0.7387
vn -0.5936 -0.3311 0.7335
vn 0.0071 -0.7731 -0.6342
vn -0.0085 -0.6302 0.7764
vn 0.5941 -0.3468 -0.7258
vn 0.5773 -0.3309 0.7464
vn 0.0067 0.7832 -0.6217
vn -0.0088 0.6122 0.7906
vn 0.6917 0.3878 -0.6092
vn 0.5127 0.3112 0.8002
vn 0.6806 -0.3964 -0.6162
vn 0.5295 -0.2988 0.7940
vn 0.5934 0.3294 -0.7344
vn 0.5793 0.3463 0.7379
vn -0.7212 0.4128 -0.5563
vn -0.4514 0.2660 0.8518
vn -0.7212 -0.4268 -0.5457
vn -0.4514 -0.2443 0.8582
vn 0.0060 -0.8465 -0.5324
vn -0.0095 -0.4994 0.8663
vn 0.7331 -0.4266 -0.5297
vn 0.4325 -0.2442 0.8679
vn 0.7331 0.4130 -0.5403
vn 0.4325 0.2661 0.8615
vn -0.5772 0.3293 -0.7473
vn -0.5955 0.3461 0.7250
vn -0.6667 -0.3965 -0.6311
vn -0.5467 -0.2989 0.7821
vn -0.6782 0.3876 -0.6243
vn -0.5303 0.3111 0.7887
vn -0.0075 -0.6669 0.7451
vn 0.0061 -0.6865 -0.7271
vn -0.6696 -0.3744 0.6414
vn -0.5457 -0.3297 -0.7704
vn -0.5934 0.3479 0.7258
vn -0.5793 0.3275 -0.7464
vn 0.7212 0.4268 0.5457
vn 0.4514 0.2443 -0.8582
vn -0.9466 0.3136 0.0743
vn -0.9467 0.3134 0.0740
vn 0.0591 -0.0284 -0.9978
vn 0.0588 -0.0286 -0.9979
vn 0.0586 -0.0282 -0.9979
vn -0.5177 0.6869 0.5100
vn -0.5178 0.6870 0.5098
vn -0.5179 0.6867 0.5101
vn 0.3138 0.6354 -0.7056
vn 0.3134 0.6355 -0.7057
vn 0.3253 -0.1058 0.9397
vn 0.8841 -0.3127 -0.3474
vn 0.8841 -0.3126 -0.3474
vn -0.8760 -0.1845 0.4456
vn -0.1164 -0.6921 -0.7123
vn 0.0031 -0.9636 -0.2672
vn -0.0106 -0.2482 0.9686
vn 0.5263 -0.7012 -0.4809
vn 0.7108 0.1350 0.6904
vn 0.0103 0.3360 -0.9418
vn -0.0039 0.9399 0.3415
vn -0.0044 0.9399 0.3415
vn -0.0036 0.9398 0.3418
vn -0.5150 -0.7016 -0.4925
vn -0.5154 -0.7014 -0.4924
vn -0.5156 -0.7010 -0.4927
vn -0.7260 0.1351 0.6742
vn -0.7259 0.1347 0.6745
vn -0.8678 0.1097 0.4846
vn -0.2424 0.6765 -0.6954
vn 0.2910 0.1858 0.9385
vn 0.8140 0.4633 -0.3504
vn -0.3470 -0.7924 0.5017
vn 0.4761 -0.5676 -0.6717
vn -0.8346 -0.4766 0.2763
vn -0.2149 -0.1425 -0.9662
vn 0.8674 0.0980 -0.4878
vn 0.8678 0.0974 -0.4872
vn 0.2422 0.6932 0.6788
vn 0.2423 0.6939 0.6781
vn 0.2419 0.6945 0.6775
vn -0.2697 0.1483 -0.9514
vn -0.2697 0.1493 -0.9513
vn -0.2693 0.1501 -0.9513
vn -0.8205 0.4749 0.3183
vn -0.8210 0.4741 0.3183
vn 0.3443 -0.8088 -0.4768
vn -0.4743 -0.5597 0.6795
vn 0.8346 -0.4835 -0.2641
vn 0.2149 -0.1179 0.9695
vn -0.0031 -0.9566 0.2915
vn 0.0106 -0.2727 -0.9620
vn -0.5311 -0.6886 0.4937
vn -0.7181 0.1115 -0.6870
vn -0.0108 0.3353 0.9420
vn 0.0020 0.9385 -0.3452
vn 0.5154 -0.6887 0.5100
vn 0.7258 0.1177 -0.6777
vn 0.0105 -0.3122 -0.9500
vn -0.0034 -0.9460 0.3242
vn 0.5311 0.6887 -0.4936
vn 0.7180 -0.1115 0.6870
vn 0.0031 0.9566 -0.2915
vn -0.0106 0.2726 0.9621
vn -0.5203 0.6885 -0.5052
vn -0.7330 -0.1118 0.6710
vn 0.0047 0.2397 -0.9708
vn -0.0260 0.9643 0.2635
vn -0.7056 -0.1950 -0.6812
vn -0.5365 0.6907 0.4849
vn 0.0239 -0.9997 0.0098
vn -0.0144 0.1576 0.9874
vn 0.7142 -0.1033 -0.6922
vn 0.4525 0.7463 0.4881
vn 0.3335 0.8089 0.4843
vn -0.4594 0.5596 -0.6898
vn 0.8284 0.4837 0.2824
vn 0.2362 0.1180 -0.9645
vn 0.8592 -0.1015 0.5015
vn 0.2661 -0.6969 -0.6659
vn -0.2705 -0.1381 0.9528
vn -0.8192 -0.4790 -0.3153
vn -0.2705 0.1621 0.9490
vn -0.8192 0.4709 -0.3273
vn 0.8592 0.1141 0.4988
vn 0.2662 0.6798 -0.6834
vn 0.8284 -0.4764 0.2946
vn 0.2362 -0.1424 -0.9612
vn 0.3335 -0.7964 0.5045
vn -0.4594 -0.5768 -0.6755
vn -0.8346 0.4835 0.2641
vn -0.2149 0.1179 -0.9695
vn -0.3470 0.8048 0.4815
vn 0.4760 0.5504 -0.6859
vn 0.2694 -0.1500 0.9513
vn 0.8193 -0.4769 -0.3182
vn -0.8700 -0.1017 0.4825
vn -0.2512 -0.6970 -0.6716
vn -0.2494 -0.1622 -0.9547
vn -0.8261 -0.4711 0.3092
vn 0.8700 -0.1139 -0.4797
vn 0.2512 -0.6798 0.6890
vn 0.8346 0.4766 -0.2762
vn 0.2149 0.1424 0.9662
vn 0.3443 0.7965 -0.4970
vn -0.4743 0.5767 0.6652
vn -0.0105 -0.2881 0.9575
vn 0.0034 -0.9539 -0.3003
vn -0.5310 0.7009 0.4761
vn -0.7180 -0.1288 -0.6840
vn -0.0031 0.9637 0.2671
vn 0.0106 0.2482 -0.9686
vn 0.5202 0.7012 0.4876
vn 0.7330 -0.1287 -0.6680
vn 0.7330 -0.1286 -0.6680
vn -0.8284 -0.4837 -0.2825
vn -0.2362 -0.1180 0.9645
vn -0.3335 -0.8089 -0.4842
vn 0.4594 -0.5596 0.6898
vn 0.2906 0.1494 -0.9451
vn 0.8136 0.4743 0.3363
vn -0.8569 0.0971 -0.5063
vn -0.2574 0.6938 0.6726
vn 0.9190 -0.3740 -0.1248
vn -0.1345 0.0464 -0.9898
vn 0.0372 -0.7854 0.6179
vn -0.8358 -0.3035 -0.4575
vn -0.2209 0.0943 0.9707
vn -0.9045 0.3516 -0.2414
vn 0.6094 0.4822 0.6293
vn -0.2119 0.8098 -0.5470
vn -0.7783 -0.1194 0.6165
vn -0.7780 -0.1189 0.6169
vn -0.7783 -0.1196 0.6164
vn -0.1337 -0.8652 -0.4834
vn -0.1346 -0.8647 -0.4839
vn -0.1343 -0.8647 -0.4840
vn -0.6456 0.7455 -0.1655
vn -0.6460 0.7451 -0.1658
vn -0.6464 0.7448 -0.1656
vn 0.1163 -0.1346 -0.9841
vn 0.1168 -0.1343 -0.9840
vn 0.0824 0.8493 0.5214
vn 0.0821 0.8496 0.5210
vn 0.8346 0.1442 -0.5316
vn 0.8348 0.1443 -0.5312
vn 0.8351 0.1441 -0.5309
vn 0.1528 -0.1741 0.9728
vn 0.1537 -0.1738 0.9727
vn 0.1536 -0.1738 0.9727
vn 0.6423 -0.7302 -0.2328
vn 0.6421 -0.7303 -0.2333
vn 0.6424 -0.7303 -0.2325
vn -0.2915 0.8391 -0.4593
vn 0.6246 0.4603 0.6309
vn -0.9109 0.3866 0.1439
vn 0.1451 -0.0536 0.9880
vn -0.8403 -0.2995 -0.4519
vn 0.0506 -0.7851 0.6173
vn 0.2269 -0.1049 -0.9683
vn 0.8906 -0.3793 0.2511
vn -0.3135 -0.7142 0.6258
vn -0.3137 -0.7145 0.6254
vn -0.3132 -0.7148 0.6253
vn -0.8717 0.0631 -0.4860
vn -0.8717 0.0637 -0.4858
vn -0.1279 0.1789 0.9755
vn -0.5608 0.7972 -0.2234
vn 0.8112 0.1236 0.5716
vn 0.1414 0.8456 -0.5148
vn 0.5730 -0.8074 -0.1406
vn 0.5734 -0.8072 -0.1403
vn -0.0902 0.1300 -0.9874
vn -0.0908 0.1300 -0.9873
vn -0.0899 0.1305 -0.9874
vn -0.2774 0.5262 -0.8038
vn 0.3930 -0.7295 -0.5597
vn 0.2742 0.9616 -0.0092
vn 0.9507 -0.3098 0.0144
vn -0.2949 0.5464 0.7839
vn 0.3805 -0.7151 0.5864
vn -0.9915 0.1293 -0.0125
vn -0.0639 -0.9979 0.0119
vn -0.3098 0.5377 0.7841
vn 0.4085 -0.7194 0.5618
vn -0.9941 0.1076 -0.0123
vn -0.0441 -0.9990 0.0122
vn -0.2924 0.5178 -0.8040
vn 0.4205 -0.7332 -0.5344
vn 0.3980 0.9174 -0.0072
vn 0.8908 -0.4542 0.0155
vn 0.0085 0.6287 -0.7776
vn 0.0058 -0.8557 -0.5175
vn 0.8419 0.5396 0.0024
vn 0.4865 -0.8735 0.0164
vn -0.0085 0.6482 0.7614
vn -0.0058 -0.8423 0.5390
vn -0.8418 0.5395 -0.0161
vn -0.4865 -0.8737 0.0057
vn 0.5693 -0.5246 -0.6330
vn 0.4544 -0.4147 0.7884
vn -0.3396 0.5612 -0.7548
vn -0.3819 0.6229 0.6828
vn -0.1779 -0.7691 -0.6139
vn -0.1535 -0.5866 0.7952
vn -0.4549 0.4158 -0.7875
vn -0.5695 0.5239 0.6334
vn 0.4199 -0.6857 -0.5946
vn 0.3064 -0.5072 0.8055
vn 0.7680 -0.1925 -0.6109
vn 0.5880 -0.1348 0.7975
vn 0.3559 -0.5800 -0.7327
vn 0.3666 -0.6053 0.7066
vn -0.1942 0.7282 -0.6573
vn -0.1737 0.6159 0.7684
vn -0.7543 0.1768 -0.6323
vn -0.6054 0.1547 0.7807
vn 0.1744 -0.6167 -0.7676
vn 0.1935 -0.7280 0.6577
vn 0.1916 0.7532 -0.6293
vn 0.1361 0.6066 0.7832
vn -0.4065 0.6703 -0.6208
vn -0.3239 0.5272 0.7856
vn 0.1573 -0.5971 0.7866
vn 0.2077 -0.7445 -0.6345
vn -0.4199 0.6857 0.5945
vn -0.3064 0.5071 -0.8056
vn 0.1779 0.7690 0.6140
vn 0.1535 0.5867 -0.7951
vn -0.2084 0.7444 0.6343
vn -0.1566 0.5962 -0.7874
vn -0.7680 0.1925 0.6109
vn -0.5880 0.1348 -0.7975
vn 0.3259 -0.5142 -0.7933
vn -0.4311 0.6917 -0.5794
vn -0.0056 -0.9999 0.0126
vn -0.9957 0.0923 -0.0121
vn 0.3082 -0.4938 0.8131
vn -0.4435 0.7060 0.5521
vn 0.9707 -0.2400 0.0137
vn 0.2049 0.9787 -0.0101
vn -0.3666 0.6053 -0.7065
vn 0.5550 -0.5081 0.6586
vn 0.4715 -0.4344 -0.7674
vn -0.1916 -0.7533 0.6291
vn -0.1361 -0.6066 -0.7833
vn -0.4720 0.4355 0.7665
vn -0.5553 0.5076 -0.6588
vn 0.7543 -0.1768 0.6323
vn 0.6054 -0.1547 -0.7808
vn 0.4065 -0.6702 0.6209
vn 0.3239 -0.5271 -0.7856
vn 0.4848 0.2956 0.8231
vn 0.7079 0.3976 -0.5838
vn 0.4848 -0.2747 0.8304
vn 0.7079 -0.4123 -0.5734
vn -0.0090 -0.5598 0.8286
vn 0.0065 -0.8174 -0.5760
vn -0.5029 -0.2748 0.8195
vn -0.6950 -0.4125 -0.5889
vn -0.5029 0.2954 0.8123
vn -0.6950 0.3975 -0.5992
vn -0.0090 0.5806 0.8141
vn 0.0065 0.8025 -0.5966
vn 0.0091 0.5599 -0.8285
vn -0.0065 0.8173 0.5761
vn -0.4848 0.2746 -0.8304
vn -0.7079 0.4123 0.5735
vn -0.4848 -0.2956 -0.8232
vn -0.7079 -0.3977 0.5837
vn 0.0091 -0.5807 -0.8141
vn -0.0065 -0.8025 0.5966
vn 0.5029 -0.2955 -0.8123
vn 0.6950 -0.3975 0.5992
vn 0.5029 0.2748 -0.8195
vn 0.6950 0.4125 0.5890
vn 0.8954 0.4453 0.0042
vn 0.3069 -0.9516 0.0154
vn 0.1158 0.5263 0.8424
vn -0.2126 -0.8485 0.4847
vn -0.5916 0.8060 -0.0167
vn -0.7089 -0.7053 0.0011
vn 0.1345 0.5049 -0.8527
vn -0.2021 -0.8606 -0.4675
vn -0.6561 0.5135 0.5531
vn 0.4307 0.8200 -0.3771
vn 0.0384 0.0412 0.9984
vn 0.8631 0.4966 -0.0916
vn 0.1074 -0.8088 0.5782
vn 0.9315 -0.0475 -0.3606
vn -0.8479 -0.4933 -0.1945
vn 0.2865 0.1474 -0.9467
vn -0.8521 -0.4884 0.1883
vn 0.2656 0.1714 0.9487
vn 0.1198 -0.8231 -0.5550
vn 0.9233 -0.0381 0.3821
vn 0.0604 0.0159 -0.9980
vn 0.8610 0.4990 0.0980
vn -0.6436 0.4991 -0.5802
vn 0.4225 0.8294 0.3656
vn -0.7572 -0.3168 -0.5712
vn -0.7571 -0.3173 -0.5711
vn -0.7575 -0.3169 -0.5708
vn -0.5049 0.7864 0.3559
vn -0.5051 0.7861 0.3563
vn -0.0021 -0.9790 0.2038
vn -0.0104 0.3307 0.9437
vn 0.7697 -0.3166 -0.5543
vn 0.7697 -0.3166 -0.5544
vn 0.4967 0.7865 0.3670
vn 0.0110 0.0445 -0.9990
vn -0.0007 0.9966 0.0820
vn -0.0010 0.9966 0.0823
vn -0.0008 0.9966 0.0827
vn 0.0384 -0.0159 0.9991
vn 0.8631 -0.4988 -0.0790
vn -0.6561 -0.4993 0.5659
vn 0.4307 -0.8292 -0.3563
vn -0.8478 0.4882 -0.2070
vn 0.2865 -0.1713 -0.9427
vn 0.1074 0.8231 0.5576
vn 0.9315 0.0383 -0.3617
vn -0.0226 0.6599 0.7510
vn -0.0052 0.6740 -0.7387
vn 0.7727 -0.3753 0.5119
vn 0.4565 -0.2305 -0.8593
vn -0.4187 -0.5124 0.7498
vn -0.4089 -0.5407 -0.7352
vn -0.7336 0.3889 0.5573
vn -0.4952 0.2547 -0.8306
vn -0.6436 -0.5137 -0.5674
vn 0.4225 -0.8198 0.3865
vn 0.0604 -0.0412 -0.9973
vn 0.8610 -0.4964 0.1106
vn 0.1199 0.8088 -0.5757
vn 0.9233 0.0477 0.3810
vn -0.8521 0.4930 0.1759
vn 0.2656 -0.1473 0.9528
vn -0.0110 -0.0445 0.9990
vn 0.0010 -0.9966 -0.0822
vn -0.7697 0.3166 0.5543
vn -0.4968 -0.7864 -0.3671
vn 0.0021 0.9790 -0.2037
vn 0.0104 -0.3307 -0.9437
vn 0.7573 0.3168 0.5712
vn 0.5049 -0.7863 -0.3560
vn -0.1074 -0.8232 -0.5576
vn -0.9315 -0.0383 0.3618
vn 0.8478 -0.4882 0.2070
vn -0.2864 0.1713 0.9427
vn 0.6561 0.4992 -0.5659
vn -0.4306 0.8292 0.3562
vn -0.0385 0.0159 -0.9991
vn -0.8631 0.4988 0.0790
vn -0.0385 -0.0412 -0.9984
vn -0.8631 -0.4966 0.0916
vn 0.6561 -0.5135 -0.5531
vn -0.4307 -0.8199 0.3772
vn 0.8479 0.4933 0.1945
vn -0.2865 -0.1474 0.9467
vn -0.1074 0.8087 -0.5783
vn -0.9315 0.0474 0.3606
vn -0.7572 0.3024 -0.5790
vn -0.5049 -0.7771 0.3758
vn 0.0110 -0.0697 -0.9975
vn -0.0010 -0.9942 0.1074
vn 0.7697 0.3025 -0.5622
vn 0.4968 -0.7769 0.3868
vn -0.0021 0.9839 0.1790
vn -0.0104 -0.3067 0.9517
vn 0.0021 -0.9839 -0.1790
vn 0.0104 0.3067 -0.9517
vn -0.7697 -0.3026 0.5622
vn -0.4967 0.7770 -0.3868
vn -0.0110 0.0697 0.9975
vn 0.0010 0.9942 -0.1073
vn 0.7572 -0.3023 0.5790
vn 0.5050 0.7771 -0.3757
vn -0.1199 0.8231 0.5550
vn -0.9233 0.0380 -0.3822
vn 0.8521 0.4884 -0.1882
vn -0.2656 -0.1714 -0.9487
vn 0.6436 -0.4991 0.5803
vn -0.4225 -0.8293 -0.3657
vn -0.0604 -0.0159 0.9980
vn -0.8610 -0.4990 -0.0980
vn 0.8514 0.5202 0.0669
vn 0.0042 -0.0168 -0.9999
vn 0.2401 -0.4636 0.8529
vn 0.2401 -0.4637 0.8529
vn -0.3845 -0.8031 -0.4553
vn -0.1762 -0.0071 0.9843
vn -0.8512 -0.4357 -0.2928
vn -0.8512 -0.4356 -0.2928
vn 0.2352 0.9619 -0.1395
vn 0.0041 0.0747 0.9972
vn -0.6609 0.4173 -0.6238
vn -0.6491 -0.1691 0.7417
vn -0.0955 -0.4453 -0.8903
vn -0.2151 -0.8596 0.4636
vn 0.7951 0.0641 -0.6031
vn 0.4795 -0.4429 0.7576
vn 0.8544 0.4383 0.2791
vn 0.1643 -0.0020 -0.9864
vn 0.1643 -0.0021 -0.9864
vn -0.3303 -0.1834 0.9259
vn -0.7867 -0.4868 -0.3798
vn -0.3158 0.4498 0.8355
vn -0.8818 0.0131 -0.4715
vn 0.9621 -0.2321 0.1435
vn 0.0730 -0.0277 -0.9969
vn 0.0650 -0.7804 0.6219
vn -0.4441 -0.4971 -0.7454
vn -0.4438 0.1166 0.8885
vn -0.8603 0.2041 -0.4671
vn 0.4184 0.6754 0.6073
vn -0.1703 0.6315 -0.7565
vn 0.3698 -0.8787 0.3020
vn -0.0322 -0.2024 -0.9788
vn -0.0322 -0.2025 -0.9788
vn -0.2052 0.3317 0.9208
vn -0.4777 0.7860 -0.3924
vn 0.4298 0.3164 0.8457
vn 0.0240 0.8808 -0.4730
vn 0.5186 -0.8513 0.0802
vn 0.0069 -0.0059 -1.0000
vn -0.4838 -0.2388 0.8420
vn -0.7921 0.3836 -0.4747
vn 0.0239 0.2094 0.9775
vn -0.3666 0.8758 -0.3140
vn -0.5200 0.8529 0.0478
vn 0.0151 -0.0194 -0.9997
vn 0.4652 0.2602 0.8461
vn 0.8023 -0.3952 -0.4473
vn -0.0454 -0.1847 0.9817
vn 0.3731 -0.8833 -0.2839
vn 0.0784 -0.7959 -0.6003
vn -0.4606 -0.4784 0.7477
vn 0.9649 -0.2354 -0.1164
vn 0.0511 -0.0024 0.9987
vn 0.4318 0.6600 -0.6148
vn -0.1867 0.6503 0.7364
vn -0.4241 0.0940 -0.9007
vn -0.8703 0.2156 0.4429
vn -0.3761 0.8860 0.2711
vn 0.0538 0.1776 -0.9826
vn 0.1848 -0.3083 0.9332
vn 0.4860 -0.7955 -0.3619
vn -0.4484 -0.2950 0.8437
vn -0.0138 -0.8925 -0.4509
vn -0.2353 -0.9619 0.1395
vn -0.0041 -0.0746 -0.9972
vn -0.7950 -0.0641 0.6033
vn -0.4795 0.4430 -0.7575
vn -0.4795 0.4429 -0.7575
vn 0.0955 0.4453 0.8903
vn 0.2151 0.8596 -0.4635
vn 0.6609 -0.4174 0.6237
vn 0.6491 0.1692 -0.7417
vn -0.8605 -0.4313 0.2712
vn -0.1425 -0.0229 -0.9895
vn 0.3099 0.2068 0.9280
vn 0.7949 0.4772 -0.3746
vn 0.2972 -0.4285 0.8533
vn 0.8920 -0.0248 -0.4514
vn -0.8528 -0.5186 0.0613
vn 0.0178 -0.0085 -0.9998
vn -0.2588 0.4851 0.8353
vn 0.3946 0.7914 -0.4669
vn 0.1545 0.0320 0.9875
vn 0.8575 0.4283 -0.2850
vn -0.0239 -0.2094 -0.9775
vn 0.3666 -0.8757 0.3142
vn 0.4838 0.2388 -0.8419
vn 0.7922 -0.3836 0.4747
vn -0.5185 0.8512 -0.0807
vn -0.0069 0.0059 1.0000
vn 0.6049 0.2866 -0.7430
vn 0.5758 0.2999 0.7606
vn -0.3835 0.7507 -0.5380
vn -0.2446 0.4679 0.8493
vn -0.6004 -0.3214 -0.7323
vn -0.5969 -0.2971 0.7453
vn 0.4455 -0.7116 -0.5434
vn 0.2800 -0.4562 0.8447
vn -0.3698 0.8787 -0.3019
vn -0.3698 0.8787 -0.3018
vn 0.0323 0.2023 0.9788
vn -0.4299 -0.3164 -0.8456
vn -0.0240 -0.8808 0.4729
vn 0.2052 -0.3317 -0.9208
vn 0.4777 -0.7860 0.3925
vn 0.6744 -0.4328 -0.5983
vn 0.6327 0.1880 0.7513
vn 0.1152 0.4227 -0.8989
vn 0.2050 0.8711 0.4464
vn -0.7815 -0.0795 -0.6188
vn -0.4960 0.4619 0.7353
vn -0.2324 -0.9652 -0.1198
vn -0.0260 -0.0494 0.9984
vn 0.8604 0.4313 -0.2713
vn 0.1425 0.0229 0.9895
vn -0.2971 0.4284 -0.8533
vn -0.2971 0.4284 -0.8534
vn -0.8919 0.0248 0.4515
vn -0.3099 -0.2068 -0.9280
vn -0.7949 -0.4772 0.3746
vn -0.1544 -0.0320 -0.9875
vn -0.8575 -0.4283 0.2850
vn 0.2587 -0.4850 -0.8354
vn -0.3946 -0.7914 0.4669
vn 0.8528 0.5185 -0.0613
vn -0.0177 0.0085 0.9998
vn 0.1761 0.0070 -0.9843
vn 0.1761 0.0071 -0.9843
vn 0.8512 0.4357 0.2928
vn 0.8512 0.4356 0.2928
vn -0.2401 0.4638 -0.8528
vn 0.3845 0.8031 0.4553
vn -0.8514 -0.5202 -0.0670
vn -0.0042 0.0168 0.9999
vn -0.1152 -0.4227 0.8989
vn -0.2050 -0.8711 -0.4463
vn -0.6745 0.4327 0.5982
vn -0.6326 -0.1881 -0.7513
vn 0.2324 0.9652 0.1199
vn 0.0260 0.0494 -0.9984
vn 0.7814 0.0796 0.6189
vn 0.4960 -0.4618 -0.7354
vn -0.8544 -0.4383 -0.2791
vn -0.1642 0.0021 0.9864
vn 0.3157 -0.4499 -0.8354
vn 0.8818 -0.0131 0.4715
vn 0.3303 0.1834 -0.9259
vn 0.7866 0.4868 0.3798
vn -0.4318 -0.6599 0.6148
vn 0.1867 -0.6503 -0.7364
vn 0.1868 -0.6503 -0.7364
vn -0.9649 0.2354 0.1164
vn -0.0511 0.0024 -0.9987
vn -0.0784 0.7959 0.6003
vn 0.4606 0.4784 -0.7477
vn 0.4241 -0.0939 0.9007
vn 0.8703 -0.2157 -0.4428
vn 0.3761 -0.8860 -0.2712
vn -0.0538 -0.1775 0.9826
vn 0.4484 0.2950 -0.8438
vn 0.0138 0.8925 0.4509
vn -0.1848 0.3083 -0.9331
vn -0.4860 0.7955 0.3618
vn 0.0455 0.1846 -0.9818
vn 0.0455 0.1847 -0.9818
vn -0.3731 0.8833 0.2840
vn -0.4653 -0.2601 -0.8461
vn -0.8023 0.3952 0.4474
vn 0.5200 -0.8529 -0.0474
vn -0.0151 0.0194 0.9997
vn -0.7520 0.3266 0.5726
vn -0.5276 0.2194 -0.8206
vn 0.1348 0.6768 0.7237
vn 0.1516 0.6586 -0.7370
vn 0.7671 -0.2950 0.5698
vn 0.5256 -0.2122 -0.8238
vn -0.4824 -0.4805 0.7324
vn -0.4664 -0.4992 -0.7302
vn 0.6568 -0.5387 -0.5277
vn 0.7012 0.5775 0.4181
vn 0.0310 0.0842 -0.9960
vn 0.2003 0.9740 0.1056
vn -0.8004 -0.1983 -0.5657
vn -0.3957 0.8293 0.3946
vn -0.2006 -0.9543 0.2217
vn 0.0454 0.2824 0.9582
vn -0.6339 -0.2376 -0.7360
vn -0.6453 -0.2187 0.7320
vn 0.4868 -0.6899 -0.5358
vn 0.3055 -0.4364 0.8463
vn 0.4828 0.4806 -0.7321
vn 0.4660 0.4996 0.7302
vn -0.5303 0.6032 -0.5958
vn -0.3926 0.4468 0.8039
vn -0.6986 0.1203 0.7053
vn -0.6611 0.1014 -0.7434
vn -0.0251 0.7698 0.6378
vn -0.0064 0.6337 -0.7736
vn 0.6028 0.3445 0.7197
vn 0.6060 0.3210 -0.7278
vn 0.0126 -0.7988 0.6014
vn 0.0227 -0.5813 -0.8134
vn 0.1468 0.7400 0.6564
vn 0.1438 0.6341 -0.7598
vn 0.4181 -0.5779 0.7009
vn 0.3883 -0.5185 -0.7618
vn -0.3578 -0.6246 0.6941
vn -0.3013 -0.5634 -0.7693
vn 0.3773 -0.7467 0.5478
vn 0.2442 -0.4725 -0.8469
vn -0.3770 0.5151 0.7698
vn -0.4043 0.5483 -0.7320
vn -0.2022 0.6058 0.7695
vn -0.2020 0.6506 -0.7321
vn 0.3012 0.5688 0.7653
vn 0.3587 0.6219 -0.6962
vn -0.1776 -0.8221 0.5409
vn -0.0956 -0.5177 -0.8502
vn -0.7021 -0.1728 0.6908
vn -0.6132 -0.1622 -0.7731
vn -0.5778 0.3552 0.7348
vn -0.6069 0.3662 -0.7054
vn 0.7921 -0.1862 0.5813
vn 0.5455 -0.1390 -0.8265
vn 0.2170 -0.6770 0.7033
vn 0.1980 -0.6153 -0.7630
vn -0.7222 -0.4411 0.5328
vn -0.4294 -0.2852 -0.8569
vn 0.4127 0.4874 0.7695
vn 0.4702 0.5216 -0.7119
vn 0.6090 0.1695 0.7749
vn 0.6090 0.1694 0.7749
vn 0.6897 0.1630 -0.7055
vn 0.6091 -0.3654 0.7039
vn 0.5739 -0.3551 -0.7380
vn -0.7768 0.1941 0.5991
vn -0.5591 0.1258 -0.8195
vn -0.5591 0.1257 -0.8195
vn 0.5810 0.3125 0.7516
vn 0.6137 0.3039 -0.7287
vn -0.6493 0.7489 0.1326
vn 0.0950 -0.1093 0.9895
vn -0.7642 -0.1353 -0.6306
vn -0.7643 -0.1348 -0.6306
vn -0.1450 -0.8525 0.5022
vn -0.1453 -0.8523 0.5024
vn -0.1454 -0.8526 0.5019
vn 0.1746 -0.1987 -0.9644
vn 0.1750 -0.1984 -0.9644
vn 0.1749 -0.1990 -0.9643
vn 0.6364 -0.7242 0.2654
vn 0.6365 -0.7240 0.2658
vn 0.0939 0.8362 -0.5404
vn 0.8231 0.1579 0.5455
vn -0.2518 0.0874 0.9638
vn -0.9132 0.2824 -0.2939
vn 0.3105 0.6516 0.6921
vn 0.3106 0.6516 0.6921
vn -0.5278 0.6664 -0.5266
vn 0.9521 -0.3030 0.0401
vn -0.1305 0.0325 -0.9909
vn -0.1188 -0.6752 0.7280
vn -0.8559 -0.2181 -0.4689
vn -0.4249 0.7412 0.5197
vn -0.2467 0.4382 -0.8644
vn 0.4579 -0.4239 0.7814
vn 0.4579 -0.4240 0.7814
vn 0.5249 -0.4834 -0.7006
vn 0.1431 -0.6086 0.7804
vn 0.1431 -0.6087 0.7804
vn 0.1708 -0.6915 -0.7019
vn 0.1509 0.6583 -0.7375
vn 0.1355 0.6771 0.7233
vn -0.7391 0.3118 -0.5971
vn -0.5455 0.2399 0.8030
vn -0.4663 -0.4990 -0.7305
vn -0.4825 -0.4807 0.7322
vn 0.7794 -0.3091 -0.5450
vn 0.5073 -0.1912 0.8403
vn -0.8267 0.2059 0.5236
vn -0.4937 0.1112 -0.8625
vn -0.1805 0.7058 0.6850
vn -0.1804 0.7058 0.6850
vn -0.1369 0.6155 -0.7762
vn 0.7188 -0.1678 0.6747
vn 0.6482 -0.1648 -0.7434
vn -0.4847 -0.5295 0.6962
vn -0.4100 -0.4958 -0.7656
vn -0.7107 -0.4548 -0.5368
vn -0.4483 -0.2636 0.8541
vn 0.6259 0.1499 -0.7654
vn 0.6741 0.1810 0.7162
vn 0.6740 0.1810 0.7162
vn 0.4297 0.4679 -0.7723
vn 0.4547 0.5397 0.7085
vn 0.3181 0.5493 -0.7727
vn 0.3434 0.6394 0.6879
vn -0.6867 -0.1904 -0.7015
vn -0.6300 -0.1427 0.7634
vn -0.1659 -0.8356 -0.5236
vn -0.1144 -0.4958 0.8609
vn -0.4132 0.7277 -0.5475
vn -0.2659 0.4604 0.8470
vn 0.1601 -0.6280 -0.7615
vn 0.1601 -0.6281 -0.7615
vn 0.1551 -0.6733 0.7229
vn 0.4749 -0.4435 -0.7601
vn 0.5092 -0.4653 0.7240
vn 0.1701 0.8099 0.5613
vn 0.1701 0.8099 0.5614
vn 0.1243 0.5104 -0.8509
vn 0.7689 -0.1804 0.6134
vn 0.5442 -0.1402 -0.8271
vn -0.1754 -0.7453 0.6432
vn -0.1246 -0.5982 -0.7916
vn -0.5323 0.4994 0.6836
vn -0.4668 0.4207 -0.7779
vn 0.1615 0.7233 -0.6714
vn 0.1273 0.6532 0.7464
vn -0.3426 -0.6421 -0.6858
vn -0.3183 -0.5438 0.7765
vn 0.4332 -0.5953 -0.6767
vn 0.4332 -0.5954 -0.6767
vn 0.3714 -0.4990 0.7830
vn 0.3890 -0.7602 -0.5204
vn 0.2254 -0.4510 0.8636
vn -0.1850 0.5861 -0.7888
vn -0.2178 0.6687 0.7109
vn -0.3599 0.4954 -0.7906
vn -0.4201 0.5665 0.7090
vn -0.5614 0.3363 -0.7562
vn -0.6222 0.3838 0.6823
vn 0.2322 -0.6944 -0.6811
vn 0.1810 -0.5958 0.7825
vn 0.8047 -0.2006 -0.5588
vn 0.5272 -0.1179 0.8415
vn 0.6242 -0.3829 -0.6810
vn 0.6242 -0.3828 -0.6810
vn 0.5573 -0.3361 0.7592
vn 0.5975 0.2936 -0.7462
vn 0.5975 0.3224 0.7342
vn -0.7634 0.1787 -0.6207
vn -0.5770 0.1463 0.8035
vn -0.3951 0.7639 0.5103
vn -0.2257 0.4461 -0.8660
vn 0.5884 0.3054 0.7487
vn 0.5924 0.2807 -0.7551
vn 0.5924 0.2808 -0.7551
vn 0.4333 -0.6976 0.5706
vn 0.2984 -0.4773 -0.8265
vn -0.6165 -0.3029 0.7268
vn -0.5804 -0.3160 -0.7506
vn -0.9012 -0.1861 -0.3914
vn -0.0331 -0.7096 0.7038
vn 0.1776 -0.0526 -0.9827
vn 0.9495 -0.2264 0.2174
vn -0.1575 0.8125 -0.5613
vn 0.8291 0.3658 0.4227
vn -0.9694 0.2354 0.0690
vn 0.2247 -0.0456 0.9734
vn 0.6019 -0.3829 -0.7008
vn 0.5602 -0.3502 0.7507
vn -0.2446 0.6319 -0.7354
vn -0.2619 0.6506 0.7128
vn -0.7051 0.2412 -0.6669
vn -0.6235 0.2251 0.7487
vn -0.5624 0.3500 -0.7491
vn -0.5995 0.3826 0.7030
vn -0.5898 -0.3381 -0.7334
vn -0.6185 -0.3264 0.7148
vn 0.7728 -0.2466 -0.5847
vn 0.5379 -0.1603 0.8277
vn 0.8521 -0.4930 -0.1759
vn -0.2656 0.1473 -0.9528
vn -0.1199 -0.8088 0.5757
vn -0.9233 -0.0477 -0.3811
vn -0.0604 0.0412 0.9973
vn -0.8610 0.4964 -0.1107
vn 0.6436 0.5137 0.5674
vn -0.4225 0.8198 -0.3865
vn 0.4446 0.4770 -0.7581
vn 0.4686 0.5431 0.6967
vn -0.7003 -0.4319 -0.5683
vn -0.4868 -0.2769 0.8285
vn 0.6766 -0.1176 -0.7269
vn 0.6813 -0.1033 0.7246
vn -0.4733 -0.5447 -0.6923
vn -0.4732 -0.5447 -0.6923
vn -0.4410 -0.4769 0.7603
vn 0.7045 0.3831 -0.5974
vn 0.5054 0.2965 0.8104
vn -0.2907 0.5930 -0.7509
vn -0.3097 0.6155 0.7247
vn -0.0108 0.7534 -0.6575
vn -0.0233 0.6530 0.7570
vn -0.6828 0.1023 -0.7234
vn -0.6828 0.1022 -0.7234
vn -0.6773 0.1200 0.7259
vn 0.0257 -0.8137 -0.5807
vn 0.0046 -0.5605 0.8282
vn 0.6186 0.3263 -0.7147
vn 0.5899 0.3395 0.7326
vn -0.5787 0.3687 0.7274
vn -0.5838 0.3646 -0.7254
vn 0.7597 -0.2315 0.6077
vn 0.5563 -0.1811 -0.8110
vn -0.6058 -0.3196 0.7286
vn -0.6027 -0.3445 -0.7198
vn 0.4279 0.4961 0.7555
vn 0.4840 0.5254 -0.6998
vn 0.6604 -0.0990 0.7444
vn 0.6604 -0.0989 0.7444
vn 0.6972 -0.1215 -0.7066
vn -0.7127 -0.4176 0.5636
vn -0.4685 -0.2979 -0.8317
vn -0.4885 -0.5271 0.6954
vn -0.4243 -0.4961 -0.7575
vn -0.3071 0.6119 0.7289
vn -0.2935 0.5969 -0.7467
vn 0.6913 0.3984 0.6028
vn 0.6913 0.3983 0.6028
vn 0.5232 0.2760 -0.8063
vn 0.5863 -0.3649 0.7232
vn 0.5765 -0.3690 -0.7291
vn -0.7195 0.2578 0.6449
vn -0.6069 0.2059 -0.7676
vn -0.2606 0.6503 0.7136
vn -0.2459 0.6322 -0.7347
vn 0.4979 0.6530 -0.5707
vn 0.3232 0.4564 0.8290
vn -0.6057 0.2622 -0.7513
vn -0.6295 0.2857 0.7226
vn -0.4363 -0.6620 -0.6095
vn -0.3462 -0.4903 0.7999
vn -0.3462 -0.4903 0.7998
vn 0.2613 -0.6503 -0.7133
vn 0.2441 -0.6333 0.7344
vn -0.4497 -0.6465 0.6163
vn -0.3287 -0.5105 -0.7946
vn -0.6220 0.2810 0.7309
vn -0.6134 0.2672 -0.7432
vn 0.4854 0.6673 0.5649
vn 0.3415 0.4353 -0.8330
vn 0.2454 -0.6319 0.7352
vn 0.2600 -0.6516 -0.7126
vn -0.7209 0.3745 -0.5831
vn -0.5133 0.2755 0.8128
vn -0.4023 -0.5313 -0.7455
vn -0.4023 -0.5314 -0.7455
vn -0.4251 -0.5220 0.7395
vn 0.7837 -0.3879 -0.4851
vn 0.4374 -0.2086 0.8747
vn -0.0059 0.6407 -0.7678
vn -0.0213 0.6925 0.7211
vn -0.1651 0.6883 -0.7064
vn -0.1537 0.6348 0.7572
vn -0.8149 0.1923 -0.5468
vn -0.5124 0.1328 0.8484
vn -0.4695 -0.5472 -0.6929
vn -0.4269 -0.4764 0.7686
vn 0.7333 -0.1845 -0.6543
vn 0.6317 -0.1458 0.7614
vn 0.0582 -0.1044 -0.9928
vn 0.0582 -0.1048 -0.9928
vn 0.0578 -0.1050 -0.9928
vn 0.4529 -0.8820 0.1303
vn 0.4534 -0.8817 0.1303
vn 0.3584 0.5349 -0.7651
vn 0.8777 -0.4162 0.2378
vn -0.4598 0.8593 0.2241
vn -0.4594 0.8595 0.2243
vn 0.1220 -0.2367 0.9639
vn 0.1219 -0.2371 0.9638
vn 0.1223 -0.2374 0.9637
vn -0.8127 -0.0581 -0.5798
vn -0.8128 -0.0581 -0.5796
vn -0.8126 -0.0573 -0.5800
vn -0.1317 -0.9085 0.3965
vn -0.1309 -0.9087 0.3965
vn -0.1311 -0.9083 0.3972
vn -0.0737 -0.8974 -0.4349
vn 0.5679 -0.3151 0.7603
vn 0.5680 -0.3151 0.7603
vn 0.1683 0.2211 -0.9606
vn 0.5319 0.7960 0.2889
vn -0.5693 0.1044 -0.8155
vn -0.5690 0.1044 -0.8157
vn -0.0554 0.9548 0.2922
vn -0.0557 0.9547 0.2923
vn -0.0559 0.9546 0.2926
vn -0.5600 -0.8268 0.0519
vn -0.5603 -0.8267 0.0519
vn -0.5605 -0.8265 0.0518
vn 0.0658 0.1235 0.9902
vn 0.0661 0.1234 0.9901
vn 0.0661 0.1235 0.9901
vn 0.2393 -0.6928 -0.6802
vn 0.8719 -0.0518 0.4870
vn 0.2199 0.1134 -0.9689
vn 0.8259 0.5019 0.2569
vn -0.3883 0.3230 -0.8631
vn -0.3885 0.3234 -0.8628
vn 0.3781 0.8791 0.2901
vn 0.3785 0.8790 0.2899
vn 0.3781 0.8792 0.2899
vn -0.8504 -0.5179 0.0929
vn -0.8501 -0.5183 0.0929
vn -0.8503 -0.5179 0.0931
vn 0.1290 0.0974 0.9868
vn 0.1288 0.0978 0.9868
vn 0.6537 0.7568 -0.0024
vn -0.8182 0.5747 -0.0163
vn 0.6836 -0.1730 -0.7090
vn -0.8699 0.2065 -0.4479
vn 0.2399 -0.9707 0.0149
vn -0.9896 -0.1438 -0.0091
vn 0.6678 -0.1548 0.7280
vn -0.8795 0.2175 0.4233
vn -0.3284 -0.4605 0.8247
vn 0.4821 0.7302 0.4841
vn -0.1744 -0.9846 0.0116
vn -0.1740 -0.9847 0.0105
vn 0.9981 0.0615 0.0095
vn 0.9980 0.0622 0.0102
vn 0.9981 0.0610 0.0105
vn -0.3091 -0.4812 -0.8203
vn -0.3102 -0.4814 -0.8198
vn -0.3099 -0.4804 -0.8205
vn 0.4928 0.7179 -0.4917
vn 0.4935 0.7180 -0.4908
vn -0.9767 -0.2146 -0.0081
vn -0.1626 0.9866 -0.0143
vn -0.8592 -0.1143 -0.4988
vn -0.2662 -0.6799 0.6833
vn 0.2705 -0.1621 -0.9490
vn 0.8192 -0.4709 0.3273
vn -0.3335 0.7964 -0.5045
vn 0.4594 0.5769 0.6754
vn -0.8284 0.4764 -0.2946
vn -0.2362 0.1424 0.9612
vn 0.0184 -0.3565 -0.9341
vn 0.0179 -0.9317 0.3628
vn 0.4764 0.7200 -0.5047
vn 0.7088 -0.0979 0.6986
vn -0.0225 0.9970 -0.0734
vn -0.0087 -0.0501 0.9987
vn -0.5209 0.6779 -0.5188
vn -0.7213 -0.1699 0.6715
vn -0.5445 0.3094 -0.7796
vn 0.7411 -0.4311 -0.5148
vn -0.0464 0.9988 -0.0132
vn 0.9998 -0.0154 0.0112
vn -0.5614 0.3289 0.7593
vn 0.7294 -0.4177 0.5417
vn -0.8882 -0.4594 -0.0040
vn 0.5133 -0.8580 0.0165
vn 0.8560 -0.5167 0.0159
vn 0.4171 0.9088 -0.0069
vn 0.0232 -0.6189 -0.7851
vn -0.0159 0.8717 -0.4899
vn -0.8091 -0.5876 -0.0015
vn -0.4992 0.8663 -0.0165
vn 0.0058 -0.5987 0.8010
vn -0.0265 0.8838 0.4671
vn 0.2881 -0.4681 -0.8354
vn -0.4538 0.7472 -0.4856
vn -0.3306 -0.9437 0.0083
vn -0.8830 0.4692 -0.0157
vn 0.2695 -0.4469 0.8530
vn -0.4642 0.7592 0.4563
vn 0.9903 -0.1387 0.0127
vn -0.0123 0.9998 -0.0128
vn 0.0593 -0.0973 -0.9935
vn 0.4909 -0.8611 0.1325
vn 0.4726 0.6828 -0.5571
vn 0.8396 -0.3391 0.4244
vn -0.4871 0.8522 0.1910
vn 0.1267 -0.2285 0.9653
vn -0.8192 -0.0763 -0.5684
vn -0.1202 -0.8999 0.4192
vn -0.8452 -0.3121 -0.4339
vn -0.8454 -0.3121 -0.4334
vn -0.8453 -0.3117 -0.4340
vn 0.1214 -0.8222 0.5560
vn 0.1210 -0.8222 0.5563
vn 0.1577 -0.0897 -0.9834
vn 0.1572 -0.0893 -0.9835
vn 0.8710 -0.4568 0.1805
vn 0.8711 -0.4566 0.1810
vn 0.8708 -0.4570 0.1813
vn -0.3497 0.8814 -0.3177
vn -0.3494 0.8813 -0.3182
vn -0.3503 0.8810 -0.3180
vn 0.6880 0.3726 0.6228
vn 0.6881 0.3717 0.6232
vn 0.6885 0.3720 0.6225
vn -0.8562 0.4587 0.2377
vn -0.8559 0.4593 0.2376
vn -0.8562 0.4586 0.2378
vn 0.2127 -0.1069 0.9713
vn 0.2118 -0.1067 0.9715
vn 0.2120 -0.1070 0.9714
vn -0.5592 -0.8279 -0.0433
vn -0.5593 -0.8279 -0.0433
vn 0.0879 0.0984 -0.9913
vn -0.5868 0.1248 0.8001
vn -0.0490 0.9470 -0.3175
vn 0.1467 0.2456 0.9582
vn 0.1471 0.2453 0.9582
vn 0.5387 0.7883 -0.2972
vn 0.5383 0.7886 -0.2973
vn 0.5385 0.7886 -0.2969
vn -0.0830 -0.8862 0.4559
vn -0.0835 -0.8862 0.4558
vn -0.0831 -0.8864 0.4555
vn 0.5841 -0.3342 -0.7397
vn 0.5845 -0.3341 -0.7394
vn 0.8324 0.3608 -0.4206
vn -0.1999 0.8159 0.5425
vn -0.1251 0.0201 -0.9919
vn -0.9614 0.2333 0.1457
vn 0.1543 -0.8174 -0.5551
vn -0.8482 -0.3456 0.4013
vn 0.9525 -0.2292 0.2004
vn -0.2662 0.0748 0.9610
vn 0.0945 -0.8157 0.5707
vn 0.9132 -0.0859 -0.3984
vn -0.8281 -0.5217 -0.2052
vn 0.2457 0.1349 -0.9599
vn -0.7042 0.4558 0.5444
vn 0.3271 0.8479 -0.4172
vn 0.0719 0.0644 0.9953
vn 0.8433 0.5250 -0.1150
vn 0.6630 -0.2684 0.6989
vn 0.5698 0.7250 -0.3870
vn -0.2180 -0.9758 0.0178
vn 0.0623 0.2255 -0.9722
vn -0.5660 -0.7245 0.3933
vn -0.6493 0.2781 -0.7078
vn 0.0310 0.1977 0.9798
vn 0.2159 0.9447 -0.2468
vn -0.5061 0.6737 -0.5385
vn -0.5063 0.6739 -0.5381
vn 0.2983 0.6531 0.6960
vn 0.2978 0.6532 0.6962
vn 0.2984 0.6528 0.6963
vn -0.9447 0.3114 -0.1032
vn -0.9449 0.3108 -0.1029
vn -0.9446 0.3116 -0.1026
vn 0.0372 -0.0031 0.9993
vn 0.0364 -0.0031 0.9993
vn 0.0365 -0.0037 0.9993
vn -0.8664 -0.1961 -0.4593
vn -0.8661 -0.1964 -0.4597
vn -0.8663 -0.1958 -0.4596
vn -0.1330 -0.6742 0.7264
vn -0.1324 -0.6737 0.7271
vn -0.1328 -0.6735 0.7272
vn 0.3466 -0.1297 -0.9290
vn 0.3458 -0.1295 -0.9293
vn 0.3462 -0.1287 -0.9293
vn 0.8765 -0.3031 0.3739
vn 0.8761 -0.3035 0.3745
vn -0.1389 -0.9902 0.0110
vn 0.9999 0.0124 0.0109
vn -0.4483 -0.2896 -0.8457
vn 0.7584 0.4531 -0.4686
vn -0.9437 0.3305 -0.0146
vn 0.4693 0.8830 -0.0060
vn -0.4668 -0.2682 0.8427
vn 0.7480 0.4650 0.4736
vn 0.3666 -0.6053 0.7065
vn 0.3560 -0.5801 -0.7326
vn -0.6848 -0.4056 0.6054
vn -0.5085 -0.3253 -0.7973
vn -0.3818 0.6228 0.6828
vn -0.3395 0.5612 -0.7548
vn 0.6714 0.4209 0.6100
vn 0.5260 0.3052 -0.7939
vn 0.2183 0.9680 -0.1238
vn -0.0526 -0.2937 -0.9544
vn 0.7087 -0.0272 0.7050
vn 0.1916 -0.9158 -0.3531
vn -0.0333 -0.0891 0.9955
vn -0.2115 -0.9676 -0.1379
vn -0.6569 0.5324 0.5339
vn -0.7005 -0.5776 -0.4191
vn -0.5321 0.6906 0.4899
vn -0.7064 -0.1870 -0.6826
vn -0.0239 0.9986 0.0479
vn 0.0132 -0.0753 -0.9971
vn 0.0133 -0.0753 -0.9971
vn 0.4654 0.7326 0.4967
vn 0.7240 -0.1153 -0.6801
vn -0.0023 -0.3328 0.9430
vn 0.0256 -0.9406 -0.3387
vn -0.4895 0.2559 -0.8336
vn 0.7337 -0.3960 -0.5522
vn -0.3263 0.9451 -0.0156
vn 0.9667 0.2557 0.0074
vn -0.5076 0.2768 0.8160
vn 0.7212 -0.3817 0.5781
vn -0.9657 -0.2596 -0.0073
vn 0.3224 -0.9465 0.0155
vn -0.1315 -0.5823 0.8023
vn 0.1635 0.8243 0.5421
vn 0.6509 -0.7590 0.0168
vn 0.7176 0.6965 -0.0009
vn -0.1141 -0.6027 -0.7897
vn 0.1756 0.8103 -0.5591
vn -0.9116 -0.4111 -0.0048
vn -0.3521 0.9358 -0.0157
vn 0.5580 0.7341 -0.3869
vn 0.6516 -0.2778 0.7059
vn 0.2063 0.9778 -0.0374
vn -0.0518 -0.1816 0.9820
vn -0.1897 0.8988 -0.3951
vn -0.7146 0.0302 0.6989
vn -0.0452 -0.2771 -0.9598
vn -0.2009 -0.9354 0.2910
vn 0.2917 0.6556 -0.6965
vn -0.7319 0.5768 0.3628
vn -0.1007 0.0145 -0.9948
vn -0.9576 0.2338 0.1684
vn -0.0380 -0.7277 -0.6848
vn -0.9141 -0.1758 0.3653
vn 0.9714 -0.2354 0.0305
vn -0.3006 0.0824 0.9502
vn 0.7645 -0.6444 0.0166
vn 0.5667 0.8239 -0.0042
vn -0.1354 -0.6544 -0.7439
vn 0.2047 0.8870 -0.4139
vn -0.5506 -0.8348 0.0045
vn -0.6987 0.7153 -0.0167
vn -0.1519 -0.6355 0.7570
vn 0.1958 0.8972 0.3958
vn -0.1147 0.9933 -0.0138
vn -0.9870 -0.1602 -0.0088
vn 0.3749 0.4741 -0.7966
vn -0.5057 -0.6813 -0.5292
vn 0.9963 -0.0846 0.0121
vn -0.1945 -0.9808 0.0103
vn 0.3575 0.4943 0.7924
vn -0.5174 -0.6678 0.5350
vn -0.5174 -0.6679 0.5350
vn -0.6011 0.1537 0.7843
vn 0.8084 -0.1907 0.5569
vn -0.7633 -0.6461 -0.0002
vn 0.6931 -0.7206 0.0168
vn -0.5837 0.1337 -0.8009
vn 0.8204 -0.2045 -0.5340
vn -0.3786 0.9254 -0.0159
vn 0.9478 0.3189 0.0064
vn -0.8480 -0.5207 -0.0984
vn -0.8482 -0.5206 -0.0979
vn -0.8482 -0.5204 -0.0986
vn 0.1504 0.0721 -0.9860
vn 0.1508 0.0725 -0.9859
vn -0.4074 0.3450 0.8456
vn -0.4072 0.3446 0.8459
vn 0.3850 0.8715 -0.3038
vn 0.3847 0.8717 -0.3035
vn 0.3853 0.8715 -0.3034
vn 0.1986 0.1385 0.9703
vn 0.1985 0.1377 0.9704
vn 0.1990 0.1381 0.9702
vn 0.8317 0.4952 -0.2510
vn 0.8313 0.4957 -0.2515
vn 0.8315 0.4956 -0.2509
vn 0.2245 -0.6754 0.7024
vn 0.2244 -0.6754 0.7025
vn 0.2244 -0.6751 0.7027
vn 0.8825 -0.0638 -0.4659
vn 0.8823 -0.0635 -0.4663
vn 0.8822 -0.0634 -0.4665
vn 0.9710 -0.2353 0.0421
vn -0.1801 0.0338 -0.9831
vn 0.7276 -0.5597 0.3967
vn -0.2777 -0.6559 -0.7019
vn -0.2747 0.0762 0.9585
vn -0.9291 0.2226 -0.2952
vn 0.9036 0.1810 0.3884
vn 0.0394 0.7029 -0.7102
vn 0.2057 0.9785 0.0169
vn -0.0302 -0.2063 -0.9780
vn 0.5495 0.7438 0.3804
vn 0.6668 -0.2955 -0.6841
vn -0.0664 -0.2529 0.9652
vn -0.1947 -0.9424 -0.2719
vn -0.1981 0.9085 0.3679
vn -0.6990 0.0123 -0.7151
vn 0.9120 0.1714 -0.3728
vn 0.0240 0.7206 0.6929
vn -0.2535 0.0519 -0.9659
vn -0.9353 0.2298 0.2691
vn 0.7361 -0.5694 -0.3661
vn -0.2932 -0.6379 0.7121
vn 0.9716 -0.2361 -0.0148
vn -0.2017 0.0587 0.9777
vn -0.0690 -0.9975 0.0119
vn 0.9999 -0.0052 0.0111
vn -0.5081 -0.3332 -0.7943
vn 0.7163 0.4373 -0.5438
vn -0.9279 0.3726 -0.0149
vn 0.4307 0.9025 -0.0067
vn -0.5251 -0.3129 0.7914
vn 0.7047 0.4513 0.5475
vn -0.1445 0.9894 -0.0141
vn -0.9316 -0.3634 -0.0057
vn 0.1373 0.6009 -0.7874
vn -0.1871 -0.9134 -0.3616
vn 0.5449 0.8385 -0.0046
vn 0.7085 -0.7055 0.0167
vn 0.1201 0.6205 0.7750
vn -0.1953 -0.9041 0.3801
vn -0.5308 0.1827 0.8276
vn 0.8695 -0.2836 0.4044
vn -0.9936 -0.1128 -0.0095
vn 0.3331 -0.9428 0.0156
vn -0.5124 0.1615 -0.8434
vn 0.8781 -0.2936 -0.3778
vn -0.7479 0.6636 -0.0166
vn 0.8237 0.5670 0.0019
vn -0.4452 0.8953 -0.0162
vn 0.9517 0.3069 0.0066
vn -0.5249 0.1358 0.8403
vn 0.8492 -0.2013 0.4881
vn -0.8061 -0.5918 -0.0014
vn 0.7052 -0.7088 0.0167
vn -0.5062 0.1143 -0.8548
vn 0.8597 -0.2133 -0.4641
vn -0.4697 0.8827 -0.0163
vn -0.7785 -0.6276 -0.0006
vn -0.0037 0.5355 -0.8445
vn 0.0245 -0.9157 -0.4012
vn 0.3932 0.9194 -0.0073
vn 0.8068 -0.5906 0.0164
vn -0.0221 0.5567 0.8304
vn 0.0154 -0.9052 0.4247
vn 0.4483 0.2895 0.8457
vn -0.7584 -0.4531 0.4686
vn 0.1389 0.9903 -0.0110
vn -0.9999 -0.0125 -0.0108
vn 0.4668 0.2682 -0.8427
vn -0.7480 -0.4650 -0.4735
vn 0.9437 -0.3304 0.0146
vn -0.4693 -0.8830 0.0060
vn -0.0085 -0.6288 0.7776
vn -0.0058 0.8557 0.5174
vn 0.8418 -0.5395 0.0161
vn 0.4865 0.8737 -0.0057
vn 0.0085 -0.6483 -0.7614
vn 0.0058 0.8423 -0.5390
vn -0.8419 -0.5397 -0.0024
vn -0.4865 0.8735 -0.0164
vn 0.1333 0.6428 0.7544
vn -0.1968 -0.8414 0.5033
vn -0.6501 0.7596 -0.0168
vn -0.7179 -0.6962 0.0009
vn 0.1501 0.6235 -0.7673
vn -0.1859 -0.8540 -0.4859
vn 0.9679 0.2513 0.0075
vn 0.1529 -0.9881 0.0142
vn -0.3344 -0.9424 -0.0072
vn 0.5969 0.1442 0.7892
vn -0.9070 -0.2210 0.3584
vn -0.9070 -0.2211 0.3584
vn -0.7297 0.6837 -0.0055
vn -0.8989 -0.2183 -0.3799
vn -0.9538 -0.2320 0.1909
vn 0.2589 0.0619 0.9639
vn -0.1555 -0.8103 -0.5651
vn 0.1060 0.0268 -0.9940
vn 0.9636 0.2340 0.1293
vn -0.5151 0.6480 -0.5610
vn 0.5702 0.7066 0.4190
vn 0.1066 0.8250 -0.5551
vn 0.9042 0.0795 0.4197
vn 0.2248 -0.1507 0.9627
vn -0.6917 -0.4469 -0.5673
vn 0.3184 -0.8546 0.4103
vn 0.9998 0.0157 0.0111
vn 0.7409 0.4267 -0.5186
vn -0.8884 0.4590 -0.0080
vn -0.7092 0.7050 -0.0051
vn 0.1159 -0.5187 0.8470
vn -0.2129 0.8527 0.4771
vn 0.1346 -0.5124 -0.8481
vn -0.3010 -0.8466 0.4390
vn 0.1666 0.0698 -0.9835
vn -0.8501 0.2919 0.4382
vn 0.8956 0.3835 -0.2252
vn -0.2009 0.9561 0.2135
vn -0.8004 0.1930 -0.5675
vn -0.3954 -0.8259 0.4020
vn 0.0310 -0.0930 -0.9952
vn 0.6567 0.5342 -0.5324
vn 0.7013 -0.5736 0.4232
vn 0.1829 -0.8007 -0.5705
vn 0.1059 -0.5241 0.8450
vn 0.7821 0.1906 -0.5932
vn -0.1616 0.7557 -0.6347
vn -0.1423 0.5852 0.7983
vn -0.1423 0.5851 0.7983
vn -0.5168 -0.4882 -0.7032
vn -0.5273 0.6438 0.5545
vn 0.5793 0.7096 -0.4010
vn 0.0838 0.0193 0.9963
vn 0.9662 0.2350 -0.1057
vn 0.8423 -0.3599 -0.4012
vn -0.9493 -0.2305 -0.2136
vn 0.2804 0.0692 -0.9574
vn 0.3339 0.4609 -0.8223
vn 0.9964 0.0842 0.0113
vn -0.4907 -0.6850 0.5384
vn -0.8794 -0.2140 0.4252
vn 0.2396 0.9708 0.0063
vn -0.9896 0.1434 -0.0104
vn -0.9915 0.1298 -0.0105
vn 0.3307 0.9437 0.0072
vn -0.3745 -0.9272 -0.0076
vn 0.9498 -0.3128 0.0093
vn 0.8681 0.2094 -0.4501
vn -0.7050 -0.7092 -0.0104
vn 0.5062 0.1221 0.8538
vn -0.8597 -0.2094 0.4660
vn 0.4450 0.8955 0.0083
vn 0.5248 0.1285 -0.8415
vn -0.8492 -0.2058 -0.4864
vn -0.6013 -0.1470 0.7854
vn -0.5837 -0.1410 -0.7996
vn 0.8203 0.2000 -0.5359
vn -0.7634 0.6459 -0.0060
vn 0.6929 0.7209 0.0103
vn 0.8559 0.5170 0.0114
vn 0.0056 0.6059 0.7956
vn -0.0262 -0.8797 0.4749
vn -0.4991 -0.8665 -0.0088
vn -0.0157 -0.8760 -0.4821
vn 0.8691 -0.4887 -0.0761
vn 0.8691 -0.4888 -0.0761
vn -0.0740 -0.5593 0.8256
vn -0.9545 -0.0972 -0.2821
vn 0.0311 -0.1890 0.9815
vn -0.6493 -0.2845 -0.7054
vn 0.6629 0.2747 0.6965
vn 0.6629 0.2747 0.6964
vn -0.9871 0.1599 -0.0103
vn 0.9963 0.0851 0.0113
vn -0.1948 0.9808 0.0016
vn -0.5059 0.6765 -0.5352
vn -0.5248 -0.1284 0.8415
vn -0.4450 -0.8955 -0.0083
vn 0.8597 0.2094 -0.4659
vn -0.0073 -0.6791 0.7340
vn -0.6801 -0.3917 0.6198
vn -0.0065 -0.7933 0.6087
vn 0.0090 -0.5991 -0.8006
vn 0.6665 -0.3914 0.6346
vn 0.5452 -0.3086 -0.7795
vn -0.0086 -0.6790 0.7341
vn 0.0103 -0.6745 -0.7382
vn -0.7332 0.4176 0.5366
vn -0.0062 0.8376 0.5463
vn 0.7211 0.4180 0.5526
vn 0.3111 -0.6456 0.6975
vn 0.3111 -0.6455 0.6975
vn 0.3109 -0.6451 0.6980
vn -0.5281 -0.6709 -0.5206
vn -0.5273 -0.6712 -0.5210
vn -0.5273 -0.6714 -0.5207
vn -0.2517 -0.0789 0.9646
vn -0.9129 -0.2853 -0.2918
vn -0.9131 -0.2853 -0.2914
vn -0.1190 0.6817 0.7219
vn -0.1190 0.6816 0.7219
vn -0.8560 0.2136 -0.4708
vn 0.9521 0.3036 0.0374
vn 0.9519 0.3040 0.0377
vn 0.9522 0.3032 0.0375
vn 0.6955 0.0020 -0.7185
vn 0.6953 0.0017 -0.7187
vn 0.0780 -0.9772 0.1977
vn 0.0775 -0.9772 0.1977
vn 0.0779 -0.9773 0.1972
vn 0.5123 0.8196 0.2566
vn 0.5127 0.8195 0.2561
vn -0.1613 -0.2417 0.9569
vn -0.1612 -0.2422 0.9567
vn -0.0691 0.9123 -0.4037
vn -0.0688 0.9125 -0.4033
vn -0.0685 0.9121 -0.4042
vn -0.8256 0.0752 0.5592
vn -0.8260 0.0753 0.5586
vn -0.8261 0.0746 0.5585
vn -0.0576 -0.1078 -0.9925
vn -0.0575 -0.1073 -0.9926
vn -0.5242 -0.8415 0.1307
vn -0.5237 -0.8418 0.1308
vn -0.5235 -0.8419 0.1309
vn -0.0181 0.7211 -0.6925
vn 0.8384 -0.3587 -0.4104
vn -0.9676 -0.2345 -0.0941
vn -0.9676 -0.2344 -0.0941
vn -0.1142 0.5954 -0.7953
vn 0.1758 -0.8153 -0.5517
vn 0.6507 0.7593 0.0100
vn -0.1317 0.5895 0.7969
vn 0.1637 -0.8194 0.5494
vn -0.9117 0.4109 -0.0085
vn 0.0458 0.0534 -0.9975
vn 0.0173 0.0664 -0.9976
vn -0.5268 0.8253 0.2033
vn -0.2725 -0.3654 -0.8901
vn -0.2459 -0.3906 -0.8871
vn -0.2808 -0.3702 -0.8855
vn -0.9156 0.3170 0.2472
vn -0.8979 0.3433 0.2755
vn 0.5840 -0.8088 0.0686
vn 0.6160 -0.7865 0.0454
vn 0.6114 -0.7873 0.0800
vn -0.0847 0.1272 0.9882
vn 0.5319 -0.8297 -0.1693
vn 0.5245 -0.8365 -0.1585
vn 0.5583 -0.8128 -0.1663
vn -0.0798 -0.0485 0.9956
vn 0.6187 0.3374 -0.7095
vn 0.6209 0.3391 -0.7067
vn 0.6126 0.3060 -0.7287
vn -0.1149 0.8881 0.4452
vn -0.0900 0.8743 0.4770
vn -0.0736 0.8778 0.4734
vn -0.1058 0.1804 -0.9779
vn -0.1419 0.1740 -0.9745
vn -0.1454 0.1668 -0.9752
vn -0.5907 0.7652 0.2561
vn -0.6031 0.7650 0.2260
vn 0.5586 -0.8176 0.1398
vn 0.5366 -0.8232 0.1858
vn -0.0472 -0.0566 -0.9973
vn -0.0125 -0.0258 -0.9996
vn -0.0188 -0.0458 -0.9988
vn -0.1738 0.1817 0.9679
vn -0.1665 0.1969 0.9662
vn -0.5625 0.7941 -0.2304
vn -0.5743 0.7712 -0.2747
vn -0.5832 0.7655 -0.2717
vn 0.6063 0.3327 0.7223
vn 0.5914 0.3495 0.7267
vn 0.5965 0.3005 0.7443
vn -0.1093 0.8919 -0.4387
vn -0.0661 0.8981 -0.4348
vn 0.6158 -0.7849 -0.0694
vn 0.5943 -0.8009 -0.0736
vn 0.6130 -0.7867 -0.0726
vn -0.0905 0.1097 -0.9898
vn -0.0969 0.1502 -0.9839
vn -0.0958 0.1508 -0.9839
vn -0.2725 -0.3807 0.8836
vn -0.3013 -0.3751 0.8767
vn -0.9100 0.3190 -0.2648
vn -0.9055 0.3395 -0.2546
vn -0.8996 0.3505 -0.2605
vn -0.0057 0.0663 0.9978
vn 0.0305 0.0462 0.9985
vn -0.0066 0.0587 0.9983
vn -0.5247 0.8325 -0.1777
vn -0.5529 0.8081 -0.2030
vn -0.5503 0.8165 -0.1746
vn -0.0556 -0.0916 0.9942
vn -0.4486 -0.8849 -0.1251
vn -0.4943 0.6823 0.5387
vn -0.8267 -0.3651 -0.4281
vn 0.4455 0.8729 -0.1990
vn 0.8163 -0.0444 0.5759
vn 0.1517 -0.9003 -0.4081
vn -0.2588 -0.1239 0.9579
vn -0.2588 -0.1240 0.9579
vn 0.1515 0.8226 -0.5481
vn -0.8509 0.3372 0.4029
vn 0.6918 -0.3879 -0.6091
vn -0.9318 0.3630 -0.0089
vn -0.1956 0.9073 0.3721
vn 0.5451 -0.8384 0.0029
vn 0.7084 0.7058 0.0105
vn -0.1874 0.9100 -0.3697
vn -0.8548 0.3047 0.4201
vn 0.1332 0.8313 -0.5397
vn -0.3562 -0.8863 0.2960
vn 0.2336 0.1226 -0.9646
vn 0.8289 -0.0401 -0.5580
vn 0.1428 -0.9033 0.4045
vn 0.4409 0.8713 0.2156
vn -0.1359 -0.2502 0.9586
vn -0.4824 0.6863 -0.5443
vn -0.8358 -0.3683 0.4071
vn -0.4512 -0.8858 0.1085
vn 0.3395 0.5681 0.7497
vn -0.3664 -0.6117 -0.7012
vn -0.3558 -0.5736 0.7379
vn 0.6849 -0.4108 -0.6019
vn 0.1502 -0.6301 -0.7618
vn -0.6500 -0.7599 -0.0100
vn 0.4555 0.8840 -0.1051
vn 0.3420 -0.5470 0.7641
vn 0.3413 -0.5472 0.7642
vn 0.3417 -0.5474 0.7640
vn 0.8824 0.4202 -0.2116
vn -0.4542 -0.8555 -0.2488
vn -0.4539 -0.8558 -0.2483
vn 0.1425 0.2527 -0.9570
vn -0.8253 0.0484 0.5626
vn -0.8250 0.0485 0.5630
vn -0.8256 0.0487 0.5622
vn -0.1227 0.9150 -0.3842
vn -0.1223 0.9151 -0.3842
vn -0.0166 -0.2556 0.9666
vn -0.0197 -0.9599 -0.2797
vn -0.7205 0.1836 0.6687
vn 0.0235 0.9997 0.0074
vn 0.6988 0.0920 0.7094
vn 0.4635 -0.7381 -0.4903
vn -0.2948 -0.5395 0.7887
vn 0.3802 0.7203 0.5801
vn 0.2745 -0.9616 -0.0006
vn -0.2773 -0.5335 -0.7991
vn 0.3929 0.7247 -0.5661
vn -0.0642 0.9979 0.0030
vn 0.2766 -0.6670 0.6918
vn -0.7235 -0.5709 -0.3882
vn -0.1222 -0.0308 0.9920
vn -0.0535 0.7164 0.6957
vn -0.2794 -0.0668 -0.9578
vn -0.2211 0.1330 -0.9661
vn -0.0557 -0.5531 -0.8312
vn -0.9604 -0.0992 0.2603
vn 0.8673 -0.4894 0.0914
vn -0.1403 0.0713 0.9875
vn -0.0694 0.9976 0.0030
vn 0.9999 0.0056 0.0110
vn -0.5254 0.3198 0.7885
vn 0.7045 -0.4460 0.5520
vn 0.4310 -0.9024 0.0013
vn -0.5081 0.3259 -0.7972
vn 0.5613 0.3223 -0.7623
vn 0.8884 -0.4589 0.0080
vn 0.0462 0.9989 0.0043
vn -0.9998 -0.0158 -0.0111
vn -0.1390 0.9903 0.0022
vn 0.7482 -0.4606 0.4776
vn 0.4696 -0.8829 0.0019
vn -0.4483 0.2818 -0.8483
vn 0.2158 -0.9699 0.1131
vn 0.2157 -0.9700 0.1124
vn 0.2161 -0.9698 0.1127
vn -0.0738 0.2779 0.9578
vn 0.7240 0.0394 -0.6887
vn 0.7243 0.0391 -0.6883
vn 0.1829 0.9100 0.3721
vn -0.0114 0.1054 -0.9944
vn -0.2151 0.9652 0.1489
vn -0.2148 0.9653 0.1485
vn -0.7099 0.5704 0.4130
vn -0.5208 -0.8406 -0.1488
vn -0.0777 0.9093 0.4089
vn 0.5177 0.8216 -0.2387
vn 0.0825 -0.9756 -0.2033
vn 0.0824 -0.9756 -0.2033
vn 0.0377 0.0816 0.9960
vn 0.4932 0.8632 -0.1077
vn 0.8486 0.3462 -0.4001
vn 0.1478 0.2443 -0.9584
vn -0.8315 0.0669 0.5514
vn -0.1115 0.9066 -0.4069
vn -0.1114 0.9066 -0.4069
vn 0.1540 0.8124 -0.5624
vn -0.8483 0.3488 0.3983
vn -0.1251 -0.0290 -0.9917
vn 0.8325 -0.3643 -0.4173
vn -0.1997 -0.8112 0.5496
vn 0.6095 -0.4765 0.6336
vn -0.2117 -0.8147 -0.5399
vn -0.9044 -0.3539 -0.2384
vn 0.0369 0.7908 0.6110
vn -0.8359 0.2992 -0.4602
vn -0.1345 -0.0553 -0.9894
vn 0.4745 0.6811 0.5577
vn 0.3237 0.4502 -0.8322
vn 0.4668 -0.4925 0.7345
vn -0.5429 -0.6130 0.5741
vn 0.6782 -0.3925 0.6213
vn 0.6781 -0.3925 0.6213
vn -0.8418 0.3402 -0.4190
vn -0.3003 0.7246 -0.6203
vn -0.2999 0.7245 -0.6206
vn -0.8822 -0.0719 0.4654
vn -0.8824 -0.0720 0.4650
vn -0.1063 -0.1623 -0.9810
vn -0.1063 -0.1628 -0.9809
vn -0.5652 -0.8009 0.1977
vn 0.8237 -0.1141 -0.5555
vn 0.1306 -0.8539 0.5037
vn 0.5697 0.8048 0.1662
vn -0.1119 -0.1462 0.9829
vn 0.7678 -0.6407 0.0060
vn -0.7212 -0.6926 -0.0106
vn 0.5839 0.1860 0.7902
vn -0.9900 0.1408 -0.0104
vn 0.6010 0.1919 -0.7758
vn -0.8373 -0.2670 -0.4772
vn 0.7332 -0.4176 -0.5367
vn 0.4326 -0.2583 0.8638
vn 0.7330 0.4221 -0.5334
vn 0.4324 0.2520 0.8657
vn -0.5773 0.3414 -0.7417
vn -0.5956 0.3340 0.7306
vn -0.5467 -0.3119 0.7771
vn -0.5060 -0.6786 -0.5325
vn -0.1325 0.6804 0.7208
vn 0.6918 -0.3931 -0.6057
vn 0.0075 -0.7753 -0.6316
vn -0.0068 -0.6233 0.7819
vn 0.5774 -0.3429 0.7409
vn -0.4514 -0.2585 0.8541
vn 0.0062 -0.8377 -0.5461
vn 0.5773 0.3377 0.7435
vn 0.0071 0.7801 -0.6257
vn -0.0072 0.6175 0.7865
vn -0.6803 0.3866 0.6226
vn -0.5279 0.3144 -0.7890
vn -0.0076 0.6735 0.7392
vn 0.7213 -0.4217 0.5495
vn 0.0096 -0.5071 -0.8618
vn -0.7330 -0.4220 0.5335
vn 0.0099 0.6800 -0.7332
vn 0.6663 0.3870 0.6375
vn 0.5450 0.3148 -0.7771
vn -0.0056 0.9416 0.3368
vn 0.0033 -0.9591 -0.2831
vn -0.0105 -0.2640 0.9645
vn 0.7108 0.1238 0.6925
vn 0.8195 -0.4714 -0.3260
vn -0.8699 -0.1099 0.4808
vn -0.2510 -0.6860 -0.6830
vn -0.2149 0.1338 -0.9674
vn -0.0033 0.9591 0.2829
vn 0.5201 0.6932 0.4990
vn 0.7330 -0.1174 -0.6700
vn -0.5313 0.6929 0.4875
vn 0.3358 0.7969 0.5022
vn 0.3359 0.7969 0.5022
vn -0.4611 0.5615 -0.6871
vn 0.2361 0.1339 -0.9625
vn 0.2664 -0.6858 -0.6773
vn -0.8283 -0.4793 -0.2903
vn -0.2362 -0.1339 0.9624
vn -0.3332 -0.8009 -0.4975
vn 0.4596 -0.5707 0.6805
vn -0.8569 0.1052 -0.5046
vn -0.5364 -0.6864 0.4910
vn 0.0047 -0.2484 -0.9686
vn 0.7142 0.0974 -0.6931
vn 0.4527 -0.7418 0.4948
vn 0.0236 0.9997 0.0008
vn -0.0106 0.2966 0.9550
vn 0.0032 0.9511 -0.3088
vn 0.5205 -0.6966 0.4938
vn 0.3445 -0.8008 -0.4899
vn -0.4742 -0.5709 0.6703
vn 0.8347 -0.4788 -0.2720
vn 0.2150 -0.1338 0.9674
vn 0.2510 0.6859 0.6830
vn 0.0028 0.9612 -0.2758
vn -0.7330 -0.1230 0.6691
vn -0.0050 -0.9441 0.3296
vn -0.2572 -0.6879 0.6787
vn 0.4592 0.5658 0.6849
vn -0.8285 0.4809 -0.2867
vn 0.8700 -0.1058 -0.4815
vn 0.2514 -0.6909 0.6778
vn -0.2902 0.1584 0.9438
vn 0.8591 0.1062 0.5006
vn 0.2659 0.6911 -0.6721
vn 0.3363 -0.8004 0.4963
vn -0.4608 -0.5565 -0.6913
vn 0.8904 0.3817 0.2478
vn 0.8904 0.3818 0.2478
vn 0.0504 0.7906 0.6102
vn -0.1452 0.8569 0.4946
vn -0.6491 -0.7479 0.1394
vn 0.0941 -0.8409 -0.5329
vn 0.8231 -0.1529 0.5469
vn 0.1745 0.1901 -0.9661
vn 0.6362 0.7267 0.2590
vn -0.8458 0.2958 0.4439
vn 0.6233 -0.4717 -0.6237
vn -0.2231 -0.8190 0.5286
vn -0.1279 -0.1702 0.9771
vn -0.5606 -0.7993 -0.2164
vn -0.3138 0.7196 0.6194
vn -0.3135 0.7202 0.6190
vn -0.3138 0.7199 0.6191
vn -0.8717 -0.0678 -0.4854
vn -0.0899 -0.1392 -0.9862
vn 0.8113 -0.1184 0.5725
vn -0.5154 0.3065 0.8003
vn -0.9774 -0.2110 -0.0116
vn -0.0531 0.9986 0.0032
vn -0.5615 0.3162 0.7647
vn -0.8881 -0.4596 -0.0115
vn 0.5136 -0.8581 0.0024
vn 0.7412 -0.4223 -0.5218
vn 0.9998 -0.0153 0.0109
vn 0.4484 -0.2819 0.8482
vn -0.4695 0.8829 -0.0018
vn 0.5549 0.5142 0.6540
vn -0.3558 -0.5737 0.7377
vn -0.1919 0.7589 0.6223
vn -0.1363 0.5998 -0.7884
vn -0.5551 -0.5136 -0.6543
vn 0.3237 0.5203 -0.7902
vn 0.7542 0.1826 0.6307
vn 0.3394 0.5680 0.7497
vn 0.3817 0.6169 -0.6882
vn -0.2081 -0.7389 0.6409
vn -0.1564 -0.6033 -0.7820
vn -0.7679 -0.1873 0.6125
vn 0.1572 0.6041 0.7812
vn 0.2074 0.7387 -0.6413
vn 0.1781 -0.7634 0.6209
vn 0.1537 -0.5937 -0.7898
vn 0.1363 -0.5997 0.7886
vn -0.1735 -0.6091 0.7739
vn -0.6053 -0.1480 0.7821
vn -0.5123 -0.1692 -0.8420
vn -0.9936 0.1124 -0.0105
vn 0.8694 0.2875 0.4019
vn 0.8240 -0.5666 0.0069
vn -0.3394 -0.5679 -0.7499
vn -0.3818 -0.6170 0.6882
vn 0.5691 0.5190 -0.6378
vn 0.4543 0.4218 0.7847
vn -0.1781 0.7634 -0.6209
vn -0.4547 -0.4230 -0.7838
vn -0.5693 -0.5184 0.6380
vn 0.4197 0.6806 -0.6006
vn 0.3063 0.5144 0.8010
vn -0.7847 -0.3185 0.5317
vn -0.9750 0.2220 -0.0099
vn -0.7728 -0.3145 -0.5513
vn 0.9368 -0.3497 0.0090
vn -0.0089 -0.5734 0.8193
vn 0.0062 0.8123 -0.5833
vn 0.5185 0.2526 0.8169
vn -0.9536 0.3011 -0.0094
vn 0.5363 0.2588 -0.8034
vn -0.3498 -0.9368 -0.0074
vn -0.0067 0.8078 0.5895
vn 0.0092 -0.5672 -0.8236
vn -0.0062 -0.8122 0.5834
vn -0.6560 0.5039 0.5619
vn -0.6562 0.5041 0.5615
vn 0.4300 0.8264 -0.3636
vn 0.4304 0.8262 -0.3636
vn 0.0384 0.0248 0.9990
vn 0.8630 0.4983 -0.0835
vn 0.2864 0.1630 -0.9441
vn 0.2863 0.1636 -0.9441
vn -0.7696 -0.3120 0.5571
vn 0.0008 0.9958 -0.0910
vn 0.7573 -0.3116 0.5740
vn 0.5047 0.7833 -0.3630
vn 0.0024 -0.9808 -0.1951
vn -0.1201 0.8138 0.5686
vn -0.9234 0.0441 -0.3814
vn 0.8518 0.4920 -0.1798
vn 0.8522 0.4913 -0.1802
vn 0.6441 -0.5084 0.5716
vn 0.6437 -0.5084 0.5719
vn -0.4219 -0.8234 -0.3795
vn -0.4222 -0.8234 -0.3792
vn 0.9315 0.0444 -0.3611
vn 0.8633 -0.4972 -0.0873
vn -0.6559 -0.5088 0.5577
vn 0.4309 -0.8231 -0.3698
vn -0.0024 0.9808 0.1951
vn -0.0103 -0.3223 0.9466
vn -0.7574 0.3115 -0.5739
vn -0.0008 -0.9958 0.0910
vn 0.7696 0.3120 -0.5571
vn 0.4970 -0.7830 0.3740
vn 0.4223 0.8234 0.3792
vn -0.8519 -0.4917 0.1802
vn 0.2656 0.1559 0.9514
vn 0.1201 -0.8139 -0.5685
vn 0.9234 -0.0440 0.3814
vn -0.8630 -0.4983 0.0834
vn 0.6562 -0.5041 -0.5615
vn -0.1076 0.8182 -0.5648
vn -0.9315 0.0413 0.3613
vn -0.6435 -0.5044 -0.5757
vn 0.4227 -0.8259 0.3730
vn 0.8612 -0.4979 0.1025
vn 0.1196 0.8182 -0.5623
vn 0.9233 0.0417 0.3818
vn -0.8522 0.4898 0.1840
vn 0.2656 -0.1629 0.9502
vn -0.7698 0.3072 0.5595
vn -0.4965 -0.7805 -0.3798
vn 0.0018 0.9822 -0.1878
vn 0.7572 0.3076 0.5763
vn 0.5052 -0.7802 -0.3688
vn -0.0110 -0.0609 0.9981
vn -0.4952 -0.2622 -0.8283
vn -0.4090 0.5339 -0.7400
vn -0.0224 -0.6533 0.7568
vn -0.0050 -0.6806 -0.7327
vn -0.1071 -0.8139 -0.5710
vn -0.9315 -0.0445 0.3611
vn 0.8480 -0.4913 0.1989
vn 0.6559 0.5088 -0.5576
vn -0.8633 0.4972 0.0872
vn 0.0110 0.0608 -0.9981
vn -0.7572 -0.3076 -0.5763
vn -0.5052 0.7802 0.3689
vn -0.0105 0.3152 0.9490
vn 0.4965 0.7805 0.3799
vn -0.0178 0.0004 0.9998
vn -0.1544 0.0232 -0.9877
vn -0.8576 0.4306 0.2811
vn -0.7950 0.0692 0.6026
vn -0.4794 -0.4498 -0.7536
vn -0.4794 -0.4498 -0.7535
vn -0.2356 0.9630 0.1308
vn 0.6609 0.4230 0.6199
vn 0.6491 -0.1756 -0.7402
vn 0.6491 -0.1755 -0.7402
vn 0.0956 -0.4372 0.8943
vn 0.2153 -0.8636 -0.4559
vn 0.1425 -0.0141 0.9897
vn -0.3100 0.1985 -0.9298
vn -0.2970 -0.4360 -0.8495
vn -0.6742 -0.4276 0.6021
vn -0.1153 0.4306 0.8951
vn 0.7815 -0.0739 0.6195
vn 0.3759 0.8837 -0.2790
vn -0.0539 0.1862 0.9810
vn -0.4858 -0.7924 0.3688
vn 0.4484 -0.3023 -0.8411
vn 0.0140 -0.8884 0.4589
vn 0.5197 0.8526 -0.0550
vn -0.4653 0.2524 -0.8484
vn -0.8022 -0.3915 0.4509
vn 0.0455 -0.1933 -0.9801
vn 0.0455 -0.1934 -0.9801
vn -0.3729 -0.8808 0.2917
vn -0.5183 -0.8521 -0.0730
vn -0.0240 0.2007 -0.9794
vn -0.0239 0.2007 -0.9794
vn 0.3663 0.8786 0.3063
vn -0.4186 0.6698 -0.6133
vn 0.1701 0.6382 0.7509
vn -0.0648 -0.7860 -0.6149
vn 0.8602 0.2085 0.4654
vn -0.3696 -0.8815 -0.2940
vn 0.0323 -0.1936 0.9805
vn 0.2052 0.3237 -0.9237
vn 0.4775 0.7896 0.3855
vn -0.4299 0.3087 -0.8484
vn -0.0242 0.8849 0.4651
vn -0.0956 0.4373 -0.8942
vn -0.2153 0.8636 0.4560
vn -0.6491 0.1755 0.7402
vn 0.2355 -0.9630 -0.1310
vn 0.7950 -0.0692 -0.6026
vn -0.1642 0.0067 0.9864
vn 0.3303 -0.1915 -0.9242
vn 0.7867 -0.4831 0.3842
vn 0.3156 0.4424 -0.8394
vn -0.8516 0.5193 -0.0716
vn -0.2400 -0.4714 -0.8486
vn 0.3847 -0.7989 0.4624
vn 0.1761 -0.0157 -0.9842
vn 0.4653 -0.2525 0.8484
vn 0.0648 0.7859 0.6149
vn 0.9620 0.2336 0.1415
vn 0.4186 -0.6700 0.6131
vn -0.1700 -0.6380 -0.7510
vn -0.4437 -0.1088 0.8895
vn -0.3759 -0.8837 0.2790
vn -0.4486 0.3024 0.8410
vn -0.0141 0.8884 -0.4589
vn 0.1847 0.3167 0.9304
vn 0.9648 0.2346 -0.1186
vn 0.0511 0.0113 0.9986
vn 0.0782 0.7907 -0.6072
vn -0.4608 0.4848 0.7434
vn -0.4607 0.4848 0.7434
vn -0.4241 -0.1021 -0.8998
vn -0.8702 -0.2120 0.4448
vn 0.4321 -0.6654 -0.6087
vn -0.1865 -0.6439 0.7421
vn 0.1643 -0.0067 -0.9864
vn -0.3157 -0.4424 0.8394
vn -0.8818 -0.0175 -0.4713
vn -0.3303 0.1915 0.9242
vn -0.1762 0.0158 0.9842
vn -0.8513 0.4328 -0.2966
vn 0.2400 0.4713 0.8487
vn -0.3847 0.7989 -0.4623
vn -0.3848 0.7989 -0.4623
vn 0.8516 -0.5193 0.0717
vn 0.1545 -0.0232 0.9877
vn 0.8576 -0.4306 -0.2812
vn -0.8530 0.5188 0.0566
vn 0.0178 -0.0003 -0.9998
vn 0.5885 -0.2986 0.7514
vn 0.5926 -0.2873 -0.7526
vn -0.3949 -0.7595 0.5170
vn -0.2256 -0.4539 -0.8620
vn -0.6165 0.3092 0.7241
vn 0.4330 0.7027 0.5645
vn 0.2983 0.4701 -0.8307
vn -0.8606 0.4335 0.2673
vn 0.2971 0.4361 0.8494
vn 0.3099 -0.1985 0.9298
vn 0.3696 0.8816 0.2937
vn -0.0323 0.1938 -0.9805
vn 0.0242 -0.8851 -0.4648
vn -0.4775 -0.7896 -0.3855
vn -0.2327 0.9640 -0.1286
vn -0.7816 0.0739 -0.6195
vn -0.4958 -0.4554 0.7395
vn -0.4958 -0.4553 0.7395
vn 0.1153 -0.4306 -0.8952
vn 0.2053 -0.8671 0.4539
vn 0.6742 0.4276 -0.6022
vn 0.6327 -0.1811 0.7529
vn 0.0239 -0.2009 0.9793
vn 0.0240 -0.2009 0.9793
vn -0.3663 -0.8785 -0.3067
vn -0.4839 0.2462 0.8398
vn -0.7920 -0.3880 -0.4713
vn 0.5183 0.8521 0.0732
vn -0.7391 -0.3173 -0.5942
vn 0.7792 0.3044 -0.5479
vn -0.4827 0.4871 0.7278
vn -0.3924 -0.4398 0.8078
vn 0.4830 -0.4870 -0.7277
vn 0.4661 -0.4929 0.7347
vn 0.4865 0.6851 -0.5421
vn 0.3053 0.4439 0.8424
vn -0.6339 0.2308 -0.7381
vn 0.7104 -0.5705 -0.4120
vn 0.0091 -0.1004 0.9949
vn 0.2031 -0.9722 -0.1168
vn -0.8127 0.1888 0.5512
vn -0.3864 -0.8228 -0.4168
vn -0.1963 0.9578 -0.2102
vn -0.1962 0.9578 -0.2102
vn 0.0667 -0.2666 -0.9615
vn -0.0063 -0.6404 -0.7680
vn -0.6611 -0.1082 -0.7424
vn 0.0124 0.8040 0.5945
vn 0.0225 0.5740 -0.8185
vn 0.1617 -0.7292 -0.6649
vn 0.1274 -0.6464 0.7522
vn 0.4330 0.5893 -0.6821
vn 0.3713 0.5061 0.7785
vn -0.3429 0.6359 -0.6914
vn -0.3184 0.5505 0.7718
vn -0.3184 0.5505 0.7717
vn 0.3889 0.7558 -0.5268
vn 0.2253 0.4586 0.8596
vn -0.3598 -0.5026 -0.7861
vn -0.4199 -0.5603 0.7139
vn -0.1849 -0.5931 -0.7836
vn -0.2177 -0.6624 0.7169
vn 0.3436 -0.6332 0.6935
vn -0.1661 0.8308 -0.5311
vn -0.6868 0.1839 -0.7032
vn -0.6300 0.1493 0.7621
vn -0.5612 -0.3431 -0.7532
vn -0.6221 -0.3779 0.6857
vn 0.8047 0.1959 -0.5605
vn 0.2320 0.6884 -0.6872
vn 0.1809 0.6029 0.7770
vn -0.7108 0.4498 -0.5408
vn 0.4298 -0.4746 -0.7681
vn 0.4548 -0.5332 0.7133
vn 0.6259 -0.1566 -0.7640
vn 0.6242 0.3770 -0.6843
vn 0.5572 0.3430 0.7562
vn -0.7634 -0.1844 -0.6190
vn 0.5976 -0.3000 -0.7435
vn -0.6458 -0.7467 -0.1592
vn 0.1168 0.1256 -0.9852
vn -0.7780 0.1247 0.6157
vn -0.7783 0.1248 0.6154
vn -0.7781 0.1243 0.6158
vn 0.1536 0.1825 0.9711
vn 0.6417 0.7286 -0.2394
vn 0.6420 0.7284 -0.2391
vn 0.0824 -0.8449 0.5285
vn -0.4936 -0.1190 -0.8615
vn -0.4849 0.5356 0.6913
vn -0.4102 0.4889 -0.7699
vn 0.7188 0.1740 0.6731
vn -0.4130 -0.7327 -0.5409
vn -0.2656 -0.4526 0.8512
vn 0.4747 0.4369 -0.7641
vn 0.5091 0.4720 0.7197
vn 0.1599 0.6213 -0.7671
vn 0.1550 0.6798 0.7168
vn 0.1244 -0.5177 -0.8464
vn 0.1244 -0.5177 -0.8465
vn -0.5321 -0.4934 0.6881
vn -0.4667 -0.4277 -0.7741
vn -0.1756 0.7509 0.6366
vn 0.3261 -0.6400 -0.6957
vn -0.1032 0.6870 -0.7193
vn -0.7222 0.4456 0.5291
vn -0.4295 0.2775 -0.8594
vn 0.6091 -0.1624 0.7763
vn 0.6090 -0.1624 0.7763
vn 0.4128 -0.4804 0.7739
vn 0.4704 -0.5279 -0.7071
vn 0.3013 -0.5618 0.7705
vn 0.3589 -0.6281 -0.6904
vn -0.6132 0.1551 -0.7745
vn -0.1778 0.8269 0.5334
vn -0.0957 0.5101 -0.8548
vn -0.2467 -0.4460 -0.8604
vn 0.1430 0.6156 0.7749
vn 0.1430 0.6157 0.7749
vn 0.1706 0.6853 -0.7080
vn 0.4578 0.4310 0.7776
vn -0.4825 0.4869 0.7281
vn -0.4665 0.4926 -0.7346
vn 0.5255 0.2051 -0.8257
vn -0.7519 -0.3217 0.5754
vn -0.5276 -0.2268 -0.8186
vn 0.1471 -0.7342 0.6628
vn 0.1440 -0.6408 -0.7541
vn 0.3882 0.5118 -0.7664
vn 0.3770 0.7516 0.5413
vn 0.2438 0.4646 -0.8513
vn -0.2020 -0.5991 0.7747
vn -0.2018 -0.6570 -0.7264
vn -0.4041 -0.5549 -0.7272
vn -0.5776 -0.3488 0.7380
vn -0.6068 -0.3726 -0.7021
vn 0.2167 0.6832 0.6973
vn 0.1978 0.6087 -0.7684
vn 0.5454 0.1318 -0.8277
vn 0.5737 0.3487 -0.7411
vn 0.5811 -0.3056 0.7543
vn -0.7767 -0.1890 0.6008
vn -0.5591 -0.1332 -0.8183
vn -0.3833 -0.7555 -0.5313
vn -0.2445 -0.4604 0.8534
vn 0.6049 -0.2930 -0.7405
vn 0.5759 -0.2930 0.7632
vn 0.4452 0.7068 -0.5497
vn 0.2798 0.4637 0.8407
vn -0.6005 0.3147 -0.7351
vn -0.4365 0.6564 -0.6153
vn -0.6294 -0.2794 0.7251
vn 0.4981 -0.6578 -0.5650
vn 0.3234 -0.4489 0.8330
vn 0.2612 0.6441 -0.7190
vn 0.2439 0.6398 0.7288
vn 0.5764 0.3627 -0.7323
vn -0.2457 -0.6388 -0.7290
vn -0.7195 -0.2522 0.6471
vn -0.5787 -0.3624 0.7306
vn -0.6028 0.3380 -0.7228
vn 0.7597 0.2372 0.6055
vn 0.5563 0.1741 -0.8126
vn -0.6828 -0.1089 -0.7224
vn -0.0106 -0.7591 -0.6508
vn -0.0231 -0.6464 0.7627
vn 0.0254 0.8085 -0.5879
vn 0.0045 0.5678 0.8231
vn 0.4280 -0.4893 0.7599
vn -0.7129 0.4224 0.5598
vn 0.6604 0.1058 0.7435
vn -0.4886 0.5332 0.6906
vn -0.4244 0.4892 -0.7620
vn 0.6914 -0.3928 0.6064
vn 0.5232 -0.2830 -0.8038
vn -0.2933 -0.6036 -0.7413
vn 0.6434 0.5041 0.5761
vn 0.6438 0.5044 0.5754
vn 0.6435 0.5044 0.5758
vn -0.4224 0.8260 -0.3734
vn -0.4227 0.8259 -0.3730
vn 0.8522 -0.4898 -0.1840
vn -0.2654 0.1633 -0.9502
vn -0.1196 -0.8182 0.5623
vn -0.9233 -0.0417 -0.3818
vn -0.5624 -0.3568 -0.7460
vn 0.7729 0.2417 -0.5867
vn 0.5379 0.1678 0.8261
vn -0.5899 0.3315 -0.7363
vn -0.6186 0.3325 0.7119
vn 0.4447 -0.4836 -0.7539
vn 0.4688 -0.5368 0.7015
vn 0.6765 0.1113 -0.7280
vn -0.7005 0.4267 -0.5721
vn -0.4869 0.2841 0.8260
vn -0.4734 0.5385 -0.6971
vn -0.2906 -0.5998 -0.7455
vn 0.7046 -0.3882 -0.5940
vn 0.6018 0.3769 -0.7041
vn 0.5601 0.3570 0.7476
vn -0.2445 -0.6386 -0.7297
vn 0.1776 0.0439 -0.9831
vn -0.0334 0.7158 0.6976
vn -0.9694 -0.2351 0.0712
vn -0.1572 -0.8175 -0.5540
vn 0.8292 -0.3618 0.4260
vn -0.0057 -0.6475 -0.7621
vn -0.0211 -0.6860 0.7273
vn 0.4373 0.2164 0.8729
vn -0.4025 0.5246 -0.7502
vn -0.4252 0.5284 0.7348
vn -0.7208 -0.3799 -0.5798
vn 0.4856 -0.6621 0.5709
vn -0.6219 -0.2746 0.7334
vn -0.3288 0.5033 -0.7992
vn 0.2452 0.6386 0.7294
vn 0.2598 0.6452 -0.7185
vn -0.8128 0.0522 -0.5802
vn -0.1315 0.9120 0.3886
vn 0.3586 -0.5415 -0.7604
vn 0.4531 0.8830 0.1225
vn -0.8149 -0.1975 -0.5449
vn -0.5123 -0.1254 0.8496
vn -0.1650 -0.6945 -0.7003
vn -0.1536 -0.6281 0.7629
vn -0.4697 0.5409 -0.6978
vn -0.8503 0.5189 0.0882
vn 0.1290 -0.0886 0.9877
vn -0.3885 -0.3312 -0.8599
vn 0.3787 -0.8763 0.2978
vn 0.2199 -0.1220 -0.9679
vn 0.8261 -0.4993 0.2613
vn -0.0837 0.8901 0.4480
vn 0.5844 0.3277 -0.7423
vn -0.0487 -0.9498 -0.3091
vn -0.5595 0.8273 -0.0506
vn 0.0880 -0.1072 -0.9903
vn 0.4930 -0.7221 -0.4854
vn 0.9980 -0.0619 0.0107
vn -0.3285 0.4677 0.8206
vn 0.4823 -0.7258 0.4905
vn -0.1623 -0.9867 -0.0055
vn -0.5074 -0.2696 0.8184
vn 0.9668 -0.2554 0.0097
vn 0.3220 0.9467 0.0071
vn -0.5207 -0.6826 -0.5127
vn -0.7213 0.1757 0.6700
vn -0.0223 -0.9977 -0.0646
vn 0.7088 0.1042 0.6976
vn 0.0177 0.9349 0.3546
vn 0.7643 0.6448 0.0108
vn -0.1521 0.6421 0.7514
vn 0.1960 -0.8936 0.4038
vn -0.5508 0.8346 -0.0029
vn -0.2923 -0.5249 -0.7994
vn -0.3097 -0.5310 0.7888
vn 0.8907 0.4545 0.0115
vn 0.3081 0.5011 0.8087
vn 0.3258 0.5073 -0.7978
vn 0.9706 0.2403 0.0116
vn -0.8558 -0.4571 0.2421
vn -0.3496 -0.8840 -0.3105
vn 0.6882 -0.3663 0.6262
vn 0.8709 0.4584 0.1770
vn -0.8453 0.3080 -0.4366
vn 0.1212 0.8272 0.5486
vn -0.8192 0.0710 -0.5690
vn 0.1267 0.2371 0.9632
vn 0.4728 -0.6876 -0.5510
vn 0.8395 0.3431 0.4214
vn 0.0592 0.0885 -0.9943
vn 0.4907 0.8624 0.1249
vn 0.0661 -0.1146 0.9912
vn -0.5690 -0.1118 -0.8147
vn -0.0555 -0.9521 0.3008
vn -0.0739 0.8935 -0.4429
vn 0.5679 0.3221 0.7575
vn 0.8232 -0.3675 0.4329
vn -0.1874 -0.8069 -0.5601
vn -0.1468 -0.0364 0.9885
vn -0.8394 0.3519 -0.4141
vn 0.9566 0.2326 -0.1756
vn -0.2450 -0.0591 -0.9677
vn 0.8435 -0.5258 -0.1099
vn -0.7041 -0.4511 0.5484
vn 0.3273 -0.8515 -0.4097
vn -0.8282 0.5196 -0.2098
vn 0.2458 -0.1433 -0.9587
vn 0.0943 0.8206 0.5636
vn 0.9132 0.0826 -0.3990
vn 0.6786 0.2796 -0.6792
vn 0.6781 0.2794 -0.6798
vn 0.6781 0.2800 -0.6796
vn 0.5616 -0.7314 0.3869
vn 0.5615 -0.7311 0.3875
vn 0.0411 -0.2409 0.9697
vn 0.0404 -0.2413 0.9696
vn 0.0411 -0.2415 0.9695
vn -0.5576 0.7308 -0.3938
vn 0.0527 -0.1815 -0.9820
vn 0.2110 -0.9486 0.2361
vn 0.2109 -0.9486 0.2361
vn 0.3139 -0.6415 -0.7000
vn -0.9466 -0.3131 0.0767
vn -0.9466 -0.3130 0.0767
vn -0.8761 0.1882 0.4439
vn -0.1166 0.6858 -0.7184
vn 0.3252 0.1142 0.9387
vn -0.1346 0.5122 0.8483
vn 0.2025 -0.8564 0.4750
vn -0.3065 -0.9518 -0.0070
vn -0.1159 0.5187 -0.8471
vn 0.2694 0.4545 0.8490
vn -0.4639 -0.7551 0.4632
vn -0.8828 -0.4695 -0.0115
vn 0.2880 0.4609 -0.8394
vn -0.4535 -0.7515 -0.4791
vn -0.0023 0.3412 0.9400
vn 0.4655 -0.7280 0.5032
vn 0.4655 -0.7281 0.5032
vn 0.7240 0.1094 -0.6811
vn -0.0236 -0.9981 0.0565
vn -0.7065 0.1808 -0.6843
vn -0.6567 -0.5279 0.5386
vn -0.6567 -0.5278 0.5386
vn -0.7007 0.5736 -0.4243
vn 0.2186 -0.9690 -0.1152
vn -0.0527 0.2852 -0.9570
vn -0.1007 -0.0234 -0.9946
vn -0.9575 -0.2325 0.1705
vn 0.2919 -0.6617 -0.6906
vn -0.7318 -0.5737 0.3679
vn 0.9713 0.2359 0.0285
vn -0.0383 0.7217 -0.6912
vn -0.0382 0.7217 -0.6912
vn -0.9142 0.1788 0.3637
vn 0.2066 -0.9780 -0.0284
vn 0.5582 -0.7373 -0.3805
vn 0.6515 0.2843 0.7033
vn -0.0453 0.2687 -0.9622
vn -0.2011 0.9379 0.2827
vn -0.1895 -0.9024 -0.3871
vn -0.7146 -0.0243 0.6992
vn 0.0061 -0.8470 -0.5315
vn 0.8416 0.5400 0.0113
vn 0.4867 -0.8736 0.0021
vn -0.0087 0.6356 0.7719
vn -0.8420 0.5395 -0.0072
vn -0.4863 -0.8738 -0.0086
vn 0.5911 0.1447 -0.7935
vn -0.8168 -0.1976 -0.5420
vn -0.4010 -0.9160 -0.0079
vn 0.5734 0.1386 0.8075
vn 0.3684 0.9296 0.0076
vn 0.1866 0.6439 -0.7420
vn 0.1866 0.6439 -0.7421
vn 0.4241 0.1021 0.8998
vn -0.0782 -0.7906 0.6073
vn 0.4608 -0.4849 -0.7434
vn 0.9036 -0.1773 0.3899
vn -0.9291 -0.2255 -0.2932
vn 0.7274 0.5635 0.3916
vn 0.9709 0.2360 0.0399
vn 0.2242 0.6816 0.6965
vn 0.2242 0.6815 0.6966
vn 0.2239 0.6818 0.6964
vn 0.8825 0.0600 -0.4665
vn 0.8823 0.0597 -0.4669
vn 0.8822 0.0598 -0.4670
vn 0.8316 -0.4977 -0.2466
vn 0.8317 -0.4974 -0.2467
vn -0.4073 -0.3376 0.8486
vn 0.3853 -0.8741 -0.2959
vn -0.8482 0.5196 -0.1030
vn -0.8483 0.5194 -0.1033
vn -0.8483 0.5194 -0.1028
vn -0.2934 0.6442 0.7063
vn -0.2535 -0.0606 -0.9654
vn 0.9120 -0.1745 -0.3712
vn 0.0241 -0.7144 0.6993
vn 0.6668 0.2895 -0.6867
vn 0.2060 -0.9782 0.0257
vn -0.1978 -0.9052 0.3761
vn -0.6989 -0.0189 -0.7149
vn -0.0665 0.2613 0.9630
vn -0.1949 0.9400 -0.2800
vn -0.3394 -0.5680 -0.7498
vn 0.3558 0.5736 -0.7379
vn -0.2880 -0.4609 0.8394
vn 0.4536 0.7516 0.4790
vn 0.4874 -0.2835 0.8259
vn -0.7554 0.4179 0.5047
vn 0.9991 -0.0404 0.0108
vn -0.1465 0.9892 0.0021
vn 0.5055 -0.2773 -0.8171
vn -0.7441 0.4218 -0.5180
vn 0.2916 -0.9566 -0.0004
vn -0.4695 -0.8829 -0.0085
vn -0.0220 -0.5493 0.8354
vn 0.8066 0.5910 0.0111
vn -0.0036 -0.5431 -0.8397
vn 0.0243 0.9121 -0.4094
vn -0.3699 -0.4195 0.8289
vn 0.5449 0.6341 0.5487
vn -0.3516 -0.4133 -0.8400
vn 0.9893 0.1451 0.0115
vn 0.0808 -0.9967 -0.0029
vn 0.0809 -0.9967 -0.0032
vn 0.2663 0.5383 0.7995
vn -0.3851 -0.7476 0.5411
vn 0.2838 0.5443 -0.7895
vn 0.2842 0.5445 -0.7892
vn 0.2841 0.5439 -0.7896
vn -0.3730 -0.7438 -0.5547
vn -0.3731 -0.7434 -0.5551
vn 0.5615 -0.3162 -0.7646
vn -0.7296 0.4263 -0.5348
vn -0.9998 0.0153 -0.0109
vn -0.5097 -0.2151 0.8331
vn 0.9435 -0.3313 0.0091
vn -0.4913 -0.2088 -0.8456
vn 0.3299 0.9440 0.0072
vn -0.0083 -0.6415 0.7671
vn 0.8421 -0.5393 0.0072
vn 0.0086 -0.6357 -0.7719
vn -0.8418 -0.5397 -0.0113
vn 0.1931 0.6676 0.7190
vn 0.2092 0.6353 -0.7434
vn 0.2951 -0.8135 -0.5011
vn 0.7590 0.6510 -0.0060
vn 0.2669 0.7893 0.5530
vn 0.9410 -0.2743 -0.1982
vn 0.9417 -0.2735 -0.1962
vn 0.9409 -0.2768 -0.1953
vn 0.0366 -0.0244 0.9990
vn 0.0371 -0.0220 0.9991
vn 0.7102 -0.7022 -0.0511
vn 0.7104 -0.7021 -0.0496
vn 0.7101 -0.7024 -0.0485
vn -0.8649 -0.2089 0.4563
vn -0.8637 -0.2076 0.4593
vn -0.0103 -0.8317 -0.5551
vn -0.6172 0.7397 -0.2681
vn -0.6179 0.7384 -0.2701
vn -0.6217 0.7366 -0.2664
vn 0.2057 -0.2561 -0.9445
vn 0.2041 -0.2544 -0.9453
vn 0.2044 -0.2518 -0.9459
vn 0.0674 -0.5515 -0.8315
vn -0.0869 0.8407 -0.5344
vn -0.4479 -0.8940 0.0148
vn -0.8255 0.5639 -0.0216
vn 0.0488 -0.5142 0.8563
vn 0.7483 -0.6630 0.0229
vn 0.5876 0.8091 -0.0114
vn 0.4891 0.5000 0.7148
vn 0.4891 0.4999 0.7148
vn 0.4894 0.4995 0.7148
vn -0.6505 -0.6191 0.4400
vn -0.6503 -0.6188 0.4407
vn -0.6507 -0.6187 0.4403
vn 0.9784 0.2066 0.0066
vn 0.9785 0.2060 0.0065
vn 0.5538 -0.8323 0.0245
vn 0.7811 0.6244 -0.0052
vn 0.1365 0.8239 -0.5500
vn -0.8753 -0.4835 0.0011
vn -0.0957 -0.5360 0.8387
vn -0.3226 0.9462 -0.0245
vn -0.5693 -0.4155 0.7094
vn 0.7045 0.5540 0.4435
vn 0.7045 0.5541 0.4435
vn 0.9959 0.0898 0.0090
vn 0.7143 0.5342 -0.4521
vn -0.9702 0.2321 -0.0702
vn -0.2861 0.3587 0.8885
vn -0.7280 0.6788 0.0962
vn -0.2934 0.2967 -0.9088
vn -0.5771 -0.3213 0.7508
vn 0.3437 -0.0607 0.9371
vn -0.5606 -0.3544 -0.7484
vn -0.1829 -0.9600 0.2120
vn -0.3132 0.3366 0.8881
vn -0.5769 0.3548 0.7357
vn -0.5768 0.3531 0.7366
vn -0.5580 -0.8188 -0.1350
vn -0.1793 0.9597 -0.2163
vn -0.1792 0.9597 -0.2167
vn -0.1794 0.9599 -0.2155
vn -0.2927 -0.3366 -0.8950
vn -0.2935 -0.3373 -0.8945
vn -0.2938 -0.3374 -0.8944
vn 0.7067 0.6909 -0.1526
vn 0.7057 0.6919 -0.1527
vn 0.7064 0.6916 -0.1509
vn 0.2159 -0.4469 -0.8681
vn 0.2168 -0.4475 -0.8676
vn 0.2165 -0.4485 -0.8671
vn 0.3427 0.1013 0.9340
vn 0.3427 0.1028 0.9338
vn -0.0775 -0.9955 0.0554
vn -0.0777 -0.9954 0.0553
vn 0.9927 0.1199 0.0083
vn -0.7880 0.2593 -0.5584
vn -0.9807 -0.1954 -0.0065
vn 0.2327 -0.8292 0.5081
vn 0.8103 0.1296 -0.5714
vn -0.2942 -0.8735 -0.3879
vn 0.8016 0.4864 0.3476
vn 0.0897 -0.7157 0.6926
vn -0.8118 -0.3380 0.4761
vn 0.1629 -0.8100 0.5634
vn 0.4002 -0.3200 -0.8588
vn 0.2912 -0.8571 0.4250
vn -0.8137 0.1594 0.5590
vn -0.3182 0.3692 0.8732
vn 0.3463 -0.4008 -0.8482
vn -0.5642 0.6345 -0.5282
vn -0.3965 0.3163 0.8618
vn 0.8179 -0.3926 0.4206
vn -0.0493 0.8311 0.5540
vn 0.3810 -0.2815 0.8807
vn -0.5476 0.7008 0.4571
vn 0.5977 -0.6816 -0.4221
vn -0.2989 0.3302 -0.8954
vn 0.3000 -0.8749 -0.3803
vn -0.8011 0.1342 -0.5832
vn -0.7258 -0.0162 -0.6877
vn 0.8006 0.2574 -0.5412
vn 0.0334 0.8276 0.5604
vn -0.8249 -0.3956 0.4039
vn 0.5485 -0.7029 -0.4528
vn -0.3772 0.2776 -0.8836
vn 0.3275 -0.3628 0.8724
vn -0.5756 0.6573 0.4865
vn 0.8269 -0.4104 -0.3846
vn -0.4218 -0.4726 -0.7737
vn -0.5133 -0.5213 0.6817
vn 0.7141 -0.4369 -0.5470
vn 0.4696 -0.2688 0.8410
vn 0.5500 0.3255 -0.7692
vn -0.4493 0.2888 0.8454
vn 0.9928 -0.1194 0.0136
vn -0.8000 -0.2597 0.5409
vn 0.2353 0.9717 -0.0189
vn -0.9807 0.1948 -0.0151
vn 0.2434 0.8294 -0.5029
vn 0.7989 -0.3363 0.4987
vn 0.9329 -0.3598 0.0182
vn 0.8095 -0.3576 -0.4657
vn -0.1654 0.8097 -0.5630
vn 0.7885 0.2814 0.5468
vn -0.2444 -0.8322 0.4977
vn -0.8159 -0.4135 -0.4040
vn 0.6476 0.1621 -0.7446
vn 0.8093 -0.4859 -0.3299
vn 0.1045 0.7158 -0.6905
vn 0.1748 -0.8341 -0.5233
vn -0.8013 0.3376 -0.4938
vn -0.3183 -0.3303 0.8886
vn 0.2912 0.8751 0.3867
vn -0.8137 -0.1346 0.5655
vn 0.5381 0.7032 0.4648
vn 0.3466 0.3633 -0.8648
vn -0.5643 -0.6574 -0.4994
vn -0.0493 -0.8058 0.5901
vn -0.8011 -0.1598 -0.5767
vn -0.2988 -0.3693 -0.8800
vn 0.7886 -0.2570 0.5587
vn 0.6475 -0.1948 -0.7367
vn -0.3779 0.7795 -0.4996
vn -0.8159 0.3953 -0.4219
vn 0.5485 0.6822 -0.4834
vn -0.3772 -0.3164 -0.8704
vn -0.0367 -0.8311 -0.5549
vn 0.3275 0.4011 0.8555
vn -0.5754 -0.6348 0.5157
vn 0.8006 -0.2811 -0.5292
vn 0.3785 -0.8644 -0.3308
vn -0.7258 -0.0142 -0.6878
vn 0.6310 -0.1618 0.7587
vn -0.7474 0.1428 0.6489
vn -0.4433 -0.7645 -0.4679
vn -0.1518 0.9783 -0.1412
vn 0.0343 -0.1714 -0.9846
vn 0.0251 -0.2080 0.9778
vn -0.7356 -0.5032 -0.4534
vn -0.9915 -0.0024 -0.1304
vn -0.0442 0.0434 0.9981
vn -0.8559 0.5121 -0.0724
vn 0.9181 0.1270 0.3755
vn 0.9178 0.1278 0.3758
vn -0.0106 0.8793 -0.4761
vn 0.8209 -0.4976 -0.2802
vn 0.8204 -0.4985 -0.2801
vn -0.2798 0.1533 -0.9477
vn -0.2797 0.1524 -0.9479
vn 0.3681 -0.8755 0.3132
vn 0.3677 -0.8760 0.3121
vn -0.7256 -0.4101 -0.5525
vn -0.7252 -0.4103 -0.5530
vn -0.7249 -0.4118 -0.5521
vn 0.0998 0.0477 -0.9939
vn 0.7406 0.5766 0.3450
vn -0.6545 -0.1745 -0.7357
vn -0.6548 -0.1747 -0.7354
vn -0.4426 0.8577 0.2616
vn -0.7869 -0.6085 -0.1023
vn 0.1552 0.1469 0.9769
vn 0.2390 -0.7584 -0.6064
vn -0.7331 -0.1428 -0.6650
vn -0.7328 -0.1429 -0.6653
vn -0.4540 0.7644 0.4577
vn 0.0126 0.1711 0.9852
vn 0.0129 0.1713 0.9851
vn 0.6056 -0.5339 -0.5901
vn 0.7459 0.4375 0.5022
vn 0.0466 0.2081 -0.9770
vn 0.1473 0.9648 0.2179
vn 0.0599 0.0778 0.9952
vn 0.0595 0.0774 0.9952
vn 0.7543 0.5649 -0.3345
vn 0.2321 -0.7321 0.6404
vn 0.8558 -0.0808 -0.5109
vn -0.7893 -0.6037 0.1119
vn 0.1771 0.1033 -0.9788
vn -0.6704 -0.1427 0.7281
vn -0.6706 -0.1422 0.7280
vn -0.4363 0.8451 -0.3089
vn -0.4367 0.8448 -0.3091
vn 0.5961 -0.5055 0.6239
vn -0.1518 -0.9836 -0.0978
vn -0.1518 -0.9836 -0.0977
vn 0.0343 0.1276 -0.9912
vn -0.7504 -0.1099 0.6517
vn -0.6544 0.1418 -0.7427
vn -0.4425 -0.8453 0.2993
vn 0.0999 -0.0917 -0.9908
vn 0.7406 -0.5607 0.3703
vn 0.8431 0.0792 0.5319
vn -0.7869 0.6033 -0.1292
vn -0.5996 -0.0177 -0.8001
vn 0.8301 -0.0117 -0.5575
vn 0.8297 -0.0124 -0.5581
vn -0.7296 0.6835 -0.0224
vn 0.7190 0.6950 -0.0064
vn 0.7199 0.6941 -0.0076
vn 0.0087 -0.6152 -0.7884
vn 0.9787 -0.0183 -0.2044
vn 0.9787 -0.0183 -0.2045
vn -0.2663 -0.3588 -0.8946
vn 0.4237 -0.4828 0.7665
vn 0.5963 0.7846 -0.1700
vn -0.4470 0.1164 -0.8869
vn 0.4402 -0.5160 -0.7349
vn -0.1773 -0.8098 0.5593
vn -0.1653 -0.8338 -0.5267
vn -0.9713 0.2345 0.0386
vn 0.6615 -0.7499 -0.0055
vn -0.0101 0.0018 -0.9999
vn 0.1823 -0.9493 0.2563
vn -0.3230 -0.2142 -0.9218
vn 0.5853 -0.7806 0.2192
vn 0.0027 -0.1141 -0.9935
vn 0.9155 -0.3263 0.2353
vn -0.0192 -0.0702 0.9973
vn 0.9203 -0.3359 -0.2006
vn 0.2207 0.3038 0.9268
vn 0.0074 0.0821 -0.9966
vn -0.5866 0.7883 0.1857
vn 0.1874 -0.9596 -0.2098
vn -0.3433 -0.1735 0.9231
vn -0.0319 0.0458 0.9984
vn 0.0027 0.0702 -0.9975
vn 0.9154 0.3364 0.2208
vn 0.2412 -0.3036 -0.9217
vn 0.2412 -0.3037 -0.9217
vn -0.0145 -0.0821 0.9965
vn -0.5820 -0.7886 -0.1985
vn 0.6615 0.7490 -0.0388
vn -0.0099 -0.0458 -0.9989
vn 0.9203 0.3267 -0.2153
vn 0.2208 -0.2624 0.9393
vn 0.2208 -0.2625 0.9393
vn 0.5896 0.7809 -0.2064
vn -0.5866 -0.7793 0.2204
vn -0.0321 -0.0018 0.9995
vn 0.1874 0.9494 -0.2522
vn -0.8098 -0.5763 0.1101
vn 0.1173 0.1135 0.9866
vn 0.0672 -0.8801 -0.4699
vn 0.1908 -0.1500 -0.9701
vn 0.7826 -0.5561 0.2799
vn 0.7792 0.0917 0.6200
vn -0.9501 0.0048 0.3118
vn 0.3962 0.0235 0.9179
vn -0.6706 -0.6093 -0.4233
vn -0.6704 -0.6078 -0.4257
vn 0.6023 -0.7357 0.3098
vn 0.6032 -0.7344 0.3110
vn -0.0122 -0.0208 -0.9997
vn 0.9999 -0.0003 0.0121
vn 0.9999 -0.0034 0.0101
vn -0.7854 0.5010 -0.3636
vn 0.4363 0.8086 0.3947
vn -0.0016 -0.8644 -0.5027
vn 0.8931 0.4499 -0.0001
vn -0.0130 -0.8416 0.5400
vn -0.0128 -0.8414 0.5403
vn -0.6891 0.7242 -0.0236
vn 0.6377 0.0159 0.7701
vn -0.6287 0.7773 -0.0241
vn 0.9950 0.0999 0.0088
vn 0.6816 -0.4143 0.6032
vn -0.5395 0.3252 -0.7767
vn 0.6945 -0.4403 -0.5691
vn -0.3703 0.9286 -0.0243
vn -0.8903 -0.4553 0.0006
vn 0.0088 -0.8786 -0.4776
vn -0.0078 0.6929 0.7210
vn -0.0087 0.6933 0.7206
vn -0.0084 0.6930 0.7209
vn -0.0022 -0.8565 0.5161
vn 0.6971 -0.5066 -0.5074
vn -0.6237 -0.5904 -0.5123
vn 0.9805 -0.1958 0.0151
vn 0.4016 0.3961 0.8257
vn -0.6350 -0.5675 0.5241
vn -0.9999 -0.0130 -0.0107
vn 0.6632 0.6667 -0.3402
vn -0.6606 0.6816 0.3147
vn 0.2514 0.5693 -0.7828
vn 0.9904 0.1382 0.0078
vn 0.2344 0.6034 0.7622
vn -0.3862 -0.4907 -0.7810
vn -0.4035 -0.4558 0.7933
vn 0.5071 0.3669 0.7799
vn -0.9581 0.2858 -0.0169
vn 0.9049 -0.4252 0.0194
vn -0.4800 -0.8772 0.0141
vn 0.0007 0.9857 0.1685
vn 0.0006 0.9857 0.1685
vn -0.0045 -0.9918 0.1275
vn -0.0044 -0.9918 0.1275
vn 0.7353 0.1463 -0.6618
vn 0.3199 -0.0107 -0.9474
vn 0.5893 0.6793 -0.4375
vn -0.5876 -0.6831 0.4338
vn 0.6088 -0.6722 -0.4214
vn -0.3636 -0.9308 0.0372
vn 0.7885 -0.0167 -0.6148
vn 0.0687 -0.9710 0.2291
vn 0.0740 -0.0225 -0.9970
vn 0.9966 0.0013 0.0823
vn -0.5928 0.6635 -0.4566
vn -0.9651 0.0044 0.2618
vn -0.2637 -0.6875 -0.6766
vn 0.8326 -0.4806 0.2755
vn 0.9994 -0.0317 0.0117
vn -0.9900 0.1407 -0.0140
vn -0.3222 0.5342 -0.7815
vn 0.0552 0.6091 0.7912
vn -0.5778 0.3964 0.7134
vn -0.0952 -0.5328 0.8408
vn 0.0569 -0.0677 -0.9961
vn 0.0573 -0.0662 -0.9962
vn 0.0591 -0.0660 -0.9961
vn 0.7069 -0.7008 0.0961
vn 0.7085 -0.6992 0.0952
vn 0.2779 0.7638 -0.5826
vn 0.2788 0.7667 -0.5784
vn 0.9363 -0.2648 0.2307
vn 0.9358 -0.2673 0.2297
vn -0.6227 0.7505 0.2213
vn -0.6233 0.7506 0.2191
vn -0.6270 0.7473 0.2198
vn 0.1883 -0.2100 0.9594
vn -0.8559 -0.2265 -0.4650
vn -0.8545 -0.2254 -0.4679
vn -0.8535 -0.2282 -0.4685
vn -0.0243 -0.8039 0.5943
vn 0.6728 -0.5829 0.4557
vn -0.0016 0.9643 0.2647
vn -0.0061 0.9639 0.2661
vn -0.0131 -0.2914 0.9565
vn -0.0103 -0.2918 0.9564
vn -0.7660 0.5073 -0.3947
vn -0.7653 0.5065 -0.3972
vn -0.7657 0.5055 -0.3976
vn -0.5857 -0.6509 0.4830
vn -0.5842 -0.6526 0.4825
vn 0.0108 -0.0859 -0.9962
vn -0.0016 -0.9952 0.0976
vn 0.7353 -0.1754 -0.6546
vn 0.3781 0.8697 0.3172
vn -0.0045 0.9965 0.0836
vn -0.6824 0.6022 0.4144
vn -0.2812 -0.6578 0.6987
vn 0.8379 -0.4914 -0.2377
vn 0.8395 -0.4886 -0.2377
vn -0.9596 -0.0091 -0.2813
vn 0.3287 -0.0180 -0.9442
vn 0.3293 -0.0231 -0.9439
vn 0.3280 -0.0206 -0.9444
vn 0.5939 0.6725 -0.4416
vn 0.0506 0.0223 0.9985
vn 0.0363 0.0668 0.9971
vn 0.7101 0.6993 -0.0820
vn 0.7086 0.7010 -0.0805
vn 0.7097 0.6999 -0.0806
vn 0.2665 -0.7663 0.5845
vn 0.2670 -0.7647 0.5865
vn 0.9410 0.2655 -0.2099
vn 0.9409 0.2673 -0.2081
vn -0.6179 -0.7509 -0.2330
vn 0.2089 0.2102 -0.9551
vn 0.2045 0.2098 -0.9561
vn -0.8647 0.2252 0.4490
vn -0.0115 0.8039 -0.5947
vn -0.9537 0.0381 0.2982
vn 0.2989 0.0109 0.9542
vn -0.5969 -0.6770 -0.4307
vn 0.0866 -0.0250 -0.9959
vn 0.9957 -0.0312 0.0873
vn 0.9957 -0.0317 0.0875
vn 0.9957 -0.0315 0.0869
vn -0.5782 0.6827 -0.4466
vn 0.5538 0.8325 -0.0123
vn 0.1247 -0.8239 0.5528
vn -0.8753 0.4831 -0.0203
vn 0.3855 0.8550 -0.3469
vn 0.0049 -0.9857 -0.1685
vn 0.0048 -0.9857 -0.1685
vn 0.0086 0.3063 -0.9519
vn -0.0107 0.0897 0.9959
vn -0.0021 0.9918 -0.1276
vn -0.5876 0.7015 0.4032
vn 0.6088 0.6529 -0.4506
vn 0.0645 0.0195 0.9977
vn 0.9973 -0.0346 -0.0640
vn 0.9974 -0.0346 -0.0640
vn -0.9470 0.0245 -0.3203
vn 0.3200 -0.0312 -0.9469
vn -0.9591 -0.0049 -0.2830
vn -0.2785 0.6857 0.6725
vn -0.2784 0.6868 0.6715
vn 0.8382 0.4810 -0.2572
vn 0.9982 0.0003 -0.0607
vn -0.6023 -0.6637 0.4435
vn 0.0585 0.0241 -0.9980
vn 0.0590 0.0221 -0.9980
vn 0.7087 0.7025 0.0652
vn 0.7085 0.7028 0.0643
vn -0.8548 0.2084 -0.4753
vn -0.0217 0.8318 0.5546
vn -0.0232 0.8316 0.5549
vn -0.0245 0.8317 0.5547
vn -0.6234 -0.7387 0.2562
vn -0.6269 -0.7369 0.2527
vn 0.1848 0.2560 0.9488
vn 0.1832 0.2545 0.9495
vn 0.2779 -0.7889 -0.5481
vn 0.2794 -0.7892 -0.5468
vn 0.9369 0.2741 0.2169
vn 0.9362 0.2772 0.2159
vn -0.0061 -0.9512 0.3086
vn -0.0130 0.3335 0.9426
vn -0.0116 0.3316 0.9433
vn -0.0103 0.3339 0.9425
vn 0.0097 0.0415 -0.9991
vn -0.0009 0.9986 0.0535
vn -0.7661 -0.5243 -0.3719
vn -0.7674 -0.5219 -0.3723
vn -0.5857 0.6719 0.4534
vn -0.5865 0.6713 0.4533
vn 0.0049 0.9773 -0.2117
vn 0.0049 0.9773 -0.2118
vn 0.0086 -0.3480 -0.9375
vn 0.7207 0.1758 0.6706
vn -0.0021 -0.9965 -0.0836
vn 0.7590 -0.6506 0.0228
vn 0.2091 -0.6675 -0.7146
vn 0.2951 0.7906 -0.5366
vn 0.2835 0.8137 0.5075
vn 0.6685 0.7437 -0.0091
vn -0.8669 -0.4985 0.0015
vn -0.8420 -0.1267 0.5244
vn 0.3081 0.0229 0.9511
vn 0.0740 -0.0220 -0.9970
vn 0.0730 -0.0222 -0.9971
vn 0.0741 -0.0209 -0.9970
vn 0.9966 0.0020 0.0824
vn 0.9967 0.0025 0.0814
vn -0.2657 0.6577 -0.7049
vn 0.8338 0.4893 0.2558
vn -0.0234 -0.0429 -0.9988
vn -0.0206 -0.8796 0.4752
vn 0.8142 0.4980 0.2984
vn 0.8141 0.4977 0.2990
vn 0.3756 0.8757 -0.3033
vn -0.7383 0.4103 0.5354
vn -0.7379 0.4101 0.5359
vn -0.7378 0.4107 0.5356
vn 0.7747 0.0170 0.6321
vn 0.0732 0.9710 -0.2275
vn 0.3706 -0.8940 -0.2517
vn 0.3700 -0.8942 -0.2518
vn -0.1347 0.3288 -0.9348
vn -0.2521 -0.9005 0.3542
vn -0.2517 -0.9008 0.3538
vn -0.8614 0.1343 -0.4899
vn -0.8612 0.1339 -0.4904
vn 0.1518 0.7534 0.6398
vn 0.1516 0.7536 0.6396
vn 0.9890 -0.0022 -0.1482
vn 0.9889 -0.0018 -0.1483
vn -0.3042 -0.0229 -0.9523
vn -0.3049 -0.0228 -0.9521
vn 0.6325 -0.5899 0.5019
vn 0.6319 -0.5901 0.5026
vn -0.5256 -0.7446 -0.4115
vn -0.5263 -0.7441 -0.4114
vn -0.1104 0.0226 0.9936
vn 0.3642 -0.8818 0.2996
vn -0.1550 0.3704 0.9158
vn 0.7885 -0.0105 -0.6149
vn 0.7882 -0.0105 -0.6153
vn 0.7885 -0.0101 -0.6149
vn 0.0683 0.9803 0.1855
vn 0.0050 -0.0040 -1.0000
vn -0.3613 0.9322 0.0230
vn -0.3608 0.9324 0.0230
vn -0.3611 0.9323 0.0225
vn -0.2342 -0.9159 -0.3259
vn -0.2338 -0.9158 -0.3265
vn -0.8644 0.1704 0.4730
vn -0.9939 -0.0001 0.1100
vn 0.6406 -0.6162 -0.4582
vn 0.6396 -0.6173 -0.4581
vn 0.6398 -0.6164 -0.4590
vn -0.5276 -0.7368 0.4228
vn -0.5268 -0.7368 0.4238
vn 0.9856 0.0063 0.1687
vn 0.9855 0.0057 0.1697
vn -0.3256 0.0183 0.9453
vn -0.0368 0.8945 0.4456
vn -0.0666 0.0254 -0.9975
vn -0.0678 0.0243 -0.9974
vn -0.0674 0.0250 -0.9974
vn -0.8547 0.5131 0.0791
vn -0.8543 0.5138 0.0789
vn 0.3823 -0.8829 -0.2727
vn 0.3836 -0.8823 -0.2727
vn 0.3834 -0.8829 -0.2710
vn -0.7407 -0.3761 0.5568
vn -0.7394 -0.3768 0.5579
vn 0.8139 -0.4843 0.3210
vn -0.3019 0.1950 0.9332
vn -0.3015 0.1934 0.9337
vn -0.0761 -0.9970 -0.0121
vn 0.7030 0.6979 0.1364
vn -0.1830 0.9684 0.1694
vn -0.5622 -0.8116 0.1588
vn 0.9891 -0.0059 -0.1469
vn 0.9890 -0.0053 -0.1480
vn -0.3048 -0.0183 -0.9523
vn -0.8451 -0.3964 -0.3586
vn -0.0883 0.0227 0.9958
vn -0.0889 0.0225 0.9958
vn -0.0883 0.0219 0.9959
vn 0.6301 0.6165 0.4721
vn 0.6291 0.6176 0.4720
vn -0.5185 0.7370 -0.4336
vn -0.5176 0.7366 -0.4353
vn -0.0894 -0.0250 0.9957
vn -0.8521 -0.5142 -0.0979
vn 0.3763 0.8830 0.2804
vn 0.3770 0.8825 0.2811
vn -0.7279 0.3758 -0.5736
vn -0.7271 0.3765 -0.5740
vn 0.8216 0.4834 -0.3021
vn -0.2797 -0.1952 -0.9400
vn -0.2811 -0.1952 -0.9396
vn -0.0273 -0.8946 -0.4460
vn -0.0264 -0.8941 -0.4471
vn 0.3707 0.8821 -0.2909
vn -0.1346 -0.3704 -0.9190
vn -0.1355 -0.3695 -0.9193
vn -0.2414 0.9157 0.3213
vn -0.5563 -0.3255 0.7646
vn 0.6816 0.4406 0.5842
vn -0.8827 -0.4699 0.0007
vn 0.9407 0.3391 0.0028
vn 0.9904 -0.1377 0.0139
vn 0.2514 -0.6033 -0.7568
vn -0.3171 0.7628 -0.5635
vn -0.9636 0.2667 -0.0165
vn -0.5968 0.0372 0.8016
vn 0.8020 -0.0136 0.5972
vn -0.7358 -0.6771 0.0067
vn -0.7360 -0.6769 0.0074
vn 0.7126 -0.7012 0.0234
vn -0.5793 0.0015 -0.8151
vn 0.8147 -0.0399 -0.5786
vn 0.8147 -0.0393 -0.5785
vn 0.8148 -0.0396 -0.5783
vn 0.9289 -0.3700 0.0182
vn -0.4551 -0.8903 0.0149
vn 0.6471 0.0164 0.7623
vn -0.8509 0.0155 0.5251
vn -0.5501 -0.3560 -0.7555
vn 0.7015 0.4086 -0.5840
vn 0.5185 0.8550 -0.0132
vn 0.6158 0.2835 -0.7352
vn -0.8304 0.1263 -0.5427
vn -0.8023 -0.5968 0.0044
vn 0.8074 -0.5514 -0.2099
vn 0.8076 -0.5511 -0.2098
vn -0.2619 0.1631 -0.9512
vn 0.2845 -0.8826 0.3744
vn 0.2849 -0.8827 0.3737
vn -0.7432 -0.3849 -0.5472
vn -0.7429 -0.3848 -0.5478
vn 0.6841 0.4817 0.5477
vn 0.6847 0.4811 0.5475
vn 0.6844 0.4816 0.5474
vn 0.9782 0.0050 0.2074
vn -0.3048 0.0194 0.9522
vn 0.3385 0.7995 -0.4962
vn 0.3387 0.7996 -0.4958
vn -0.0708 -0.0220 -0.9972
vn -0.9940 0.0019 0.1090
vn -0.9941 0.0015 0.1088
vn 0.6711 -0.6036 -0.4304
vn -0.4652 -0.7398 0.4861
vn -0.4648 -0.7400 0.4862
vn -0.4644 -0.7396 0.4871
vn -0.4649 0.7604 0.4534
vn 0.3385 -0.8208 -0.4601
vn 0.3385 -0.8207 -0.4604
vn 0.9782 0.0042 0.2074
vn -0.3043 0.0217 0.9523
vn -0.3045 0.0220 0.9522
vn 0.4921 -0.4707 0.7323
vn 0.3997 -0.3921 -0.8285
vn -0.6173 -0.7118 -0.3351
vn 0.6844 -0.4571 0.5681
vn -0.4104 -0.8556 -0.3155
vn 0.6965 0.4574 -0.5529
vn -0.8210 0.5680 0.0585
vn 0.2927 -0.8978 -0.3289
vn -0.7553 -0.3609 0.5471
vn -0.7549 -0.3613 0.5474
vn -0.2829 0.2049 0.9370
vn 0.9826 -0.0036 -0.1854
vn 0.9826 -0.0040 -0.1858
vn 0.9826 -0.0037 -0.1858
vn -0.4547 -0.7605 -0.4635
vn -0.4542 -0.7607 -0.4638
vn -0.0922 0.0220 0.9955
vn 0.3278 0.8208 0.4677
vn -0.7355 0.4827 -0.4755
vn 0.5072 -0.3321 0.7953
vn 0.6632 0.6667 -0.3403
vn 0.0865 -0.0195 -0.9961
vn 0.0863 -0.0191 -0.9961
vn 0.9957 0.0351 0.0859
vn 0.9957 0.0355 0.0859
vn -0.5970 0.6574 -0.4597
vn 0.5799 0.6984 0.4195
vn -0.9538 -0.0249 0.2994
vn 0.5361 0.5871 -0.6066
vn 0.7014 0.4371 0.5630
vn -0.7218 -0.4343 0.5388
vn -0.1038 -0.9855 -0.1346
vn -0.1038 -0.9855 -0.1345
vn 0.7422 0.4511 0.4957
vn 0.6386 -0.5296 -0.5584
vn 0.8024 0.5518 0.2275
vn 0.2919 0.8829 -0.3677
vn 0.2926 0.8829 -0.3674
vn -0.7550 0.3846 0.5310
vn -0.7550 0.3844 0.5312
vn -0.7549 0.3850 0.5309
vn -0.0275 -0.0492 -0.9984
vn -0.0278 -0.0499 -0.9984
vn -0.8210 -0.5648 0.0831
vn -0.4176 -0.8410 0.3439
vn -0.4179 -0.8408 0.3442
vn 0.6430 0.5897 -0.4886
vn 0.6420 0.5904 -0.4892
vn -0.5360 0.7436 0.3997
vn -0.0884 -0.0218 -0.9958
vn -0.0884 -0.0226 -0.9958
vn -0.9913 0.0030 0.1315
vn 0.1660 -0.7536 -0.6361
vn -0.8530 -0.3806 0.3571
vn 0.9854 0.0032 0.1699
vn 0.9855 0.0018 0.1699
vn -0.8591 -0.0170 0.5114
vn -0.5106 -0.0363 -0.8590
vn -0.8591 0.0396 0.5102
vn -0.5105 -0.0017 -0.8599
vn -0.5032 -0.0195 -0.8640
vn -0.3514 0.3364 -0.8737
vn -0.0068 0.9880 0.1544
vn 0.0137 0.3190 -0.9477
vn 0.0080 0.9812 0.1930
vn 0.0031 0.3362 -0.9418
vn 0.5574 -0.0197 -0.8300
vn 0.4385 -0.4731 -0.7642
vn 0.0100 -0.5773 -0.8164
vn 0.9803 0.0080 0.1973
vn 0.9803 0.0020 0.1974
vn 0.9803 0.0081 0.1973
vn 0.8305 -0.0050 -0.5571
vn -0.0067 0.8362 0.5484
vn 0.0080 0.5006 -0.8656
vn -0.7392 0.4686 0.4837
vn -0.3951 0.2232 -0.8911
vn -0.8633 0.0117 0.5046
vn -0.4525 -0.7261 0.5177
vn -0.5321 0.3285 -0.7804
vn 0.2968 0.7902 0.5361
vn 0.6833 0.4883 0.5428
vn 0.6833 -0.4639 0.5638
vn 0.5290 -0.0183 -0.8484
vn 0.1917 -0.4884 -0.8513
vn 0.7229 -0.4254 0.5444
vn 0.8185 0.0121 0.5743
vn 0.5383 -0.0194 -0.8426
vn -0.0021 -0.8633 0.5046
vn -0.0058 -0.8826 0.4700
vn -0.0057 -0.8826 0.4700
vn 0.0113 -0.4712 -0.8820
vn -0.6111 -0.5850 0.5333
vn 0.5989 0.5315 -0.5991
vn -0.4660 -0.3080 0.8294
vn 0.3492 -0.3879 0.8530
vn 0.2499 -0.6438 -0.7233
vn -0.7890 -0.5451 0.2834
vn 0.7135 -0.6938 -0.0974
vn -0.1364 0.1491 0.9794
vn -0.1364 0.1494 0.9793
vn 0.2771 0.7629 0.5841
vn -0.0967 0.0803 -0.9921
vn -0.4954 -0.4769 0.7260
vn -0.4679 -0.4981 -0.7301
vn -0.6614 0.4813 0.5753
vn 0.5229 0.6137 0.5916
vn -0.4679 0.4653 -0.7514
vn -0.5790 -0.4226 0.6972
vn -0.2166 0.2546 0.9425
vn -0.6172 0.6961 -0.3668
vn 0.3787 0.3356 -0.8625
vn -0.7932 -0.4744 0.3818
vn -0.7928 -0.4730 0.3845
vn -0.7946 -0.4718 0.3823
vn 0.3855 0.2550 0.8868
vn -0.4209 -0.8948 -0.1486
vn -0.4201 -0.8955 -0.1469
vn 0.7916 -0.3537 0.4983
vn 0.7907 -0.3540 0.4995
vn 0.8579 0.5097 -0.0650
vn 0.8574 0.5107 -0.0635
vn 0.5778 0.3646 -0.7302
vn -0.5563 0.4165 -0.7190
vn -0.4155 0.3335 0.8462
vn -0.1959 -0.2549 -0.9469
vn -0.6248 -0.6964 0.3531
vn 0.5079 -0.5025 -0.6997
vn 0.3812 -0.3549 0.8537
vn 0.0803 -0.7836 0.6160
vn 0.0729 -0.6090 -0.7898
vn -0.1337 0.8292 0.5427
vn -0.0769 0.5328 -0.8427
vn 0.3812 0.3923 0.8371
vn -0.1959 0.2129 -0.9572
vn -0.6249 0.7115 0.3214
vn -0.5563 -0.4480 -0.6999
vn -0.5563 -0.4479 -0.6999
vn 0.5777 -0.3965 -0.7135
vn 0.5634 -0.3645 0.7414
vn 0.3749 0.2603 0.8898
vn 0.9516 -0.1043 0.2892
vn -0.0645 -0.0694 -0.9955
vn 0.8482 0.5260 -0.0626
vn 0.0934 -0.8101 -0.5789
vn -0.0952 0.5694 0.8165
vn -0.5778 -0.3645 0.7302
vn -0.3812 0.8948 0.2325
vn 0.3946 -0.2601 -0.8813
vn -0.0915 0.9390 0.3314
vn 0.9576 0.1048 -0.2682
vn 0.8469 -0.5256 0.0811
vn 0.8469 -0.5255 0.0815
vn -0.0454 -0.9050 -0.4229
vn -0.0454 -0.9050 -0.4230
vn -0.0570 -0.0506 0.9971
vn -0.0542 -0.0513 0.9972
vn 0.5139 0.8568 0.0420
vn -0.0393 -0.9722 0.2307
vn -0.0426 -0.9720 0.2310
vn 0.8779 -0.0596 -0.4751
vn 0.8793 -0.0600 -0.4725
vn 0.8775 -0.0629 -0.4754
vn 0.2424 0.3661 -0.8984
vn 0.2439 0.3687 -0.8970
vn 0.2450 0.3641 -0.8985
vn -0.9377 -0.1002 0.3328
vn -0.9436 -0.0094 -0.3309
vn -0.9430 -0.0059 -0.3327
vn -0.9430 -0.0116 -0.3327
vn 0.4162 -0.0178 -0.9091
vn 0.4164 -0.0234 -0.9089
vn -0.6797 0.6089 0.4089
vn -0.6799 0.6076 0.4106
vn 0.6091 0.7350 -0.2979
vn 0.6062 0.7365 -0.3003
vn -0.0343 0.0209 0.9992
vn 0.9999 0.0007 0.0101
vn -0.7919 -0.5012 0.3489
vn -0.7930 -0.5013 0.3461
vn 0.4460 -0.8079 -0.3852
vn 0.4452 -0.8084 -0.3851
vn 0.4434 -0.8073 -0.3894
vn -0.7932 0.4907 0.3605
vn -0.7942 0.4888 0.3610
vn 0.3860 -0.2200 0.8959
vn -0.7627 -0.4850 -0.4280
vn 0.4614 -0.8401 0.2853
vn -0.0744 0.0312 -0.9967
vn 0.8585 -0.5111 -0.0407
vn 0.8575 -0.5129 -0.0415
vn 0.8577 -0.5125 -0.0407
vn -0.4237 0.8861 -0.1880
vn -0.4231 0.8873 -0.1836
vn 0.7932 0.3765 0.4787
vn -0.0037 -0.9641 0.2656
vn -0.0098 0.4584 0.8887
vn 0.0261 0.0221 0.9994
vn 0.9577 -0.0049 -0.2877
vn 0.9577 -0.0050 -0.2877
vn -0.0356 0.0506 -0.9981
vn -0.0318 0.0515 -0.9982
vn 0.5155 -0.8563 -0.0308
vn 0.5149 -0.8567 -0.0295
vn -0.0380 0.9719 -0.2323
vn 0.8689 0.0604 0.4914
vn -0.4747 0.8027 0.3611
vn 0.2228 -0.3659 0.9036
vn 0.2242 -0.3688 0.9021
vn -0.9303 0.0997 -0.3529
vn -0.1353 -0.9411 0.3098
vn -0.9440 -0.0085 -0.3298
vn -0.9430 -0.0032 -0.3329
vn 0.4137 -0.0219 -0.9102
vn -0.7904 0.5177 0.3276
vn 0.4461 0.7901 -0.4205
vn 0.4482 0.7886 -0.4210
vn -0.0351 0.0201 0.9992
vn -0.0338 0.0207 0.9992
vn 0.9999 0.0004 0.0121
vn -0.6801 -0.5901 0.4350
vn -0.6779 -0.5923 0.4354
vn 0.6073 -0.7494 -0.2637
vn -0.7849 0.4738 -0.3992
vn -0.7845 0.4725 -0.4017
vn -0.4245 0.8946 0.1392
vn -0.4238 0.8953 0.1375
vn 0.8015 0.3544 -0.4817
vn -0.0971 0.0735 0.9926
vn 0.8565 -0.5093 0.0840
vn 0.4663 -0.8522 -0.2375
vn 0.4848 -0.8124 0.3240
vn 0.0099 0.4186 -0.9081
vn 0.0004 0.9964 -0.0844
vn 0.9576 -0.1165 -0.2633
vn 0.3946 0.2209 -0.8919
vn -0.0497 -0.0029 0.9988
vn 0.8501 0.5264 0.0148
vn 0.5140 0.5208 -0.6815
vn 0.4213 0.4733 0.7737
vn -0.0083 0.5773 0.8165
vn -0.0082 0.5773 0.8165
vn 0.3116 0.0183 0.9500
vn 0.3116 0.0183 0.9501
vn 0.9996 -0.0052 0.0262
vn 0.3115 0.0244 0.9499
vn 0.3115 0.0237 0.9500
vn 0.3477 0.0195 0.9374
vn 0.3477 0.0194 0.9374
vn -0.5041 0.0199 0.8634
vn -0.4146 0.2623 0.8714
vn -0.5040 0.0183 0.8635
vn -0.4413 0.7259 -0.5276
vn -0.2574 0.4341 0.8633
vn -0.5566 -0.3720 -0.7428
vn 0.3089 -0.7901 -0.5294
vn 0.5102 0.0185 0.8599
vn 0.3142 0.7794 -0.5420
vn 0.7346 0.4257 -0.5284
vn 0.4331 0.2851 0.8551
vn 0.8310 -0.0117 -0.5562
vn 0.0135 0.9859 -0.1670
vn -0.0027 0.9917 -0.1284
vn -0.5995 0.5847 -0.5465
vn -0.3703 0.3744 0.8501
vn -0.8476 0.0166 -0.5303
vn -0.8476 -0.0400 -0.5291
vn -0.5294 0.0014 0.8484
vn -0.5222 0.0192 0.8526
vn 0.0022 -0.9437 -0.3309
vn 0.0075 -0.9437 -0.3308
vn -0.0119 -0.7742 0.6329
vn 0.0091 -0.9005 -0.4348
vn 0.0095 -0.7856 0.6186
vn 0.0094 -0.7856 0.6186
vn -0.6684 0.5922 -0.4501
vn 0.6010 0.7497 0.2771
vn 0.5993 0.7494 0.2815
vn -0.9509 0.0042 0.3094
vn -0.9510 0.0084 0.3091
vn 0.3961 0.0236 0.9179
vn 0.3933 0.0221 0.9191
vn 0.3926 0.0194 0.9195
vn -0.7826 -0.5181 -0.3450
vn -0.7830 -0.5202 -0.3412
vn 0.4371 -0.7898 0.4302
vn 0.4393 -0.7885 0.4305
vn -0.0133 -0.0237 -0.9996
vn -0.0131 -0.0201 -0.9997
vn -0.0117 -0.0207 -0.9997
vn 1.0000 -0.0000 0.0100
vn 0.9999 0.0036 0.0100
vn -0.7859 -0.4891 -0.3785
vn 0.4031 0.2184 -0.8887
vn 0.4055 0.2201 -0.8872
vn -0.7722 0.4845 0.4111
vn -0.7721 0.4846 0.4111
vn -0.7727 0.4839 0.4109
vn 0.4668 0.8407 -0.2743
vn 0.4671 0.8403 -0.2751
vn -0.0994 -0.0282 0.9946
vn -0.0964 -0.0313 0.9949
vn -0.0977 -0.0300 0.9948
vn 0.8561 0.5133 0.0604
vn 0.8564 0.5129 0.0596
vn -0.4242 -0.8877 0.1789
vn -0.4272 -0.8864 0.1785
vn -0.4265 -0.8875 0.1743
vn 0.8021 -0.3749 -0.4649
vn 0.8038 -0.3760 -0.4611
vn 0.8010 -0.3778 -0.4643
vn 0.7977 0.1551 0.5828
vn -0.7432 -0.4707 0.4755
vn -0.8013 -0.3591 -0.4785
vn 0.8093 0.4710 -0.3511
vn -0.0841 0.9237 -0.3739
vn 0.9515 0.1164 0.2847
vn 0.9516 0.1169 0.2843
vn 0.3749 -0.2207 0.9004
vn -0.0279 0.0022 -0.9996
vn -0.0284 0.0031 -0.9996
vn 0.8501 -0.5265 0.0037
vn -0.0348 -0.9815 -0.1881
vn -0.0341 -0.9818 -0.1869
vn -0.0367 -0.9823 -0.1839
vn 0.8673 -0.0384 0.4963
vn 0.8662 -0.0387 0.4981
vn -0.0336 -0.0946 -0.9949
vn 0.5159 0.8540 -0.0682
vn 0.5154 0.8542 -0.0694
vn -0.9300 -0.1151 -0.3490
vn -0.1345 0.9539 0.2683
vn -0.4750 -0.7858 0.3960
vn -0.4752 -0.7844 0.3986
vn 0.7312 -0.6708 0.1240
vn -0.1189 0.1206 0.9856
vn -0.1187 0.1204 0.9856
vn -0.1186 0.1208 0.9856
vn 0.8303 0.3345 -0.4457
vn 0.8305 0.3341 -0.4457
vn 0.8302 0.3340 -0.4463
vn -0.0674 0.7863 0.6141
vn -0.0668 0.7864 0.6141
vn -0.1526 0.1288 -0.9799
vn -0.7141 0.6587 0.2368
vn -0.7136 0.6591 0.2373
vn 0.0037 -0.9049 -0.4256
vn 0.0035 -0.9050 -0.4254
vn 0.0034 -0.9048 -0.4258
vn -0.7266 -0.2203 0.6508
vn 0.7626 -0.4644 0.4502
vn -0.0098 -0.4186 0.9081
vn 0.8205 0.3540 0.4489
vn 0.7332 -0.6755 -0.0779
vn -0.7138 -0.6480 0.2657
vn 0.8303 -0.3533 -0.4311
vn -0.6988 0.4103 -0.5859
vn 0.5079 -0.2919 0.8105
vn -0.9284 0.3712 -0.0184
vn -0.9285 0.3710 -0.0183
vn 0.6546 -0.0155 -0.7559
vn -0.6287 -0.7775 0.0103
vn 0.6378 0.0182 0.7700
vn 0.6381 0.0185 0.7698
vn 0.6376 0.0186 0.7702
vn -0.8660 0.0058 0.5000
vn -0.0122 -0.0416 0.9991
vn 0.0013 -0.9985 -0.0545
vn 0.0007 -0.9986 -0.0536
vn -0.7743 0.5239 0.3548
vn -0.7758 0.5214 0.3553
vn -0.7741 0.5219 0.3583
vn -0.5760 -0.6715 -0.4661
vn 0.0077 -0.3334 -0.9428
vn 0.0093 -0.3314 -0.9434
vn -0.5783 -0.0372 -0.8149
vn -0.5785 -0.0382 -0.8148
vn 0.8149 0.0144 -0.5794
vn 0.8152 0.0140 -0.5790
vn -0.7362 0.6764 -0.0227
vn 0.7119 0.7023 -0.0071
vn -0.5966 -0.0017 0.8025
vn -0.5964 -0.0014 0.8027
vn 0.8022 0.0400 0.5957
vn 0.8019 0.0406 0.5960
vn 0.8020 0.0400 0.5960
vn -0.7070 -0.7072 0.0084
vn -0.7074 -0.7068 0.0077
vn 0.7417 -0.6704 0.0232
vn -0.1735 -0.1289 0.9764
vn -0.7078 -0.6598 -0.2523
vn -0.7120 0.2207 -0.6666
vn -0.7119 0.2201 -0.6669
vn 0.7338 0.6707 -0.1077
vn 0.8202 -0.3334 0.4649
vn 0.8204 -0.3335 0.4644
vn 0.8205 -0.3341 0.4639
vn -0.0530 -0.7859 -0.6161
vn -0.0525 -0.7864 -0.6155
vn 0.0783 -0.0481 0.9958
vn 0.0785 -0.0475 0.9958
vn 0.0779 -0.0477 0.9958
vn -0.6706 0.1743 0.7211
vn -0.4361 -0.8580 -0.2714
vn -0.4364 -0.8580 -0.2708
vn -0.4367 -0.8577 -0.2713
vn 0.2252 0.7585 0.6116
vn -0.6163 0.0176 0.7874
vn 0.0087 0.5796 -0.8148
vn -0.0111 0.0859 0.9962
vn -0.0118 0.0867 0.9962
vn 0.0012 0.9951 -0.0985
vn -0.0003 0.9952 -0.0975
vn 0.6824 0.5832 -0.4407
vn 0.0029 -0.9638 -0.2667
vn 0.0047 -0.9644 -0.2645
vn 0.0001 -0.9639 -0.2663
vn -0.7734 -0.5071 0.3803
vn -0.5737 0.6523 -0.4953
vn -0.8092 0.5871 -0.0219
vn 0.6137 0.7894 -0.0107
vn -0.6507 0.0165 0.7591
vn 0.8157 0.0150 0.5783
vn 0.5267 -0.8497 0.0246
vn 0.8282 -0.0102 -0.5603
vn 0.5264 -0.6254 0.5760
vn -0.3863 0.4556 -0.8020
vn 0.5387 -0.6500 -0.5361
vn -0.6989 -0.4359 -0.5671
vn 0.9978 -0.0644 0.0124
vn -0.7114 -0.4107 0.5703
vn 0.9805 0.1962 0.0064
vn -0.9999 0.0126 -0.0113
vn 0.4016 -0.3593 0.8424
vn 0.8930 -0.4495 0.0198
vn 0.3700 0.9289 -0.0165
vn 0.0100 -0.6579 -0.7531
vn -0.0016 0.8414 -0.5405
vn -0.6892 -0.7246 0.0084
vn -0.0069 -0.6239 0.7814
vn -0.4543 -0.3496 -0.8194
vn 0.6971 0.4837 -0.5292
vn 0.2051 0.9786 -0.0194
vn -0.4724 -0.3133 0.8238
vn -0.4209 -0.0198 -0.9069
vn 0.0481 -0.0220 -0.9986
vn -1.0000 0.0020 -0.0046
vn 0.8786 0.0393 -0.4760
vn 0.8769 0.0390 -0.4791
vn 0.8774 0.0421 -0.4778
vn 0.5135 -0.8544 0.0796
vn -0.1282 -0.9539 -0.2713
vn -0.4665 0.7842 -0.4091
vn 0.2424 -0.4055 -0.8814
vn 0.2452 -0.4033 -0.8816
vn -0.9899 -0.1413 -0.0078
vn -0.3390 -0.5344 0.7743
vn 0.0482 -0.0222 -0.9986
vn 0.9512 0.0082 0.3085
vn 0.9291 0.3698 0.0023
vn -0.4551 0.8901 -0.0246
vn 0.6470 0.0178 0.7623
vn -0.8509 0.0078 0.5252
vn 0.0088 0.8565 -0.5160
vn -0.3708 -0.9286 0.0160
vn -0.8903 0.4551 -0.0194
vn -0.0076 -0.6603 0.7509
vn -0.0084 -0.6604 0.7508
vn -0.0022 0.8786 0.4776
vn -0.0028 0.8783 0.4782
vn -0.0017 0.8782 0.4782
vn -0.8092 -0.5875 0.0041
vn 0.6137 -0.7892 0.0242
vn -0.6339 -0.0168 -0.7732
vn 0.5268 0.8499 -0.0130
vn -0.6507 0.0171 0.7591
vn 0.8157 0.0106 0.5784
vn 0.5194 -0.8542 0.0246
vn 0.8210 0.5709 -0.0036
vn 0.0466 -0.2512 -0.9668
vn 0.6055 0.5073 -0.6131
vn -0.1544 0.9835 0.0945
vn 0.0126 -0.1277 0.9917
vn -0.7329 0.1136 -0.6708
vn -0.4539 -0.7433 0.4914
vn 0.7135 0.6888 -0.1283
vn -0.7890 0.5571 0.2590
vn -0.0968 -0.1242 -0.9875
vn 0.8341 -0.0318 -0.5507
vn 0.6160 0.5333 0.5798
vn -0.4726 -0.7600 -0.4463
vn -0.7270 0.1788 0.6630
vn -0.8075 -0.5809 -0.1023
vn 0.1392 0.0699 -0.9878
vn -0.7312 0.3156 0.6048
vn 0.1968 -0.8432 0.5002
vn -0.0254 -0.1097 0.9936
vn -0.4725 0.7395 -0.4795
vn -0.0185 -0.2890 -0.9571
vn 0.7348 0.4409 -0.5155
vn -0.7829 -0.5575 -0.2763
vn -0.1186 0.1241 0.9852
vn -0.6580 0.6374 -0.4008
vn -0.6581 0.6374 -0.4008
vn -0.6580 0.6375 -0.4008
vn 0.7230 -0.4404 0.5323
vn 0.7235 -0.4405 0.5316
vn 0.6291 0.5080 -0.5884
vn 0.6289 0.5075 -0.5890
vn 0.1090 -0.9904 -0.0855
vn -0.0394 0.2883 0.9567
vn -0.1009 0.9501 -0.2950
vn -0.1002 0.9504 -0.2946
vn 0.2336 0.6439 0.7286
vn -0.7828 0.5447 -0.3008
vn -0.1147 -0.1495 -0.9821
vn 0.3031 -0.7655 -0.5675
vn -0.0983 -0.0609 0.9933
vn -0.8252 -0.5648 0.0039
vn -0.8257 -0.5641 0.0040
vn -0.8255 -0.5644 0.0034
vn -0.0869 -0.8636 -0.4967
vn 0.7484 0.6632 -0.0064
vn 0.5875 -0.8088 0.0244
vn 0.0484 0.5520 0.8325
vn 0.0482 0.5514 0.8329
vn 0.0488 0.5515 0.8328
vn -0.5694 0.4465 0.6902
vn 0.7045 -0.5339 0.4677
vn -0.9217 0.3873 -0.0187
vn -0.3225 -0.9464 0.0174
vn 0.9959 -0.0893 0.0129
vn 0.4891 -0.4678 0.7362
vn 0.4890 -0.4678 0.7362
vn 0.9785 -0.2058 0.0153
vn -0.8909 -0.4543 0.0002
vn -0.8490 0.0108 0.5284
vn 0.5196 0.8543 -0.0126
vn 0.5199 0.8541 -0.0137
vn 0.5195 0.8544 -0.0132
vn -0.8842 0.4666 -0.0201
vn -0.8839 0.4672 -0.0200
vn 0.6301 -0.0168 -0.7763
vn -0.8372 -0.0137 -0.5467
vn -0.8374 -0.0125 -0.5465
vn -0.8371 -0.0130 -0.5468
vn 0.8211 -0.5704 0.0217
vn -0.6241 -0.7813 0.0104
vn 0.3063 -0.9518 0.0154
vn 0.5074 -0.1992 0.8384
vn 0.9367 0.3500 0.0059
vn -0.4298 0.9028 -0.0162
vn 0.0938 0.0392 -0.9948
vn 0.8407 0.5280 0.1202
vn -0.6919 0.4417 -0.5711
vn 0.3181 0.8583 0.4026
vn -0.8325 -0.5166 0.2003
vn 0.2245 0.1592 0.9614
vn 0.1069 -0.8298 -0.5478
vn -0.5149 -0.6530 -0.5554
vn 0.5705 -0.7027 0.4252
vn 0.1057 -0.0356 -0.9938
vn 0.9637 -0.2326 0.1308
vn 0.8332 0.3669 0.4136
vn -0.9539 0.2334 0.1889
vn 0.2590 -0.0532 0.9644
vn -0.4182 0.9082 -0.0161
vn 0.9434 0.3315 0.0062
vn -0.5098 0.2223 0.8311
vn -0.9726 -0.2325 -0.0078
vn 0.3303 -0.9438 0.0156
vn -0.4910 0.6897 0.5323
vn 0.9964 -0.0838 0.0120
vn 0.3341 -0.4681 -0.8181
vn -0.4789 0.6759 -0.5602
vn -0.9074 0.3826 -0.1737
vn -0.3013 0.8503 0.4314
vn 0.2055 -0.0803 0.9754
vn 0.8957 -0.3853 -0.2219
vn -0.8501 -0.2883 0.4408
vn 0.0640 -0.8005 -0.5960
vn -0.1960 -0.9596 -0.2018
vn 0.0666 0.2580 -0.9638
vn -0.8127 -0.1842 0.5529
vn -0.3867 0.8189 -0.4240
vn 0.2028 0.9711 -0.1256
vn 0.6449 -0.5249 0.5554
vn 0.2800 -0.0775 -0.9568
vn -0.1681 0.8194 0.5481
vn 0.0840 -0.0105 0.9964
vn 0.9663 -0.2356 -0.1042
vn 0.5795 -0.7130 -0.3947
vn 0.5257 -0.1190 0.8423
vn 0.1826 0.7956 -0.5776
vn 0.1057 0.5316 0.8403
vn -0.5170 0.4817 -0.7076
vn -0.1614 -0.7612 -0.6281
vn -0.1422 -0.5780 0.8035
vn -0.1421 -0.5780 0.8035
vn 0.5917 -0.8060 0.0167
vn -0.1158 -0.5262 -0.8424
vn 0.2126 0.8485 -0.4846
vn -0.8953 -0.4454 -0.0042
vn -0.1344 -0.5048 0.8527
vn 0.2022 0.8606 0.4674
vn 0.6848 0.4056 -0.6055
vn 0.5085 0.3253 0.7972
vn -0.6714 -0.4210 -0.6099
vn -0.5260 -0.3052 0.7938
vn 0.7236 0.4333 -0.5373
vn 0.7116 0.4469 0.5421
vn -0.7410 -0.4179 0.5256
vn 0.5614 0.3096 -0.7675
vn -0.5133 -0.8582 0.0052
vn -0.3516 0.4056 -0.8437
vn 0.5570 -0.6427 -0.5260
vn -0.3700 0.4267 0.8252
vn 0.5451 -0.6291 0.5542
vn -0.4184 -0.6754 -0.6073
vn 0.1703 -0.6313 0.7566
vn 0.8603 -0.2042 0.4672
vn 0.4442 0.4972 0.7453
vn -0.0560 0.5457 -0.8361
vn -0.2212 -0.1417 -0.9649
vn 0.8841 -0.0796 -0.4604
vn 0.2084 -0.6728 0.7099
vn 0.0526 0.1729 -0.9835
vn -0.5574 -0.7344 -0.3873
vn -0.2178 -0.9760 0.0024
vn 0.6781 -0.2857 -0.6771
vn 0.5185 -0.2452 0.8191
vn -0.7356 0.3607 0.5735
vn 0.9524 0.3049 0.0066
vn 0.5363 -0.2657 -0.8011
vn -0.9534 -0.3015 -0.0067
vn 0.8061 0.5917 0.0014
vn -0.7051 0.7089 -0.0167
vn -0.8493 0.2013 -0.4881
vn 0.4451 -0.8953 0.0162
vn -0.9517 -0.3070 -0.0066
vn -0.0067 0.7986 0.6018
vn 0.7212 -0.4129 0.5563
vn 0.4514 -0.2660 -0.8517
vn -0.0060 -0.8327 0.5537
vn -0.7331 -0.4130 0.5403
vn -0.4325 0.2442 -0.8680
vn -0.0060 0.8464 0.5325
vn 0.0095 0.4995 -0.8663
vn 0.5779 -0.3282 0.7473
vn 0.6783 -0.3876 0.6243
vn 0.6783 0.4033 0.6142
vn 0.5303 0.2910 -0.7963
vn 0.3259 0.6339 -0.7014
vn -0.5392 0.6794 0.4978
vn -0.2305 0.0629 -0.9710
vn -0.9194 0.2895 0.2664
vn -0.1029 -0.6934 -0.7131
vn -0.1029 -0.6935 -0.7131
vn -0.8661 -0.2064 0.4553
vn -0.1695 0.8264 0.5369
vn 0.8383 0.3552 -0.4136
vn 0.1560 -0.0276 0.9874
vn 0.1560 -0.0277 0.9874
vn 0.9540 -0.2316 -0.1906
vn -0.9096 -0.1764 0.3761
vn -0.0179 -0.7272 -0.6862
vn 0.0821 0.9738 -0.2119
vn 0.5179 -0.8235 -0.2316
vn -0.5210 0.8390 -0.1565
vn -0.5210 0.8391 -0.1565
vn 0.5445 -0.3094 0.7796
vn 0.8882 0.4593 0.0040
vn -0.5133 0.8581 -0.0165
vn 0.5614 -0.3289 -0.7594
vn 0.0465 -0.9988 0.0132
vn -0.9998 0.0154 -0.0112
vn 0.0299 -0.0739 0.9968
vn 0.0239 -0.0370 0.9990
vn -0.5560 -0.8123 -0.1762
vn -0.5221 -0.8288 -0.2011
vn -0.5488 -0.8188 -0.1687
vn -0.2921 0.3800 0.8776
vn -0.2655 0.4049 0.8749
vn -0.9099 -0.3217 -0.2620
vn -0.8916 -0.3482 -0.2895
vn -0.8995 -0.3519 -0.2590
vn 0.5853 0.8079 -0.0690
vn 0.6166 0.7860 -0.0449
vn 0.6128 0.7862 -0.0793
vn -0.0630 -0.1462 -0.9873
vn -0.0631 -0.1435 -0.9876
vn -0.0957 -0.1595 -0.9825
vn 0.5279 0.8327 0.1672
vn 0.5208 0.8393 0.1562
vn 0.5543 0.8158 0.1650
vn -0.0578 0.0322 -0.9978
vn 0.6029 -0.3253 0.7284
vn 0.6052 -0.3273 0.7257
vn 0.5966 -0.2937 0.7469
vn -0.0792 -0.8821 -0.4644
vn -0.1632 -0.1581 0.9738
vn -0.5977 -0.7690 -0.2266
vn -0.5830 -0.7681 -0.2649
vn 0.5403 0.8203 -0.1873
vn -0.0691 0.0728 0.9950
vn -0.0345 0.0422 0.9985
vn -0.0407 0.0621 0.9972
vn -0.1524 -0.1977 -0.9683
vn -0.1452 -0.2128 -0.9663
vn -0.5673 -0.7905 0.2309
vn -0.5801 -0.7669 0.2746
vn 0.6222 -0.3442 -0.7032
vn 0.6074 -0.3611 -0.7076
vn -0.1187 -0.8847 0.4508
vn -0.0754 -0.8908 0.4480
vn -0.0734 -0.8735 0.4812
vn 0.5924 0.8023 0.0733
vn 0.6112 0.7881 0.0729
vn -0.1185 -0.1341 0.9839
vn -0.1174 -0.1346 0.9839
vn -0.2727 0.3576 -0.8932
vn -0.2530 0.3660 -0.8955
vn -0.2820 0.3605 -0.8891
vn -0.9156 -0.3151 0.2499
vn -0.9108 -0.3358 0.2402
vn 0.0163 -0.0827 -0.9964
vn 0.0525 -0.0626 -0.9967
vn 0.0153 -0.0750 -0.9971
vn -0.5284 -0.8298 0.1799
vn -0.5571 -0.8050 0.2041
vn -0.5539 -0.8138 0.1758
vn 0.1517 -0.8273 -0.5409
vn -0.8507 -0.3338 0.4059
vn 0.8618 -0.4155 0.2909
vn -0.0337 0.0753 -0.9966
vn -0.8360 0.3717 0.4038
vn 0.4412 -0.8693 0.2229
vn -0.1360 0.2586 0.9564
vn 0.8289 0.0354 -0.5583
vn 0.1425 0.9069 0.3964
vn 0.7411 0.4179 -0.5256
vn -0.8883 0.4591 -0.0156
vn 0.9998 0.0156 0.0108
vn -0.8506 0.4522 -0.2681
vn 0.2332 -0.1311 -0.9636
vn -0.3563 0.8890 0.2877
vn -0.3569 0.8886 0.2880
vn -0.3561 0.8889 0.2881
vn 0.7016 0.3568 -0.6168
vn 0.7022 0.3563 -0.6165
vn 0.1359 -0.0647 0.9886
vn 0.1355 -0.0651 0.9886
vn 0.1361 -0.0649 0.9886
vn 0.8747 -0.4609 -0.1497
vn 0.8745 -0.4611 -0.1503
vn 0.8744 -0.4612 -0.1506
vn -0.8550 -0.3007 0.4226
vn -0.8547 -0.3013 0.4228
vn 0.1329 -0.8364 -0.5318
vn 0.4457 -0.8745 -0.1912
vn -0.1148 0.2343 -0.9654
vn -0.4941 -0.6775 0.5448
vn -0.0555 0.1003 0.9934
vn -0.2695 0.4469 -0.8530
vn 0.4642 -0.7591 -0.4564
vn 0.4538 -0.7472 0.4856
vn 0.9991 0.0409 0.0105
vn -0.7553 -0.4137 0.5084
vn -0.7205 -0.1778 0.6703
vn -0.0199 0.9574 -0.2881
vn 0.6987 -0.0856 0.7103
vn 0.4634 0.7339 -0.4967
vn 0.0238 -0.9996 0.0161
vn -0.4545 0.8532 -0.2558
vn 0.1430 -0.2614 -0.9546
vn 0.3416 0.5542 0.7591
vn 0.8825 -0.4218 -0.2078
vn 0.8826 -0.4218 -0.2078
vn 0.0363 -0.0796 0.9962
vn 0.4559 -0.8846 -0.0980
vn 0.2839 -0.5511 -0.7846
vn -0.3733 0.7383 -0.5617
vn -0.4285 -0.9035 0.0067
vn -0.4288 -0.9034 0.0070
vn -0.4289 -0.9033 0.0062
vn -0.8754 0.4831 -0.0157
vn -0.8751 0.4836 -0.0156
vn 0.2672 -0.5309 0.8042
vn 0.2665 -0.5312 0.8042
vn -0.3855 0.7517 0.5351
vn -0.7236 0.5672 -0.3933
vn 0.9718 -0.2359 -0.0033
vn -0.2795 0.0582 -0.9584
vn -0.0534 -0.7102 0.7020
vn 0.8738 -0.0678 0.4816
vn 0.2238 -0.6905 -0.6879
vn -0.2423 -0.1172 0.9631
vn -0.8364 -0.4720 -0.2786
vn -0.0741 0.5666 0.8206
vn 0.8690 0.4883 -0.0803
vn -0.1185 -0.0876 -0.9891
vn 0.7675 0.6410 0.0004
vn -0.7213 0.6924 -0.0167
vn 0.6012 -0.1986 -0.7740
vn -0.8373 0.2625 -0.4797
vn -0.9900 -0.1410 -0.0091
vn 0.5838 -0.1788 0.7920
vn -0.8476 0.2743 0.4543
vn 0.5735 -0.1313 0.8087
vn -0.8286 0.2060 0.5206
vn 0.9474 0.3201 0.0064
vn -0.4013 0.9158 -0.0160
vn -0.8169 0.1925 -0.5437
vn 0.8682 -0.2132 -0.4482
vn -0.3747 0.9270 -0.0158
vn -0.6067 0.1550 0.7796
vn 0.8580 -0.2015 0.4725
vn -0.7098 -0.5670 0.4181
vn -0.2148 -0.9639 0.1574
vn 0.1836 -0.9064 0.3803
vn 0.2158 0.9709 0.1039
vn -0.0737 -0.2695 0.9602
vn -0.0577 0.0989 -0.9934
vn -0.0580 0.0981 -0.9935
vn -0.5245 0.8425 0.1233
vn -0.0689 -0.9158 -0.3957
vn -0.0685 -0.9158 -0.3956
vn -0.8255 -0.0704 0.5599
vn -0.8258 -0.0697 0.5596
vn -0.8258 -0.0702 0.5596
vn 0.5129 -0.8169 0.2640
vn 0.5124 -0.8171 0.2643
vn 0.5125 -0.8172 0.2636
vn 0.6952 -0.0081 -0.7188
vn 0.6957 -0.0082 -0.7183
vn 0.6957 -0.0081 -0.7183
vn 0.0784 0.9788 0.1892
vn 0.0782 0.9789 0.1886
vn 0.0777 0.9789 0.1891
vn 0.9567 -0.2339 -0.1735
vn 0.1417 -0.8029 0.5790
vn -0.8393 -0.3559 -0.4110
vn -0.9579 0.2293 -0.1727
vn 0.8230 0.3716 0.4297
vn -0.1877 0.8019 -0.5672
vn -0.8315 -0.0622 0.5520
vn -0.8309 -0.0619 0.5529
vn -0.1112 -0.9108 -0.3977
vn -0.1123 -0.9104 -0.3982
vn -0.4825 0.8470 -0.2232
vn 0.1480 -0.2530 -0.9561
vn 0.4605 0.6968 0.5499
vn 0.8486 -0.3495 -0.3971
vn 0.0373 -0.0721 0.9967
vn 0.0370 -0.0734 0.9966
vn 0.0383 -0.0732 0.9966
vn 0.4943 -0.8634 -0.1006
vn 0.4934 -0.8640 -0.1000
vn -0.2236 0.8233 0.5217
vn -0.9095 0.3573 0.2126
vn 0.0506 -0.8007 -0.5970
vn -0.1069 0.1541 -0.9823
vn -0.1069 0.1537 -0.9823
vn -0.5657 0.8023 0.1905
vn -0.5656 0.8023 0.1910
vn -0.5654 0.8024 0.1908
vn -0.2995 -0.7305 -0.6138
vn -0.8821 0.0762 0.4648
vn 0.5695 -0.8034 0.1738
vn 0.5696 -0.8034 0.1737
vn 0.5698 -0.8034 0.1730
vn -0.1115 0.1554 0.9815
vn -0.1125 0.1550 0.9815
vn 0.8239 0.1102 -0.5559
vn 0.8240 0.1095 -0.5559
vn 0.8238 0.1087 -0.5564
vn 0.1303 0.8586 0.4958
vn 0.1298 0.8584 0.4963
vn -0.2377 0.1080 -0.9653
vn -0.2377 0.1081 -0.9653
vn 0.6781 0.3982 0.6177
vn -0.3747 0.4263 -0.8234
vn 0.4820 0.4811 -0.7323
vn 0.3239 -0.4576 -0.8281
vn -0.6290 -0.2374 -0.7402
vn 0.9917 0.1282 0.0093
vn 0.6141 -0.1568 -0.7735
vn -0.8989 0.2146 -0.3819
vn 0.5969 -0.1370 0.7905
vn -0.9071 0.2240 0.3565
vn -0.5779 -0.3470 -0.7387
vn -0.5935 -0.3310 0.7336
vn 0.0071 -0.7731 -0.6343
vn 0.5774 -0.3309 0.7464
vn 0.5294 -0.2988 0.7940
vn 0.5934 0.3295 -0.7344
vn 0.0060 -0.8466 -0.5323
vn -0.0095 -0.4995 0.8663
vn -0.5955 0.3461 0.7249
vn -0.5468 -0.2989 0.7821
vn -0.6783 0.3876 -0.6242
vn -0.5302 0.3111 0.7887
vn -0.6696 -0.3744 0.6415
vn -0.5457 -0.3298 -0.7703
vn -0.9466 0.3136 0.0744
vn -0.9466 0.3137 0.0739
vn -0.9467 0.3134 0.0741
vn -0.5176 0.6869 0.5101
vn 0.3137 0.6353 -0.7057
vn 0.3137 0.6350 -0.7059
vn 0.3134 0.6353 -0.7058
vn 0.8841 -0.3127 -0.3473
vn -0.1165 -0.6922 -0.7122
vn 0.0031 -0.9637 -0.2671
vn 0.5263 -0.7013 -0.4809
vn 0.0103 0.3361 -0.9418
vn 0.0100 0.3361 -0.9418
vn 0.0100 0.3362 -0.9417
vn -0.0039 0.9399 0.3416
vn -0.7261 0.1351 0.6742
vn -0.7262 0.1349 0.6741
vn -0.7259 0.1348 0.6745
vn -0.2423 0.6765 -0.6954
vn -0.3470 -0.7923 0.5018
vn 0.4760 -0.5676 -0.6718
vn -0.2149 -0.1424 -0.9662
vn 0.8675 0.0980 -0.4878
vn 0.8678 0.0983 -0.4870
vn 0.2424 0.6939 0.6781
vn -0.8205 0.4749 0.3182
vn -0.8209 0.4747 0.3175
vn -0.8210 0.4741 0.3182
vn 0.3443 -0.8088 -0.4767
vn -0.4743 -0.5598 0.6795
vn -0.0031 -0.9566 0.2916
vn 0.0106 -0.2727 -0.9621
vn -0.5311 -0.6887 0.4937
vn -0.0108 0.3353 0.9421
vn 0.0020 0.9386 -0.3451
vn 0.0105 -0.3123 -0.9499
vn -0.5203 0.6885 -0.5053
vn -0.7330 -0.1117 0.6710
vn -0.0260 0.9643 0.2634
vn 0.0239 -0.9997 0.0099
vn 0.7142 -0.1033 -0.6923
vn 0.7142 -0.1032 -0.6923
vn 0.3335 0.8089 0.4842
vn -0.4594 0.5595 -0.6899
vn 0.8591 -0.1015 0.5016
vn 0.2662 -0.6969 -0.6659
vn 0.8592 0.1142 0.4988
vn -0.4594 -0.5769 -0.6754
vn -0.2149 0.1180 -0.9695
vn -0.3470 0.8048 0.4816
vn 0.8193 -0.4769 -0.3183
vn 0.2512 -0.6797 0.6891
vn 0.3443 0.7965 -0.4971
vn -0.4743 0.5767 0.6651
vn 0.0034 -0.9539 -0.3002
vn -0.5311 0.7010 0.4760
vn -0.7181 -0.1288 -0.6839
vn -0.0031 0.9636 0.2672
vn 0.0106 0.2482 -0.9687
vn 0.5203 0.7011 0.4876
vn 0.7329 -0.1286 -0.6680
vn -0.8284 -0.4837 -0.2824
vn 0.4594 -0.5597 0.6898
vn -0.8569 0.0972 -0.5062
vn 0.9190 -0.3740 -0.1249
vn 0.0372 -0.7853 0.6180
vn -0.8358 -0.3035 -0.4574
vn -0.2210 0.0944 0.9707
vn -0.2118 0.8100 -0.5469
vn -0.7783 -0.1194 0.6164
vn -0.7781 -0.1200 0.6166
vn -0.1337 -0.8652 -0.4833
vn -0.1347 -0.8651 -0.4831
vn -0.1346 -0.8647 -0.4838
vn -0.6456 0.7455 -0.1656
vn 0.1162 -0.1345 -0.9841
vn 0.1163 -0.1340 -0.9841
vn 0.0824 0.8494 0.5213
vn 0.0826 0.8496 0.5209
vn 0.0821 0.8496 0.5209
vn 0.8346 0.1443 -0.5316
vn 0.8349 0.1444 -0.5312
vn 0.1527 -0.1741 0.9728
vn 0.1537 -0.1746 0.9726
vn 0.1537 -0.1737 0.9727
vn 0.6423 -0.7302 -0.2330
vn 0.6422 -0.7305 -0.2325
vn 0.6421 -0.7302 -0.2334
vn 0.6246 0.4603 0.6310
vn -0.9110 0.3866 0.1439
vn 0.1450 -0.0536 0.9880
vn 0.2269 -0.1049 -0.9682
vn -0.3136 -0.7142 0.6258
vn -0.8719 0.0632 -0.4855
vn -0.1279 0.1788 0.9755
vn -0.5609 0.7972 -0.2233
vn 0.8112 0.1236 0.5715
vn 0.1415 0.8456 -0.5148
vn 0.5730 -0.8074 -0.1408
vn 0.5733 -0.8071 -0.1411
vn 0.5734 -0.8071 -0.1405
vn -0.2775 0.5263 -0.8037
vn 0.3931 -0.7296 -0.5597
vn 0.2741 0.9616 -0.0092
vn -0.2949 0.5463 0.7839
vn -0.3099 0.5378 0.7840
vn -0.9941 0.1075 -0.0123
vn -0.0441 -0.9990 0.0121
vn 0.4206 -0.7332 -0.5344
vn 0.3981 0.9173 -0.0072
vn 0.0058 -0.8556 -0.5176
vn 0.8418 0.5398 0.0024
vn 0.5693 -0.5245 -0.6331
vn 0.4544 -0.4147 0.7883
vn -0.3819 0.6228 0.6828
vn -0.1779 -0.7690 -0.6139
vn -0.1535 -0.5868 0.7951
vn -0.4548 0.4158 -0.7875
vn 0.4199 -0.6858 -0.5945
vn 0.3064 -0.5071 0.8055
vn -0.1941 0.7281 -0.6574
vn 0.1745 -0.6169 -0.7675
vn 0.1935 -0.7281 0.6576
vn 0.1916 0.7533 -0.6292
vn 0.1362 0.6067 0.7832
vn -0.4065 0.6703 -0.6209
vn -0.3240 0.5273 0.7855
vn 0.1573 -0.5972 0.7865
vn 0.2077 -0.7444 -0.6345
vn 0.1779 0.7689 0.6141
vn -0.2084 0.7445 0.6343
vn -0.1565 0.5961 -0.7875
vn 0.3395 -0.5612 0.7548
vn 0.3819 -0.6230 -0.6827
vn -0.7680 0.1925 0.6108
vn 0.3259 -0.5141 -0.7934
vn -0.4310 0.6915 -0.5797
vn -0.0055 -0.9999 0.0126
vn 0.3083 -0.4940 0.8130
vn -0.4435 0.7059 0.5523
vn 0.9707 -0.2399 0.0137
vn 0.2048 0.9787 -0.0101
vn 0.5550 -0.5082 0.6585
vn 0.4715 -0.4344 -0.7675
vn -0.1916 -0.7532 0.6293
vn -0.1361 -0.6067 -0.7832
vn -0.4719 0.4355 0.7666
vn 0.4066 -0.6704 0.6207
vn 0.3239 -0.5272 -0.7856
vn 0.4848 0.2956 0.8232
vn 0.7079 0.3977 -0.5837
vn 0.7079 -0.4123 -0.5735
vn -0.0090 -0.5599 0.8285
vn 0.0091 0.5598 -0.8286
vn -0.0065 0.8174 0.5761
vn -0.4848 0.2747 -0.8304
vn -0.7079 0.4123 0.5734
vn -0.7079 -0.3977 0.5838
vn 0.0091 -0.5806 -0.8141
vn 0.5029 -0.2954 -0.8123
vn 0.6950 0.4125 0.5889
vn 0.8953 0.4453 0.0042
vn -0.5917 0.8060 -0.0167
vn -0.7090 -0.7052 0.0011
vn 0.1344 0.5048 -0.8527
vn -0.2021 -0.8605 -0.4677
vn 0.4307 0.8199 -0.3771
vn 0.9315 -0.0474 -0.3606
vn 0.4225 0.8293 0.3656
vn -0.7573 -0.3168 -0.5712
vn -0.7571 -0.3172 -0.5711
vn -0.5049 0.7863 0.3560
vn -0.5053 0.7862 0.3557
vn -0.0021 -0.9790 0.2039
vn 0.4968 0.7865 0.3670
vn 0.0110 0.0444 -0.9990
vn 0.0113 0.0444 -0.9989
vn -0.0008 0.9966 0.0820
vn -0.0010 0.9966 0.0822
vn 0.4306 -0.8293 -0.3562
vn -0.8479 0.4882 -0.2069
vn 0.2865 -0.1713 -0.9426
vn -0.0052 0.6739 -0.7388
vn 0.7727 -0.3753 0.5120
vn 0.4565 -0.2305 -0.8594
vn -0.4188 -0.5125 0.7497
vn -0.4089 -0.5406 -0.7352
vn -0.7335 0.3889 0.5574
vn -0.4952 0.2546 -0.8306
vn 0.1199 0.8088 -0.5758
vn -0.8521 0.4930 0.1758
vn -0.0110 -0.0445 0.9989
vn 0.0010 -0.9966 -0.0823
vn -0.4967 -0.7865 -0.3671
vn -0.4967 -0.7865 -0.3670
vn 0.0021 0.9790 -0.2039
vn 0.7572 0.3168 0.5712
vn -0.1074 -0.8231 -0.5576
vn -0.9315 -0.0383 0.3617
vn 0.8479 -0.4882 0.2070
vn -0.2865 0.1713 0.9427
vn 0.6561 0.4993 -0.5659
vn -0.4307 0.8292 0.3563
vn -0.0384 0.0159 -0.9991
vn 0.6561 -0.5134 -0.5531
vn -0.4306 -0.8200 0.3771
vn 0.8478 0.4933 0.1946
vn -0.2864 -0.1474 0.9467
vn -0.1074 0.8088 -0.5782
vn -0.9315 0.0475 0.3606
vn -0.7573 0.3022 -0.5790
vn 0.7697 0.3025 -0.5621
vn 0.4967 -0.7770 0.3868
vn -0.0021 0.9838 0.1791
vn 0.0021 -0.9838 -0.1790
vn 0.0104 0.3068 -0.9517
vn -0.7697 -0.3025 0.5621
vn -0.4967 0.7769 -0.3868
vn 0.0010 0.9942 -0.1074
vn 0.5049 0.7771 -0.3757
vn -0.1199 0.8231 0.5551
vn -0.9233 0.0381 -0.3822
vn 0.6436 -0.4991 0.5802
vn 0.8514 0.5202 0.0667
vn 0.2401 -0.4638 0.8528
vn -0.3845 -0.8030 -0.4554
vn -0.1761 -0.0070 0.9843
vn -0.1761 -0.0071 0.9843
vn 0.2352 0.9618 -0.1397
vn -0.6609 0.4173 -0.6237
vn -0.2150 -0.8595 0.4637
vn 0.7949 0.0642 -0.6033
vn 0.4796 -0.4428 0.7576
vn 0.4796 -0.4429 0.7576
vn 0.8544 0.4383 0.2792
vn 0.8544 0.4382 0.2792
vn 0.1642 -0.0021 -0.9864
vn -0.4442 -0.4973 -0.7452
vn -0.8603 0.2041 -0.4672
vn 0.4184 0.6754 0.6072
vn -0.1702 0.6314 -0.7566
vn 0.3698 -0.8788 0.3015
vn -0.0323 -0.2024 -0.9788
vn -0.2053 0.3319 0.9207
vn -0.4778 0.7860 -0.3923
vn 0.4298 0.3163 0.8457
vn 0.0240 0.8809 -0.4728
vn 0.5185 -0.8512 0.0807
vn -0.4838 -0.2388 0.8419
vn 0.0239 0.2093 0.9775
vn -0.3665 0.8756 -0.3145
vn -0.5200 0.8529 0.0477
vn 0.4653 0.2601 0.8461
vn 0.4653 0.2602 0.8461
vn 0.8023 -0.3952 -0.4474
vn -0.0455 -0.1846 0.9818
vn 0.3732 -0.8833 -0.2838
vn 0.0785 -0.7959 -0.6003
vn -0.4606 -0.4784 0.7476
vn 0.4318 0.6599 -0.6148
vn -0.1867 0.6502 0.7365
vn -0.3761 0.8860 0.2712
vn 0.1849 -0.3083 0.9331
vn 0.4861 -0.7955 -0.3619
vn -0.4483 -0.2950 0.8438
vn -0.2353 -0.9618 0.1398
vn -0.4795 0.4429 -0.7576
vn 0.0955 0.4452 0.8903
vn 0.2150 0.8595 -0.4636
vn 0.6609 -0.4173 0.6238
vn 0.6491 0.1691 -0.7417
vn -0.8605 -0.4313 0.2713
vn 0.3098 0.2068 0.9280
vn 0.7950 0.4772 -0.3746
vn 0.2972 -0.4284 0.8533
vn 0.8919 -0.0248 -0.4515
vn -0.8528 -0.5185 0.0615
vn 0.1544 0.0320 0.9875
vn 0.8575 0.4283 -0.2849
vn -0.0239 -0.2095 -0.9775
vn 0.3666 -0.8758 0.3141
vn 0.4838 0.2388 -0.8420
vn 0.7921 -0.3836 0.4747
vn -0.5186 0.8512 -0.0805
vn 0.6048 0.2865 -0.7431
vn -0.3836 0.7507 -0.5379
vn -0.5968 -0.2970 0.7454
vn 0.4455 -0.7116 -0.5433
vn -0.3698 0.8788 -0.3014
vn 0.0322 0.2024 0.9788
vn 0.0322 0.2023 0.9788
vn -0.4298 -0.3164 -0.8457
vn -0.0240 -0.8808 0.4728
vn 0.2053 -0.3318 -0.9207
vn 0.4777 -0.7859 0.3925
vn 0.6744 -0.4327 -0.5983
vn 0.6326 0.1880 0.7513
vn 0.1152 0.4226 -0.8990
vn 0.2050 0.8711 0.4462
vn -0.4960 0.4618 0.7353
vn -0.2324 -0.9651 -0.1205
vn 0.8605 0.4313 -0.2712
vn -0.2972 0.4284 -0.8533
vn -0.7950 -0.4772 0.3746
vn -0.1545 -0.0320 -0.9875
vn 0.2587 -0.4851 -0.8353
vn 0.8528 0.5186 -0.0613
vn 0.1762 0.0071 -0.9843
vn -0.2402 0.4637 -0.8528
vn 0.3845 0.8030 0.4553
vn -0.8514 -0.5202 -0.0668
vn -0.0043 0.0168 0.9999
vn -0.6744 0.4327 0.5982
vn -0.6327 -0.1880 -0.7513
vn 0.2324 0.9652 0.1203
vn 0.7815 0.0796 0.6188
vn -0.8544 -0.4383 -0.2790
vn -0.1643 0.0021 0.9864
vn 0.3158 -0.4498 -0.8354
vn 0.8818 -0.0132 0.4715
vn 0.3303 0.1833 -0.9259
vn 0.7867 0.4868 0.3797
vn -0.4318 -0.6600 0.6147
vn -0.0510 0.0024 -0.9987
vn -0.0785 0.7960 0.6002
vn 0.4607 0.4784 -0.7476
vn 0.8703 -0.2157 -0.4429
vn 0.3761 -0.8860 -0.2711
vn -0.0538 -0.1776 0.9826
vn 0.4485 0.2951 -0.8437
vn 0.0138 0.8925 0.4508
vn -0.1848 0.3083 -0.9332
vn -0.4860 0.7954 0.3620
vn 0.0454 0.1847 -0.9817
vn -0.3732 0.8834 0.2836
vn -0.8023 0.3953 0.4474
vn 0.5199 -0.8529 -0.0478
vn -0.7520 0.3266 0.5725
vn 0.7670 -0.2950 0.5698
vn 0.5256 -0.2123 -0.8238
vn -0.4664 -0.4993 -0.7302
vn 0.6569 -0.5386 -0.5276
vn 0.7011 0.5776 0.4181
vn 0.0310 0.0841 -0.9960
vn 0.2003 0.9741 0.1054
vn -0.8004 -0.1984 -0.5657
vn -0.3957 0.8293 0.3947
vn -0.2006 -0.9543 0.2216
vn 0.0455 0.2824 0.9582
vn -0.6452 -0.2187 0.7320
vn 0.4867 -0.6898 -0.5359
vn 0.3055 -0.4363 0.8463
vn 0.4828 0.4807 -0.7320
vn 0.4659 0.4996 0.7303
vn -0.3926 0.4469 0.8039
vn -0.0251 0.7697 0.6379
vn -0.0064 0.6336 -0.7736
vn 0.0126 -0.7987 0.6016
vn 0.0227 -0.5812 -0.8135
vn 0.1439 0.6342 -0.7597
vn 0.4180 -0.5778 0.7010
vn 0.3884 -0.5185 -0.7618
vn -0.3578 -0.6247 0.6941
vn -0.3012 -0.5633 -0.7694
vn 0.3773 -0.7468 0.5476
vn 0.2442 -0.4725 -0.8468
vn -0.3771 0.5152 0.7697
vn -0.4043 0.5484 -0.7320
vn -0.2020 0.6505 -0.7322
vn 0.3012 0.5688 0.7654
vn 0.3587 0.6219 -0.6961
vn -0.0955 -0.5175 -0.8503
vn -0.7021 -0.1727 0.6908
vn -0.6131 -0.1622 -0.7732
vn -0.5778 0.3552 0.7349
vn -0.6069 0.3662 -0.7053
vn 0.5455 -0.1391 -0.8265
vn 0.2169 -0.6769 0.7034
vn 0.1980 -0.6154 -0.7629
vn -0.7223 -0.4412 0.5325
vn -0.4295 -0.2853 -0.8568
vn 0.4702 0.5217 -0.7119
vn 0.6089 0.1695 0.7749
vn 0.6089 0.1694 0.7749
vn 0.6896 0.1630 -0.7056
vn 0.6090 -0.3654 0.7040
vn 0.5738 -0.3551 -0.7380
vn -0.7768 0.1941 0.5990
vn -0.5592 0.1258 -0.8194
vn 0.5811 0.3125 0.7515
vn 0.6136 0.3039 -0.7288
vn -0.6493 0.7489 0.1327
vn 0.0950 -0.1093 0.9894
vn -0.7642 -0.1353 -0.6307
vn -0.7645 -0.1353 -0.6303
vn -0.7642 -0.1348 -0.6307
vn -0.1453 -0.8523 0.5025
vn 0.1745 -0.1986 -0.9644
vn 0.1749 -0.1983 -0.9644
vn 0.6364 -0.7243 0.2653
vn 0.6368 -0.7240 0.2651
vn 0.6365 -0.7240 0.2657
vn 0.0938 0.8362 -0.5403
vn 0.8230 0.1579 0.5456
vn -0.9132 0.2824 -0.2938
vn -0.5279 0.6664 -0.5265
vn 0.9521 -0.3030 0.0400
vn -0.1306 0.0325 -0.9909
vn -0.1188 -0.6751 0.7281
vn -0.8559 -0.2180 -0.4689
vn -0.4250 0.7413 0.5195
vn -0.2469 0.4384 -0.8642
vn 0.1431 -0.6085 0.7805
vn 0.1708 -0.6913 -0.7021
vn 0.1355 0.6771 0.7234
vn -0.4825 -0.4808 0.7322
vn 0.5072 -0.1912 0.8403
vn -0.8267 0.2059 0.5237
vn -0.4935 0.1112 -0.8626
vn -0.1805 0.7059 0.6850
vn -0.1368 0.6154 -0.7763
vn 0.7187 -0.1677 0.6748
vn -0.4849 -0.5297 0.6959
vn -0.4101 -0.4960 -0.7653
vn -0.4102 -0.4960 -0.7653
vn -0.7103 -0.4546 -0.5375
vn 0.6260 0.1499 -0.7653
vn 0.6260 0.1500 -0.7653
vn 0.6741 0.1810 0.7161
vn 0.4296 0.4679 -0.7724
vn 0.4546 0.5397 0.7086
vn -0.6868 -0.1904 -0.7015
vn -0.6301 -0.1427 0.7633
vn -0.1658 -0.8355 -0.5238
vn -0.1144 -0.4960 0.8607
vn -0.2656 0.4598 0.8474
vn 0.1601 -0.6282 -0.7614
vn 0.1551 -0.6734 0.7229
vn 0.4748 -0.4435 -0.7602
vn 0.1701 0.8100 0.5612
vn 0.1243 0.5103 -0.8510
vn 0.7689 -0.1804 0.6133
vn 0.5442 -0.1402 -0.8272
vn -0.1754 -0.7452 0.6434
vn -0.5323 0.4993 0.6836
vn -0.4670 0.4208 -0.7777
vn 0.1615 0.7232 -0.6715
vn 0.1272 0.6531 0.7465
vn -0.3427 -0.6422 -0.6856
vn -0.3182 -0.5437 0.7766
vn 0.4331 -0.5952 -0.6768
vn 0.4331 -0.5953 -0.6768
vn 0.3891 -0.7603 -0.5201
vn 0.2253 -0.4507 0.8638
vn -0.4201 0.5665 0.7089
vn -0.5614 0.3364 -0.7561
vn -0.5614 0.3363 -0.7561
vn -0.6223 0.3838 0.6823
vn 0.2321 -0.6943 -0.6812
vn 0.2321 -0.6944 -0.6812
vn 0.2322 -0.6943 -0.6812
vn 0.1810 -0.5960 0.7823
vn 0.5271 -0.1179 0.8416
vn 0.6244 -0.3830 -0.6808
vn 0.6244 -0.3830 -0.6807
vn 0.5573 -0.3361 0.7593
vn 0.5974 0.2935 -0.7463
vn -0.3951 0.7640 0.5101
vn -0.2257 0.4462 -0.8660
vn 0.5925 0.2808 -0.7551
vn 0.4332 -0.6975 0.5708
vn 0.2984 -0.4774 -0.8264
vn -0.6164 -0.3029 0.7268
vn -0.5804 -0.3160 -0.7505
vn -0.0332 -0.7097 0.7037
vn 0.1776 -0.0525 -0.9827
vn 0.9494 -0.2264 0.2174
vn -0.1575 0.8125 -0.5612
vn 0.8291 0.3659 0.4228
vn 0.6020 -0.3830 -0.7007
vn -0.2447 0.6320 -0.7353
vn -0.2446 0.6320 -0.7353
vn -0.2618 0.6505 0.7129
vn -0.7051 0.2412 -0.6668
vn -0.5625 0.3500 -0.7491
vn -0.5995 0.3827 0.7029
vn 0.5383 -0.1604 0.8273
vn 0.8521 -0.4930 -0.1758
vn -0.8610 0.4964 -0.1106
vn 0.6436 0.5136 0.5674
vn 0.4445 0.4770 -0.7582
vn 0.4686 0.5431 0.6968
vn -0.7003 -0.4319 -0.5684
vn -0.4868 -0.2769 0.8284
vn 0.6814 -0.1033 0.7246
vn -0.4732 -0.5447 -0.6924
vn -0.4410 -0.4768 0.7604
vn -0.4409 -0.4768 0.7604
vn 0.7045 0.3832 -0.5974
vn 0.5054 0.2965 0.8103
vn -0.2908 0.5931 -0.7508
vn -0.0108 0.7533 -0.6576
vn -0.6829 0.1023 -0.7233
vn -0.6773 0.1200 0.7258
vn -0.6773 0.1201 0.7258
vn -0.5787 0.3687 0.7275
vn -0.5838 0.3646 -0.7255
vn 0.7598 -0.2316 0.6075
vn 0.5559 -0.1810 -0.8113
vn -0.6059 -0.3196 0.7285
vn -0.6026 -0.3445 -0.7198
vn 0.4279 0.4962 0.7554
vn 0.4280 0.4962 0.7554
vn 0.4840 0.5255 -0.6997
vn 0.6971 -0.1215 -0.7066
vn -0.4886 -0.5272 0.6952
vn -0.4242 -0.4960 -0.7576
vn -0.3070 0.6117 0.7291
vn -0.2935 0.5970 -0.7466
vn 0.6913 0.3983 0.6029
vn 0.5863 -0.3649 0.7233
vn 0.5765 -0.3689 -0.7291
vn -0.7195 0.2577 0.6449
vn -0.6068 0.2059 -0.7677
vn -0.2459 0.6323 -0.7347
vn 0.4979 0.6529 -0.5708
vn -0.6295 0.2857 0.7225
vn -0.4362 -0.6620 -0.6095
vn 0.2441 -0.6332 0.7345
vn -0.4498 -0.6465 0.6162
vn -0.6220 0.2809 0.7309
vn -0.6134 0.2671 -0.7432
vn 0.2454 -0.6321 0.7350
vn 0.2600 -0.6515 -0.7128
vn -0.7210 0.3745 -0.5830
vn -0.5133 0.2754 0.8128
vn -0.4023 -0.5313 -0.7456
vn -0.4251 -0.5220 0.7394
vn 0.7837 -0.3880 -0.4851
vn -0.0059 0.6408 -0.7677
vn -0.0213 0.6924 0.7212
vn -0.1651 0.6883 -0.7063
vn -0.1538 0.6349 0.7572
vn -0.8150 0.1924 -0.5466
vn -0.5125 0.1329 0.8483
vn -0.4695 -0.5471 -0.6930
vn -0.4269 -0.4765 0.7686
vn 0.7334 -0.1846 -0.6543
vn 0.6316 -0.1458 0.7614
vn 0.4529 -0.8820 0.1304
vn 0.4532 -0.8819 0.1299
vn 0.4534 -0.8817 0.1304
vn 0.3583 0.5349 -0.7652
vn 0.8776 -0.4162 0.2378
vn -0.4598 0.8593 0.2240
vn -0.4598 0.8592 0.2244
vn -0.4594 0.8595 0.2240
vn 0.1220 -0.2366 0.9639
vn 0.1218 -0.2370 0.9638
vn -0.8126 -0.0581 -0.5799
vn -0.8125 -0.0579 -0.5800
vn -0.1316 -0.9085 0.3965
vn -0.1311 -0.9087 0.3963
vn -0.1309 -0.9087 0.3964
vn -0.0737 -0.8974 -0.4350
vn 0.5680 -0.3153 0.7602
vn 0.5319 0.7960 0.2890
vn -0.5692 0.1044 -0.8155
vn -0.5691 0.1046 -0.8156
vn -0.5600 -0.8269 0.0518
vn 0.0659 0.1233 0.9902
vn 0.2393 -0.6928 -0.6803
vn 0.2200 0.1135 -0.9689
vn -0.3889 0.3235 -0.8626
vn 0.3781 0.8791 0.2902
vn 0.3785 0.8790 0.2900
vn -0.8501 -0.5183 0.0928
vn 0.1295 0.0972 0.9868
vn 0.2398 -0.9707 0.0149
vn -0.8794 0.2175 0.4234
vn -0.3283 -0.4605 0.8247
vn -0.1744 -0.9846 0.0115
vn -0.1750 -0.9845 0.0100
vn 0.9981 0.0615 0.0096
vn 0.9980 0.0621 0.0102
vn -0.3102 -0.4813 -0.8198
vn 0.4919 0.7187 -0.4914
vn -0.8591 -0.1142 -0.4988
vn -0.2661 -0.6799 0.6833
vn -0.3335 0.7965 -0.5044
vn 0.4594 0.5768 0.6755
vn 0.0184 -0.3566 -0.9341
vn 0.0179 -0.9317 0.3629
vn -0.0225 0.9970 -0.0736
vn -0.5209 0.6778 -0.5188
vn -0.7213 -0.1699 0.6714
vn 0.7410 -0.4311 -0.5148
vn 0.9998 -0.0153 0.0112
vn -0.5614 0.3289 0.7594
vn -0.8883 -0.4593 -0.0040
vn 0.8559 -0.5169 0.0159
vn 0.0232 -0.6188 -0.7852
vn -0.0159 0.8718 -0.4897
vn -0.8092 -0.5875 -0.0015
vn 0.0058 -0.5988 0.8009
vn -0.0265 0.8838 0.4672
vn 0.2881 -0.4682 -0.8353
vn -0.4538 0.7472 -0.4855
vn -0.3305 -0.9438 0.0083
vn 0.2694 -0.4467 0.8532
vn -0.4641 0.7591 0.4565
vn 0.0596 -0.0979 -0.9934
vn 0.4726 0.6828 -0.5572
vn -0.4871 0.8523 0.1906
vn 0.1267 -0.2284 0.9653
vn -0.8192 -0.0764 -0.5684
vn -0.1202 -0.9000 0.4191
vn -0.8454 -0.3120 -0.4335
vn 0.1215 -0.8220 0.5564
vn 0.1210 -0.8222 0.5562
vn 0.1569 -0.0897 -0.9835
vn 0.1573 -0.0893 -0.9835
vn 0.8711 -0.4568 0.1805
vn 0.8711 -0.4565 0.1810
vn -0.3497 0.8813 -0.3177
vn -0.3498 0.8813 -0.3178
vn -0.3493 0.8813 -0.3182
vn 0.6879 0.3727 0.6228
vn 0.6878 0.3720 0.6233
vn 0.6881 0.3718 0.6231
vn -0.8562 0.4587 0.2376
vn -0.8561 0.4586 0.2382
vn -0.8560 0.4593 0.2375
vn 0.2127 -0.1069 0.9712
vn 0.2122 -0.1062 0.9715
vn -0.0490 0.9470 -0.3176
vn 0.1474 0.2450 0.9583
vn 0.1472 0.2454 0.9582
vn 0.5387 0.7884 -0.2971
vn -0.0830 -0.8861 0.4560
vn -0.0835 -0.8861 0.4558
vn 0.5848 -0.3338 -0.7393
vn 0.5844 -0.3341 -0.7395
vn 0.8324 0.3608 -0.4207
vn -0.1998 0.8160 0.5425
vn -0.1250 0.0201 -0.9919
vn -0.9614 0.2333 0.1458
vn 0.1543 -0.8173 -0.5551
vn -0.8483 -0.3456 0.4013
vn -0.2663 0.0748 0.9610
vn 0.0945 -0.8156 0.5708
vn 0.9132 -0.0859 -0.3983
vn -0.8280 -0.5217 -0.2055
vn 0.2459 0.1350 -0.9598
vn 0.0718 0.0644 0.9953
vn 0.8433 0.5250 -0.1147
vn 0.5697 0.7250 -0.3871
vn -0.2180 -0.9758 0.0177
vn -0.5660 -0.7245 0.3934
vn -0.6494 0.2780 -0.7078
vn -0.5065 0.6734 -0.5386
vn -0.5063 0.6738 -0.5381
vn 0.2983 0.6531 0.6961
vn 0.2978 0.6531 0.6962
vn -0.9446 0.3115 -0.1030
vn -0.9449 0.3108 -0.1028
vn 0.0366 -0.0029 0.9993
vn -0.8665 -0.1960 -0.4591
vn -0.8662 -0.1952 -0.4599
vn -0.8662 -0.1963 -0.4596
vn -0.1330 -0.6742 0.7265
vn -0.1319 -0.6742 0.7267
vn -0.1324 -0.6736 0.7271
vn 0.3465 -0.1297 -0.9290
vn 0.3458 -0.1294 -0.9293
vn 0.8762 -0.3029 0.3750
vn 0.8762 -0.3035 0.3744
vn -0.1388 -0.9903 0.0110
vn 0.9999 0.0124 0.0108
vn 0.7584 0.4531 -0.4685
vn -0.4669 -0.2682 0.8427
vn 0.7480 0.4650 0.4735
vn 0.3559 -0.5800 -0.7328
vn -0.6847 -0.4055 0.6056
vn -0.5084 -0.3253 -0.7973
vn -0.3819 0.6229 0.6827
vn 0.6714 0.4210 0.6099
vn -0.0526 -0.2937 -0.9545
vn 0.1916 -0.9157 -0.3531
vn -0.2115 -0.9676 -0.1376
vn -0.5320 0.6906 0.4899
vn -0.7064 -0.1871 -0.6827
vn -0.0239 0.9986 0.0476
vn 0.0256 -0.9406 -0.3386
vn -0.4894 0.2559 -0.8337
vn 0.7337 -0.3960 -0.5521
vn -0.3264 0.9451 -0.0156
vn -0.5076 0.2768 0.8159
vn 0.3223 -0.9465 0.0155
vn -0.1316 -0.5826 0.8021
vn 0.1635 0.8243 0.5420
vn 0.6508 -0.7590 0.0168
vn 0.7176 0.6964 -0.0009
vn -0.1140 -0.6026 -0.7898
vn 0.1756 0.8104 -0.5590
vn 0.5580 0.7341 -0.3870
vn 0.6515 -0.2779 0.7059
vn 0.2063 0.9778 -0.0369
vn -0.0517 -0.1815 0.9820
vn -0.1897 0.8989 -0.3950
vn -0.7144 0.0302 0.6991
vn -0.2008 -0.9353 0.2912
vn 0.2916 0.6556 -0.6965
vn -0.0999 0.0143 -0.9949
vn -0.9141 -0.1759 0.3654
vn 0.9714 -0.2354 0.0306
vn -0.3004 0.0823 0.9503
vn 0.7644 -0.6445 0.0166
vn -0.6986 0.7153 -0.0167
vn -0.1519 -0.6354 0.7571
vn 0.1958 0.8972 0.3959
vn -0.1148 0.9933 -0.0138
vn -0.9870 -0.1603 -0.0088
vn 0.3749 0.4741 -0.7967
vn 0.3574 0.4942 0.7925
vn -0.5175 -0.6679 0.5349
vn -0.6012 0.1538 0.7842
vn -0.7632 -0.6462 -0.0002
vn 0.6932 -0.7206 0.0168
vn -0.3785 0.9254 -0.0159
vn 0.9478 0.3188 0.0064
vn -0.8481 -0.5206 -0.0980
vn 0.1503 0.0727 -0.9860
vn 0.1507 0.0724 -0.9859
vn -0.4073 0.3450 0.8456
vn -0.4077 0.3448 0.8455
vn -0.4071 0.3446 0.8459
vn 0.3850 0.8715 -0.3036
vn 0.3850 0.8716 -0.3036
vn 0.3847 0.8718 -0.3032
vn 0.1986 0.1385 0.9702
vn 0.1983 0.1381 0.9704
vn 0.8316 0.4951 -0.2515
vn 0.2245 -0.6755 0.7024
vn 0.2244 -0.6750 0.7028
vn 0.2243 -0.6754 0.7025
vn 0.8822 -0.0640 -0.4666
vn 0.9710 -0.2353 0.0422
vn -0.1801 0.0339 -0.9831
vn 0.7276 -0.5597 0.3966
vn -0.2776 -0.6559 -0.7019
vn -0.9291 0.2226 -0.2953
vn 0.9036 0.1810 0.3883
vn 0.9036 0.1811 0.3883
vn 0.0394 0.7028 -0.7103
vn 0.2057 0.9785 0.0168
vn 0.5495 0.7438 0.3805
vn 0.6668 -0.2954 -0.6841
vn -0.1947 -0.9425 -0.2715
vn -0.1981 0.9086 0.3678
vn -0.6988 0.0123 -0.7152
vn 0.9119 0.1714 -0.3728
vn -0.9353 0.2298 0.2690
vn 0.7360 -0.5694 -0.3663
vn -0.2932 -0.6378 0.7122
vn 0.9716 -0.2361 -0.0147
vn -0.0691 -0.9975 0.0119
vn -0.5080 -0.3331 -0.7944
vn 0.7165 0.4374 -0.5435
vn -0.9279 0.3725 -0.0149
vn 0.4308 0.9024 -0.0067
vn -0.5255 -0.3131 0.7911
vn 0.7044 0.4511 0.5480
vn 0.1372 0.6006 -0.7877
vn -0.1871 -0.9135 -0.3612
vn 0.7086 -0.7055 0.0167
vn 0.1201 0.6205 0.7749
vn -0.1953 -0.9040 0.3803
vn -0.9936 -0.1129 -0.0095
vn 0.3330 -0.9428 0.0156
vn -0.7480 0.6635 -0.0166
vn 0.8239 0.5668 0.0019
vn 0.9517 0.3070 0.0066
vn 0.8492 -0.2013 0.4882
vn -0.8061 -0.5917 -0.0014
vn 0.7051 -0.7089 0.0167
vn -0.0037 0.5356 -0.8445
vn 0.0154 -0.9052 0.4248
vn 0.4482 0.2895 0.8457
vn -0.7584 -0.4531 0.4685
vn 0.1388 0.9903 -0.0110
vn -0.9999 -0.0125 -0.0109
vn -0.0085 -0.6287 0.7776
vn -0.0058 0.8556 0.5176
vn 0.0085 -0.6482 -0.7614
vn 0.0058 0.8422 -0.5391
vn -0.8418 -0.5398 -0.0024
vn 0.1333 0.6427 0.7544
vn -0.1968 -0.8414 0.5032
vn -0.7179 -0.6961 0.0009
vn 0.1501 0.6234 -0.7674
vn 0.1501 0.6234 -0.7673
vn -0.1859 -0.8540 -0.4860
vn -0.1859 -0.8539 -0.4860
vt 0.000000 0.000000
s 0
f 1345/1/1 417/1/1 435/1/1
f 1345/1/2 418/1/2 1346/1/2
f 1347/1/3 417/1/3 1346/1/3
f 1346/1/4 440/1/4 1347/1/4
f 1347/1/5 437/1/5 439/1/5
f 1348/1/6 440/1/6 438/1/6
f 1348/1/7 435/1/7 437/1/7
f 1345/1/8 438/1/8 436/1/8
f 1350/1/9 13/1/9 1349/1/9
f 1350/1/10 14/1/10 16/1/10
f 1350/1/11 21/1/11 15/1/11
f 1350/1/12 22/1/12 1351/1/12
f 1352/1/13 21/1/13 1351/1/13
f 1352/1/14 22/1/14 24/1/14
f 1349/1/15 23/1/15 1352/1/15
f 1349/1/16 24/1/16 14/1/16
f 1354/1/17 17/1/17 1353/1/17
f 1354/1/18 18/1/18 4/1/18
f 1354/1/19 13/1/19 3/1/19
f 1354/1/20 14/1/20 1355/1/20
f 1355/1/21 23/1/21 13/1/21
f 1355/1/22 24/1/22 1356/1/22
f 1356/1/23 17/1/23 23/1/23
f 1356/1/24 18/1/24 1353/1/24
f 1357/1/25 249/1/25 253/1/25
f 1357/1/26 250/1/26 1358/1/26
f 1358/1/27 425/1/27 249/1/27
f 1359/1/28 250/1/28 426/1/28
f 1359/1/29 247/1/29 425/1/29
f 1360/1/30 426/1/30 248/1/30
f 1357/1/31 247/1/31 1360/1/31
f 1360/1/32 254/1/32 1357/1/32
f 1362/1/33 135/1/33 1361/1/33
f 1361/1/34 138/1/34 1362/1/34
f 1362/1/35 265/1/35 137/1/35
f 1362/1/36 266/1/36 1363/1/36
f 1364/1/37 265/1/37 1363/1/37
f 1364/1/38 266/1/38 364/1/38
f 1361/1/39 363/1/39 1364/1/39
f 1361/1/40 364/1/40 136/1/40
f 1365/1/41 205/1/41 281/1/41
f 1365/1/42 206/1/42 1366/1/42
f 1367/1/43 205/1/43 1366/1/43
f 1366/1/44 204/1/44 1367/1/44
f 1368/1/45 203/1/45 1367/1/45
f 1368/1/46 204/1/46 280/1/46
f 1368/1/47 281/1/47 279/1/47
f 1365/1/48 280/1/48 282/1/48
f 1370/1/49 9/1/49 1369/1/49
f 1370/1/50 10/1/50 4/1/50
f 1370/1/51 17/1/51 3/1/51
f 1370/1/52 18/1/52 1371/1/52
f 1372/1/53 17/1/53 1371/1/53
f 1372/1/54 18/1/54 88/1/54
f 1369/1/55 87/1/55 1372/1/55
f 1369/1/56 88/1/56 10/1/56
f 1374/1/57 401/1/57 1373/1/57
f 1374/1/58 402/1/58 414/1/58
f 1374/1/59 39/1/59 413/1/59
f 1374/1/60 40/1/60 1375/1/60
f 1376/1/61 39/1/61 1375/1/61
f 1376/1/62 40/1/62 42/1/62
f 1376/1/63 401/1/63 41/1/63
f 1376/1/64 402/1/64 1373/1/64
f 1377/1/65 301/1/65 19/1/65
f 1377/1/66 302/1/66 1378/1/66
f 1378/1/67 305/1/67 301/1/67
f 1378/1/68 306/1/68 1379/1/68
f 1380/1/69 305/1/69 1379/1/69
f 1380/1/70 306/1/70 12/1/70
f 1380/1/71 19/1/71 11/1/71
f 1380/1/72 20/1/72 1377/1/72
f 1381/1/73 127/1/73 129/1/73
f 1382/1/74 130/1/74 128/1/74
f 1382/1/75 97/1/75 127/1/75
f 1383/1/76 128/1/76 98/1/76
f 1384/1/77 97/1/77 1383/1/77
f 1383/1/78 112/1/78 1384/1/78
f 1381/1/79 111/1/79 1384/1/79
f 1384/1/80 130/1/80 1381/1/80
f 1385/1/81 399/1/81 403/1/81
f 1386/1/82 404/1/82 400/1/82
f 1387/1/83 399/1/83 1386/1/83
f 1386/1/84 412/1/84 1387/1/84
f 1387/1/85 25/1/85 411/1/85
f 1387/1/86 26/1/86 1388/1/86
f 1388/1/87 403/1/87 25/1/87
f 1385/1/88 26/1/88 404/1/88
f 1390/1/89 61/1/89 1389/1/89
f 1390/1/90 62/1/90 420/1/90
f 1390/1/91 55/1/91 419/1/91
f 1391/1/92 420/1/92 56/1/93
f 1391/1/94 63/1/94 55/1/94
f 1391/1/95 64/1/95 1392/1/95
f 1389/1/96 63/1/96 1392/1/96
f 1392/1/97 62/1/97 1389/1/97
f 1394/1/98 393/1/98 1393/1/98
f 1393/1/99 392/1/99 1394/1/99
f 1395/1/100 391/1/100 1394/1/100
f 1394/1/101 272/1/101 1395/1/101
f 1396/1/102 271/1/102 1395/1/102
f 1396/1/103 272/1/103 94/1/103
f 1393/1/104 93/1/104 1396/1/104
f 1396/1/105 394/1/105 1393/1/105
f 1397/1/106 11/1/106 19/1/106
f 1398/1/107 20/1/107 12/1/107
f 1399/1/108 11/1/108 1398/1/108
f 1398/1/109 16/1/109 1399/1/109
f 1400/1/110 15/1/110 1399/1/110
f 1399/1/111 14/1/111 1400/1/111
f 1397/1/112 13/1/112 1400/1/112
f 1400/1/113 20/1/113 1397/1/113
f 1401/1/114 85/1/114 53/1/114
f 1401/1/115 86/1/115 1402/1/115
f 1403/1/116 85/1/116 1402/1/116
f 1402/1/117 100/1/117 1403/1/117
f 1404/1/118 99/1/118 1403/1/118
f 1403/1/119 102/1/119 1404/1/119
f 1404/1/120 53/1/120 101/1/120
f 1401/1/121 102/1/121 54/1/121
f 1406/1/122 361/1/122 1405/1/122
f 1406/1/123 362/1/123 110/1/123
f 1406/1/124 321/1/124 109/1/124
f 1406/1/125 322/1/125 1407/1/125
f 1408/1/126 321/1/126 1407/1/126
f 1408/1/127 322/1/127 348/1/127
f 1408/1/128 361/1/128 347/1/128
f 1408/1/129 362/1/129 1405/1/129
f 1410/1/130 37/1/130 1409/1/130
f 1410/1/131 38/1/131 300/1/131
f 1410/1/132 417/1/132 299/1/132
f 1410/1/133 418/1/133 1411/1/133
f 1412/1/134 417/1/134 1411/1/134
f 1412/1/135 418/1/135 412/1/135
f 1412/1/136 37/1/136 411/1/136
f 1412/1/137 38/1/137 1409/1/137
f 1414/1/138 33/1/138 1413/1/138
f 1413/1/139 72/1/139 1414/1/139
f 1414/1/140 35/1/140 71/1/140
f 1415/1/141 72/1/141 36/1/141
f 1415/1/142 65/1/142 35/1/142
f 1416/1/143 36/1/143 66/1/143
f 1413/1/144 65/1/144 1416/1/144
f 1416/1/145 34/1/145 1413/1/145
f 1418/1/146 263/1/146 1417/1/146
f 1418/1/147 264/1/147 48/1/147
f 1418/1/148 43/1/148 47/1/148
f 1418/1/149 44/1/149 1419/1/149
f 1420/1/150 43/1/150 1419/1/150
f 1419/1/151 46/1/151 1420/1/151
f 1417/1/152 45/1/152 1420/1/152
f 1420/1/153 264/1/153 1417/1/153
f 1421/1/154 189/1/154 251/1/154
f 1421/1/155 190/1/155 1422/1/155
f 1422/1/156 143/1/156 189/1/156
f 1422/1/157 144/1/157 1423/1/157
f 1424/1/158 143/1/158 1423/1/158
f 1423/1/159 146/1/159 1424/1/159
f 1425/1/160 145/1/160 1424/1/160
f 1425/1/161 146/1/161 148/1/161
f 1426/1/162 147/1/162 1425/1/162
f 1426/1/163 148/1/163 256/1/163
f 1426/1/164 139/1/164 255/1/164
f 1426/1/165 140/1/165 1427/1/165
f 1428/1/166 139/1/166 1427/1/166
f 1428/1/167 140/1/167 142/1/167
f 1421/1/168 141/1/168 1428/1/168
f 1421/1/169 142/1/169 252/1/169
f 1429/1/170 69/1/171 35/1/172
f 1429/1/173 70/1/174 1430/1/175
f 1430/1/176 51/1/177 69/1/178
f 1430/1/179 52/1/180 1431/1/180
f 1432/1/181 51/1/181 1431/1/181
f 1432/1/182 52/1/182 86/1/182
f 1432/1/183 35/1/184 85/1/183
f 1432/1/185 36/1/186 1429/1/187
f 1434/1/188 123/1/189 1433/1/190
f 1434/1/191 124/1/192 116/1/191
f 1434/1/193 113/1/194 115/1/193
f 1434/1/195 114/1/196 1435/1/197
f 1436/1/198 113/1/199 1435/1/200
f 1436/1/201 114/1/202 298/1/203
f 1436/1/204 123/1/205 297/1/206
f 1436/1/207 124/1/208 1433/1/209
f 1438/1/210 419/1/210 1437/1/210
f 1438/1/211 420/1/211 58/1/211
f 1438/1/212 309/1/212 57/1/212
f 1438/1/213 310/1/213 1439/1/213
f 1440/1/214 309/1/214 1439/1/214
f 1440/1/215 310/1/215 56/1/215
f 1437/1/216 55/1/216 1440/1/216
f 1440/1/217 420/1/217 1437/1/217
f 1442/1/218 3/1/218 1441/1/218
f 1441/1/219 10/1/219 1442/1/219
f 1443/1/220 9/1/220 1442/1/220
f 1442/1/221 8/1/221 1443/1/221
f 1443/1/222 1/1/222 7/1/222
f 1444/1/223 8/1/223 2/1/223
f 1444/1/224 3/1/224 1/1/224
f 1444/1/225 4/1/225 1441/1/225
f 1445/1/226 67/1/227 65/1/228
f 1445/1/229 68/1/230 1446/1/231
f 1447/1/232 67/1/233 1446/1/234
f 1447/1/235 68/1/236 34/1/237
f 1445/1/238 33/1/239 1447/1/240
f 1445/1/241 34/1/242 66/1/243
f 1448/1/244 65/1/245 67/1/246
f 1448/1/247 66/1/248 1449/1/249
f 1449/1/250 325/1/251 65/1/252
f 1449/1/253 326/1/254 1450/1/255
f 1448/1/256 325/1/257 1450/1/258
f 1448/1/259 326/1/260 68/1/261
f 1452/1/262 35/1/263 1451/1/264
f 1452/1/265 36/1/266 316/1/267
f 1452/1/268 69/1/269 315/1/270
f 1452/1/271 70/1/272 1453/1/273
f 1451/1/274 69/1/275 1453/1/276
f 1451/1/277 70/1/278 36/1/279
f 1454/1/280 71/1/281 35/1/282
f 1454/1/283 72/1/284 1455/1/285
f 1455/1/286 315/1/287 71/1/288
f 1455/1/289 316/1/290 1456/1/291
f 1454/1/292 315/1/293 1456/1/294
f 1454/1/295 316/1/296 36/1/297
f 1458/1/298 379/1/298 1457/1/298
f 1458/1/299 380/1/299 92/1/299
f 1459/1/300 91/1/300 1458/1/300
f 1459/1/301 92/1/301 8/1/301
f 1460/1/302 7/1/302 1459/1/302
f 1460/1/303 8/1/303 90/1/303
f 1460/1/304 379/1/304 89/1/304
f 1460/1/305 380/1/305 1457/1/305
f 1461/1/306 49/1/306 77/1/306
f 1461/1/307 50/1/307 1462/1/307
f 1462/1/308 73/1/308 49/1/308
f 1462/1/309 74/1/309 1463/1/309
f 1463/1/310 75/1/310 73/1/310
f 1463/1/311 76/1/311 1464/1/311
f 1461/1/312 75/1/312 1464/1/312
f 1461/1/313 76/1/313 78/1/313
f 1466/1/314 437/1/314 1465/1/314
f 1466/1/315 438/1/315 440/1/315
f 1466/1/316 419/1/316 439/1/316
f 1467/1/317 440/1/317 420/1/317
f 1468/1/318 419/1/318 1467/1/318
f 1467/1/319 62/1/319 1468/1/319
f 1465/1/320 61/1/320 1468/1/320
f 1468/1/321 438/1/321 1465/1/321
f 1470/1/322 365/1/322 1469/1/322
f 1470/1/323 366/1/323 336/1/323
f 1471/1/324 335/1/324 1470/1/324
f 1471/1/325 336/1/325 332/1/325
f 1471/1/326 389/1/327 331/1/327
f 1471/1/328 390/1/328 1472/1/328
f 1469/1/329 389/1/329 1472/1/329
f 1469/1/330 390/1/330 366/1/330
f 1474/1/331 377/1/331 1473/1/331
f 1474/1/332 378/1/332 408/1/332
f 1474/1/333 9/1/333 407/1/333
f 1474/1/334 10/1/334 1475/1/334
f 1475/1/335 87/1/335 9/1/335
f 1475/1/336 88/1/336 1476/1/336
f 1476/1/337 377/1/337 87/1/337
f 1476/1/338 378/1/338 1473/1/338
f 1477/1/339 223/1/339 221/1/339
f 1477/1/340 224/1/340 1478/1/340
f 1478/1/341 261/1/341 223/1/341
f 1479/1/342 224/1/342 262/1/342
f 1480/1/343 261/1/343 1479/1/343
f 1479/1/344 260/1/344 1480/1/344
f 1477/1/345 259/1/345 1480/1/345
f 1477/1/346 260/1/346 222/1/346
f 1482/1/347 403/1/347 1481/1/348
f 1481/1/349 118/1/349 1482/1/349
f 1483/1/350 117/1/350 1482/1/350
f 1483/1/351 118/1/351 396/1/351
f 1483/1/352 399/1/352 395/1/352
f 1484/1/353 396/1/353 400/1/353
f 1481/1/354 399/1/354 1484/1/354
f 1484/1/355 404/1/355 1481/1/355
f 1485/1/356 311/1/357 309/1/358
f 1485/1/359 312/1/360 1486/1/360
f 1487/1/361 311/1/362 1486/1/362
f 1487/1/363 312/1/364 346/1/365
f 1487/1/366 55/1/367 345/1/368
f 1488/1/369 346/1/370 56/1/371
f 1488/1/372 309/1/373 55/1/374
f 1488/1/375 310/1/376 1485/1/377
f 1490/1/378 51/1/378 1489/1/378
f 1490/1/379 52/1/379 342/1/379
f 1491/1/380 341/1/380 1490/1/380
f 1491/1/381 342/1/381 100/1/381
f 1492/1/382 99/1/382 1491/1/382
f 1492/1/383 100/1/383 86/1/383
f 1492/1/384 51/1/385 85/1/385
f 1492/1/386 52/1/386 1489/1/386
f 1494/1/387 55/1/387 1493/1/387
f 1493/1/388 346/1/388 1494/1/388
f 1494/1/389 337/1/389 345/1/389
f 1495/1/390 346/1/390 338/1/390
f 1495/1/391 63/1/391 337/1/391
f 1496/1/392 338/1/392 64/1/392
f 1493/1/393 63/1/393 1496/1/393
f 1496/1/394 56/1/394 1493/1/394
f 1497/1/395 397/1/395 399/1/395
f 1497/1/396 398/1/396 1498/1/396
f 1499/1/397 397/1/397 1498/1/397
f 1498/1/398 38/1/398 1499/1/398
f 1500/1/399 37/1/399 1499/1/399
f 1500/1/400 38/1/400 412/1/400
f 1500/1/401 399/1/401 411/1/401
f 1497/1/402 412/1/402 400/1/402
f 1502/1/403 357/1/403 1501/1/403
f 1502/1/404 358/1/404 350/1/404
f 1502/1/405 105/1/405 349/1/405
f 1502/1/406 106/1/406 1503/1/406
f 1504/1/407 105/1/407 1503/1/407
f 1504/1/408 106/1/408 108/1/409
f 1504/1/410 357/1/410 107/1/410
f 1504/1/411 358/1/412 1501/1/412
f 1505/1/413 1/1/413 3/1/413
f 1506/1/414 4/1/414 2/1/414
f 1507/1/415 1/1/415 1506/1/415
f 1506/1/416 20/1/416 1507/1/416
f 1508/1/417 19/1/417 1507/1/417
f 1507/1/418 14/1/418 1508/1/418
f 1508/1/419 3/1/419 13/1/419
f 1505/1/420 14/1/420 4/1/420
f 1509/1/421 239/1/421 243/1/421
f 1510/1/422 244/1/422 240/1/422
f 1510/1/423 429/1/423 239/1/423
f 1510/1/424 430/1/424 1511/1/424
f 1511/1/425 433/1/425 429/1/425
f 1511/1/426 434/1/426 1512/1/426
f 1512/1/427 243/1/427 433/1/427
f 1512/1/428 244/1/428 1509/1/428
f 1514/1/429 29/1/429 1513/1/429
f 1513/1/430 28/1/430 1514/1/430
f 1515/1/431 27/1/431 1514/1/431
f 1515/1/432 28/1/432 48/1/432
f 1516/1/433 47/1/433 1515/1/433
f 1515/1/434 264/1/434 1516/1/434
f 1513/1/435 263/1/435 1516/1/435
f 1513/1/436 264/1/436 30/1/436
f 1518/1/437 117/1/438 1517/1/438
f 1518/1/439 118/1/440 404/1/441
f 1518/1/442 413/1/443 403/1/444
f 1518/1/445 414/1/446 1519/1/447
f 1520/1/448 413/1/449 1519/1/450
f 1520/1/451 414/1/452 402/1/451
f 1517/1/453 401/1/453 1520/1/453
f 1517/1/454 402/1/454 118/1/454
f 1522/1/455 121/1/455 1521/1/455
f 1522/1/456 122/1/456 382/1/456
f 1522/1/457 405/1/457 381/1/457
f 1522/1/458 406/1/458 1523/1/458
f 1524/1/459 405/1/459 1523/1/459
f 1524/1/460 406/1/460 120/1/460
f 1524/1/461 121/1/461 119/1/461
f 1524/1/462 122/1/462 1521/1/462
f 1526/1/463 305/1/463 1525/1/463
f 1525/1/464 308/1/464 1526/1/464
f 1527/1/465 307/1/465 1526/1/465
f 1527/1/466 308/1/466 396/1/466
f 1527/1/467 11/1/467 395/1/467
f 1528/1/468 396/1/468 12/1/468
f 1528/1/469 305/1/469 11/1/469
f 1528/1/470 306/1/470 1525/1/470
f 1529/1/471 407/1/471 113/1/471
f 1530/1/472 114/1/472 408/1/472
f 1530/1/473 377/1/473 407/1/473
f 1530/1/474 378/1/474 1531/1/474
f 1532/1/475 377/1/475 1531/1/475
f 1532/1/476 378/1/476 298/1/476
f 1532/1/477 113/1/477 297/1/477
f 1532/1/478 114/1/478 1529/1/478
f 1533/1/479 277/1/479 95/1/480
f 1533/1/481 278/1/481 1534/1/481
f 1534/1/482 131/1/482 277/1/482
f 1534/1/483 132/1/483 1535/1/483
f 1536/1/484 131/1/484 1535/1/484
f 1536/1/485 132/1/485 98/1/485
f 1533/1/486 97/1/486 1536/1/486
f 1536/1/487 96/1/487 1533/1/487
f 1538/1/488 283/1/488 1537/1/488
f 1538/1/489 284/1/489 134/1/489
f 1538/1/490 131/1/490 133/1/490
f 1539/1/491 134/1/491 132/1/491
f 1539/1/492 279/1/492 131/1/492
f 1539/1/493 280/1/493 1540/1/493
f 1540/1/494 283/1/494 279/1/494
f 1540/1/495 284/1/495 1537/1/495
f 1541/1/496 333/1/496 79/1/496
f 1541/1/497 334/1/497 1542/1/497
f 1543/1/498 333/1/498 1542/1/498
f 1543/1/499 334/1/499 82/1/499
f 1544/1/500 81/1/500 1543/1/500
f 1544/1/501 82/1/502 84/1/501
f 1541/1/503 83/1/503 1544/1/503
f 1541/1/504 84/1/504 80/1/504
f 1545/1/505 289/1/506 129/1/505
f 1545/1/507 290/1/508 1546/1/509
f 1546/1/510 287/1/511 289/1/512
f 1547/1/513 290/1/514 288/1/513
f 1548/1/515 287/1/515 1547/1/515
f 1548/1/516 288/1/516 128/1/516
f 1545/1/517 127/1/517 1548/1/517
f 1548/1/518 130/1/518 1545/1/518
f 1549/1/519 35/1/519 65/1/519
f 1549/1/520 36/1/520 1550/1/520
f 1550/1/521 85/1/521 35/1/521
f 1551/1/522 36/1/522 86/1/522
f 1551/1/523 53/1/523 85/1/523
f 1552/1/524 86/1/524 54/1/524
f 1549/1/525 53/1/525 1552/1/525
f 1552/1/526 66/1/526 1549/1/526
f 1554/1/527 171/1/527 1553/1/527
f 1554/1/528 172/1/528 168/1/528
f 1555/1/529 167/1/529 1554/1/529
f 1555/1/530 168/1/530 238/1/530
f 1555/1/531 173/1/531 237/1/531
f 1555/1/532 174/1/532 1556/1/532
f 1557/1/533 173/1/533 1556/1/533
f 1557/1/534 174/1/534 242/1/534
f 1557/1/535 169/1/535 241/1/535
f 1557/1/536 170/1/536 1558/1/536
f 1558/1/537 171/1/537 169/1/537
f 1558/1/538 172/1/538 1553/1/538
f 1560/1/539 355/1/539 1559/1/539
f 1560/1/540 356/1/540 416/1/540
f 1561/1/541 415/1/541 1560/1/541
f 1561/1/542 416/1/542 330/1/542
f 1562/1/543 329/1/543 1561/1/543
f 1562/1/544 330/1/545 352/1/544
f 1562/1/546 355/1/546 351/1/546
f 1562/1/547 356/1/547 1559/1/547
f 1564/1/548 161/1/548 1563/1/548
f 1564/1/549 162/1/549 164/1/549
f 1565/1/550 163/1/550 1564/1/550
f 1565/1/551 164/1/551 170/1/551
f 1566/1/552 169/1/552 1565/1/552
f 1566/1/553 170/1/553 242/1/553
f 1566/1/554 157/1/554 241/1/554
f 1566/1/555 158/1/555 1567/1/555
f 1568/1/556 157/1/556 1567/1/556
f 1568/1/557 158/1/557 160/1/557
f 1568/1/558 245/1/558 159/1/558
f 1568/1/559 246/1/559 1569/1/559
f 1570/1/560 245/1/560 1569/1/560
f 1570/1/561 246/1/561 238/1/561
f 1570/1/562 167/1/562 237/1/562
f 1570/1/563 168/1/563 1571/1/563
f 1571/1/564 165/1/564 167/1/564
f 1571/1/565 166/1/565 1572/1/565
f 1563/1/566 165/1/566 1572/1/566
f 1563/1/567 166/1/567 162/1/567
f 1574/1/568 153/1/568 1573/1/568
f 1574/1/569 154/1/569 190/1/569
f 1575/1/570 189/1/570 1574/1/570
f 1575/1/571 190/1/572 252/1/571
f 1575/1/573 149/1/573 251/1/573
f 1575/1/574 150/1/574 1576/1/574
f 1576/1/575 151/1/575 149/1/575
f 1577/1/576 150/1/576 152/1/576
f 1578/1/577 151/1/577 1577/1/577
f 1578/1/578 152/1/578 256/1/578
f 1578/1/579 147/1/579 255/1/579
f 1578/1/580 148/1/580 1579/1/580
f 1579/1/581 155/1/581 147/1/581
f 1579/1/582 156/1/582 1580/1/582
f 1573/1/583 155/1/583 1580/1/583
f 1580/1/584 154/1/584 1573/1/584
f 1581/1/585 163/1/585 169/1/585
f 1581/1/586 164/1/586 1582/1/586
f 1582/1/587 179/1/587 163/1/587
f 1582/1/588 180/1/588 1583/1/588
f 1583/1/589 175/1/589 179/1/589
f 1583/1/590 176/1/590 1584/1/590
f 1581/1/591 175/1/591 1584/1/591
f 1581/1/592 176/1/592 170/1/592
f 1585/1/593 153/1/593 189/1/593
f 1585/1/594 154/1/594 1586/1/594
f 1586/1/595 185/1/595 153/1/595
f 1586/1/596 186/1/596 1587/1/596
f 1588/1/597 185/1/597 1587/1/597
f 1587/1/598 192/1/598 1588/1/598
f 1585/1/599 191/1/599 1588/1/599
f 1585/1/600 192/1/600 190/1/600
f 1589/1/601 185/1/601 181/1/601
f 1589/1/602 186/1/602 1590/1/602
f 1591/1/603 185/1/603 1590/1/603
f 1591/1/604 186/1/604 154/1/604
f 1591/1/605 155/1/605 153/1/605
f 1591/1/606 156/1/606 1592/1/606
f 1592/1/607 181/1/607 155/1/607
f 1592/1/608 182/1/608 1589/1/608
f 1593/1/609 183/1/609 147/1/609
f 1593/1/610 184/1/610 1594/1/610
f 1594/1/611 181/1/611 183/1/611
f 1595/1/612 184/1/612 182/1/612
f 1596/1/613 181/1/613 1595/1/613
f 1596/1/614 182/1/614 156/1/614
f 1593/1/615 155/1/616 1596/1/616
f 1593/1/617 156/1/617 148/1/617
f 1598/1/618 175/1/618 1597/1/618
f 1598/1/619 176/1/619 178/1/619
f 1599/1/620 177/1/620 1598/1/620
f 1599/1/621 178/1/621 172/1/621
f 1600/1/622 171/1/623 1599/1/623
f 1600/1/624 172/1/624 170/1/624
f 1600/1/625 175/1/625 169/1/625
f 1600/1/626 176/1/626 1597/1/626
f 1601/1/627 103/1/627 101/1/627
f 1601/1/628 104/1/628 1602/1/628
f 1602/1/629 323/1/629 103/1/629
f 1602/1/630 324/1/630 1603/1/630
f 1604/1/631 323/1/631 1603/1/631
f 1604/1/632 324/1/632 54/1/632
f 1604/1/633 101/1/633 53/1/633
f 1604/1/634 102/1/634 1601/1/634
f 1606/1/635 145/1/635 1605/1/635
f 1606/1/636 146/1/636 144/1/636
f 1606/1/637 229/1/637 143/1/637
f 1606/1/638 230/1/638 1607/1/638
f 1608/1/639 229/1/639 1607/1/639
f 1608/1/640 230/1/640 188/1/640
f 1605/1/641 187/1/641 1608/1/641
f 1605/1/642 188/1/642 146/1/643
f 1609/1/644 233/1/644 161/1/644
f 1609/1/645 234/1/645 1610/1/645
f 1610/1/646 179/1/646 233/1/646
f 1610/1/647 180/1/647 1611/1/647
f 1612/1/648 179/1/648 1611/1/648
f 1612/1/649 180/1/649 164/1/649
f 1612/1/650 161/1/650 163/1/650
f 1612/1/651 162/1/651 1609/1/651
f 1614/1/652 235/1/652 1613/1/652
f 1614/1/653 236/1/653 232/1/653
f 1615/1/654 231/1/654 1614/1/654
f 1615/1/655 232/1/655 166/1/655
f 1616/1/656 165/1/656 1615/1/656
f 1616/1/657 166/1/657 168/1/657
f 1616/1/658 235/1/658 167/1/658
f 1616/1/659 236/1/659 1613/1/659
f 1618/1/660 235/1/660 1617/1/660
f 1618/1/661 236/1/661 168/1/661
f 1618/1/662 171/1/662 167/1/662
f 1618/1/663 172/1/663 1619/1/663
f 1619/1/664 177/1/664 171/1/664
f 1619/1/665 178/1/665 1620/1/665
f 1620/1/666 235/1/666 177/1/666
f 1620/1/667 236/1/667 1617/1/667
f 1621/1/668 165/1/668 161/1/668
f 1621/1/669 166/1/669 1622/1/669
f 1622/1/670 231/1/670 165/1/670
f 1622/1/671 232/1/671 1623/1/671
f 1623/1/672 233/1/672 231/1/672
f 1623/1/673 234/1/673 1624/1/673
f 1621/1/674 233/1/674 1624/1/674
f 1621/1/675 234/1/675 162/1/675
f 1625/1/676 145/1/676 147/1/676
f 1625/1/677 146/1/677 1626/1/677
f 1626/1/678 187/1/678 145/1/678
f 1626/1/679 188/1/679 1627/1/679
f 1628/1/680 187/1/680 1627/1/680
f 1627/1/681 184/1/681 1628/1/681
f 1625/1/682 183/1/682 1628/1/682
f 1625/1/683 184/1/683 148/1/683
f 1630/1/684 293/1/684 1629/1/684
f 1629/1/685 196/1/685 1630/1/685
f 1630/1/686 201/1/686 195/1/686
f 1630/1/687 202/1/687 1631/1/687
f 1631/1/688 199/1/688 201/1/688
f 1632/1/689 202/1/689 200/1/689
f 1629/1/690 199/1/690 1632/1/690
f 1629/1/691 200/1/691 294/1/691
f 1634/1/692 285/1/692 1633/1/692
f 1634/1/693 286/1/693 198/1/693
f 1634/1/694 201/1/694 197/1/694
f 1634/1/695 202/1/695 1635/1/695
f 1636/1/696 201/1/696 1635/1/696
f 1636/1/697 202/1/697 196/1/697
f 1636/1/698 285/1/698 195/1/698
f 1636/1/699 286/1/699 1633/1/699
f 1637/1/700 127/1/700 125/1/700
f 1638/1/701 126/1/701 128/1/701
f 1638/1/702 287/1/702 127/1/702
f 1638/1/703 288/1/703 1639/1/703
f 1640/1/704 287/1/704 1639/1/705
f 1640/1/706 288/1/707 292/1/706
f 1637/1/708 291/1/708 1640/1/708
f 1637/1/709 292/1/709 126/1/709
f 1642/1/710 131/1/710 1641/1/710
f 1641/1/711 134/1/711 1642/1/711
f 1643/1/712 133/1/713 1642/1/713
f 1643/1/714 134/1/715 112/1/716
f 1643/1/717 97/1/718 111/1/719
f 1644/1/720 112/1/721 98/1/720
f 1644/1/722 131/1/722 97/1/722
f 1644/1/723 132/1/723 1641/1/723
f 1646/1/724 99/1/724 1645/1/724
f 1645/1/725 354/1/725 1646/1/725
f 1646/1/726 343/1/726 353/1/726
f 1646/1/727 344/1/727 1647/1/727
f 1647/1/728 101/1/728 343/1/728
f 1648/1/729 344/1/729 102/1/729
f 1648/1/730 99/1/730 101/1/730
f 1645/1/731 102/1/731 100/1/731
f 1650/1/732 257/1/732 1649/1/732
f 1650/1/733 258/1/733 254/1/733
f 1650/1/734 247/1/734 253/1/734
f 1650/1/735 248/1/735 1651/1/735
f 1652/1/736 247/1/736 1651/1/736
f 1651/1/737 432/1/737 1652/1/737
f 1649/1/738 431/1/738 1652/1/738
f 1652/1/739 258/1/739 1649/1/739
f 1654/1/740 393/1/740 1653/1/740
f 1654/1/741 394/1/741 364/1/741
f 1655/1/742 363/1/742 1654/1/742
f 1655/1/743 364/1/743 266/1/743
f 1656/1/744 265/1/744 1655/1/744
f 1655/1/745 392/1/745 1656/1/745
f 1653/1/746 391/1/746 1656/1/746
f 1656/1/747 394/1/747 1653/1/747
f 1658/1/748 275/1/748 1657/1/748
f 1658/1/749 276/1/749 268/1/749
f 1658/1/750 269/1/750 267/1/750
f 1658/1/751 270/1/751 1659/1/751
f 1659/1/752 275/1/752 269/1/752
f 1659/1/753 276/1/753 1657/1/753
f 1661/1/754 267/1/754 1660/1/754
f 1661/1/755 268/1/755 276/1/755
f 1661/1/756 209/1/756 275/1/756
f 1661/1/757 210/1/757 1662/1/757
f 1660/1/758 209/1/758 1662/1/758
f 1660/1/759 210/1/759 268/1/759
f 1664/1/760 207/1/760 1663/1/760
f 1664/1/761 208/1/761 212/1/761
f 1664/1/762 213/1/762 211/1/762
f 1664/1/763 214/1/763 1665/1/763
f 1663/1/764 213/1/764 1665/1/764
f 1663/1/765 214/1/765 208/1/765
f 1666/1/766 211/1/766 213/1/766
f 1666/1/767 212/1/767 1667/1/767
f 1667/1/768 215/1/768 211/1/768
f 1667/1/769 216/1/769 1668/1/769
f 1666/1/770 215/1/770 1668/1/770
f 1666/1/771 216/1/771 214/1/771
f 1670/1/772 259/1/772 1669/1/772
f 1670/1/773 260/1/773 218/1/773
f 1670/1/774 219/1/774 217/1/774
f 1670/1/775 220/1/775 1671/1/775
f 1669/1/776 219/1/776 1671/1/776
f 1669/1/777 220/1/777 260/1/777
f 1673/1/778 217/1/778 1672/1/778
f 1673/1/779 218/1/779 260/1/779
f 1673/1/780 261/1/780 259/1/780
f 1673/1/781 262/1/781 1674/1/781
f 1674/1/782 217/1/782 261/1/782
f 1674/1/783 218/1/783 1672/1/783
f 1675/1/784 355/1/784 415/1/784
f 1676/1/785 416/1/785 356/1/785
f 1676/1/786 359/1/786 355/1/786
f 1676/1/787 360/1/787 1677/1/787
f 1678/1/788 359/1/788 1677/1/788
f 1677/1/789 410/1/789 1678/1/789
f 1675/1/790 409/1/790 1678/1/790
f 1678/1/791 416/1/791 1675/1/791
f 1680/1/792 223/1/792 1679/1/792
f 1680/1/793 224/1/793 222/1/793
f 1680/1/794 225/1/794 221/1/794
f 1680/1/795 226/1/795 1681/1/795
f 1679/1/796 225/1/796 1681/1/796
f 1679/1/797 226/1/797 224/1/797
f 1682/1/798 221/1/798 225/1/798
f 1682/1/799 222/1/799 1683/1/799
f 1683/1/800 227/1/800 221/1/800
f 1683/1/801 228/1/801 1684/1/801
f 1682/1/802 227/1/802 1684/1/802
f 1682/1/803 228/1/803 226/1/803
f 1685/1/804 97/1/804 95/1/804
f 1686/1/805 96/1/805 98/1/805
f 1686/1/806 127/1/806 97/1/806
f 1686/1/807 128/1/807 1687/1/807
f 1688/1/808 127/1/808 1687/1/808
f 1687/1/809 126/1/809 1688/1/809
f 1688/1/810 95/1/810 125/1/810
f 1688/1/811 96/1/811 1685/1/811
f 1689/1/812 181/1/812 185/1/812
f 1689/1/813 182/1/813 1690/1/813
f 1690/1/814 183/1/814 181/1/814
f 1690/1/815 184/1/815 1691/1/815
f 1692/1/816 183/1/816 1691/1/816
f 1692/1/817 184/1/817 188/1/817
f 1692/1/818 229/1/818 187/1/818
f 1693/1/819 188/1/819 230/1/819
f 1694/1/820 229/1/820 1693/1/820
f 1694/1/821 230/1/821 192/1/821
f 1689/1/822 191/1/822 1694/1/822
f 1694/1/823 186/1/823 1689/1/823
f 1696/1/824 79/1/824 1695/1/824
f 1695/1/825 84/1/825 1696/1/825
f 1697/1/826 83/1/826 1696/1/826
f 1696/1/827 50/1/827 1697/1/827
f 1697/1/828 77/1/828 49/1/828
f 1698/1/829 50/1/829 78/1/829
f 1698/1/830 79/1/830 77/1/830
f 1695/1/831 78/1/831 80/1/831
f 1700/1/832 175/1/832 1699/1/832
f 1699/1/833 180/1/833 1700/1/833
f 1700/1/834 233/1/834 179/1/834
f 1701/1/835 180/1/835 234/1/835
f 1701/1/836 231/1/836 233/1/836
f 1702/1/837 234/1/837 232/1/837
f 1703/1/838 231/1/838 1702/1/838
f 1703/1/839 232/1/839 236/1/839
f 1703/1/840 177/1/840 235/1/840
f 1704/1/841 236/1/841 178/1/841
f 1699/1/842 177/1/842 1704/1/842
f 1704/1/843 176/1/843 1699/1/843
f 1705/1/844 255/1/845 253/1/846
f 1705/1/847 256/1/848 1706/1/848
f 1707/1/849 255/1/849 1706/1/849
f 1706/1/850 152/1/850 1707/1/850
f 1708/1/851 151/1/851 1707/1/851
f 1708/1/852 152/1/852 250/1/852
f 1705/1/853 249/1/853 1708/1/853
f 1708/1/854 254/1/855 1705/1/856
f 1709/1/857 151/1/857 249/1/857
f 1709/1/858 152/1/858 1710/1/858
f 1711/1/859 151/1/859 1710/1/859
f 1710/1/860 150/1/860 1711/1/860
f 1712/1/861 149/1/861 1711/1/861
f 1712/1/862 150/1/862 424/1/862
f 1709/1/863 423/1/863 1712/1/863
f 1712/1/864 250/1/864 1709/1/864
f 1714/1/865 141/1/865 1713/1/865
f 1714/1/866 142/1/866 434/1/866
f 1715/1/867 433/1/868 1714/1/868
f 1715/1/869 434/1/870 430/1/871
f 1715/1/872 251/1/873 429/1/874
f 1715/1/875 252/1/876 1716/1/876
f 1713/1/877 251/1/877 1716/1/877
f 1716/1/878 142/1/878 1713/1/878
f 1717/1/879 257/1/879 253/1/879
f 1718/1/880 254/1/880 258/1/880
f 1718/1/881 139/1/881 257/1/881
f 1718/1/882 140/1/882 1719/1/882
f 1719/1/883 255/1/883 139/1/883
f 1719/1/884 256/1/884 1720/1/884
f 1717/1/885 255/1/885 1720/1/885
f 1717/1/886 256/1/886 254/1/886
f 1722/1/887 243/1/887 1721/1/887
f 1722/1/888 244/1/888 432/1/888
f 1722/1/889 157/1/889 431/1/889
f 1722/1/890 158/1/890 1723/1/890
f 1724/1/891 157/1/891 1723/1/891
f 1724/1/892 158/1/892 242/1/892
f 1721/1/893 241/1/893 1724/1/893
f 1721/1/894 242/1/894 244/1/894
f 1726/1/895 245/1/895 1725/1/895
f 1725/1/896 160/1/896 1726/1/896
f 1727/1/897 159/1/897 1726/1/897
f 1727/1/898 160/1/898 248/1/898
f 1728/1/899 247/1/899 1727/1/899
f 1728/1/900 248/1/900 426/1/900
f 1728/1/901 245/1/901 425/1/901
f 1728/1/902 246/1/902 1725/1/902
f 1730/1/903 241/1/903 1729/1/903
f 1730/1/904 242/1/904 174/1/904
f 1731/1/905 173/1/905 1730/1/905
f 1731/1/906 174/1/906 240/1/906
f 1732/1/907 239/1/907 1731/1/907
f 1731/1/908 244/1/908 1732/1/908
f 1732/1/909 241/1/909 243/1/909
f 1732/1/910 242/1/910 1729/1/910
f 1733/1/911 159/1/911 247/1/911
f 1733/1/912 160/1/912 1734/1/912
f 1735/1/913 159/1/913 1734/1/913
f 1734/1/914 158/1/914 1735/1/914
f 1736/1/915 157/1/915 1735/1/915
f 1736/1/916 158/1/916 432/1/916
f 1736/1/917 247/1/917 431/1/917
f 1733/1/918 432/1/918 248/1/918
f 1738/1/919 139/1/919 1737/1/919
f 1738/1/920 140/1/920 258/1/920
f 1738/1/921 433/1/921 257/1/921
f 1738/1/922 434/1/922 1739/1/922
f 1739/1/923 141/1/923 433/1/923
f 1739/1/924 142/1/924 1740/1/924
f 1737/1/925 141/1/925 1740/1/925
f 1740/1/926 140/1/926 1737/1/926
f 1742/1/927 331/1/927 1741/1/927
f 1742/1/928 332/1/928 336/1/928
f 1743/1/929 335/1/929 1742/1/929
f 1743/1/930 336/1/930 82/1/930
f 1744/1/931 81/1/931 1743/1/931
f 1744/1/932 82/1/932 334/1/932
f 1744/1/933 331/1/933 333/1/934
f 1744/1/935 332/1/935 1741/1/935
f 1746/1/936 237/1/936 1745/1/936
f 1746/1/937 238/1/937 428/1/937
f 1746/1/938 239/1/938 427/1/938
f 1747/1/939 428/1/939 240/1/939
f 1747/1/940 173/1/940 239/1/940
f 1747/1/941 174/1/941 1748/1/941
f 1748/1/942 237/1/942 173/1/942
f 1745/1/943 174/1/943 238/1/943
f 1750/1/944 237/1/944 1749/1/944
f 1750/1/945 238/1/945 246/1/945
f 1751/1/946 245/1/946 1750/1/946
f 1751/1/947 246/1/947 426/1/947
f 1752/1/948 425/1/948 1751/1/948
f 1752/1/949 426/1/949 428/1/949
f 1752/1/950 237/1/950 427/1/950
f 1752/1/951 238/1/951 1749/1/951
f 1753/1/952 393/1/952 363/1/952
f 1753/1/953 394/1/953 1754/1/953
f 1754/1/954 221/1/954 393/1/954
f 1754/1/955 222/1/955 1755/1/955
f 1753/1/956 221/1/956 1755/1/956
f 1753/1/957 222/1/957 364/1/957
f 1756/1/958 27/1/958 269/1/958
f 1757/1/959 270/1/959 28/1/959
f 1757/1/960 273/1/960 27/1/960
f 1757/1/961 274/1/961 1758/1/961
f 1759/1/962 273/1/962 1758/1/962
f 1758/1/963 276/1/964 1759/1/964
f 1756/1/965 275/1/965 1759/1/965
f 1759/1/966 270/1/966 1756/1/966
f 1761/1/967 363/1/968 1760/1/968
f 1761/1/969 364/1/969 222/1/969
f 1761/1/970 259/1/970 221/1/970
f 1761/1/971 260/1/971 1762/1/971
f 1760/1/972 259/1/972 1762/1/972
f 1760/1/973 260/1/973 364/1/973
f 1763/1/974 137/1/974 265/1/974
f 1764/1/975 266/1/975 138/1/975
f 1765/1/976 137/1/976 1764/1/976
f 1764/1/977 216/1/977 1765/1/977
f 1766/1/978 215/1/978 1765/1/978
f 1766/1/979 216/1/979 212/1/979
f 1766/1/980 265/1/980 211/1/980
f 1763/1/981 212/1/981 266/1/981
f 1768/1/982 93/1/982 1767/1/982
f 1768/1/983 94/1/983 226/1/984
f 1768/1/985 227/1/985 225/1/985
f 1768/1/986 228/1/986 1769/1/986
f 1767/1/987 227/1/987 1769/1/987
f 1767/1/988 228/1/988 94/1/988
f 1770/1/989 31/1/989 93/1/989
f 1770/1/990 32/1/990 1771/1/990
f 1771/1/991 225/1/991 31/1/991
f 1771/1/992 226/1/992 1772/1/992
f 1770/1/993 225/1/993 1772/1/993
f 1770/1/994 226/1/994 94/1/994
f 1773/1/995 135/1/995 45/1/995
f 1773/1/996 136/1/996 1774/1/996
f 1774/1/997 219/1/997 135/1/997
f 1774/1/998 220/1/998 1775/1/998
f 1773/1/999 219/1/999 1775/1/999
f 1773/1/1000 220/1/1000 46/1/1000
f 1776/1/1001 263/1/1001 261/1/1001
f 1777/1/1002 262/1/1002 264/1/1002
f 1778/1/1003 263/1/1003 1777/1/1003
f 1778/1/1004 264/1/1004 46/1/1004
f 1779/1/1005 45/1/1005 1778/1/1005
f 1778/1/1006 218/1/1007 1779/1/1007
f 1779/1/1008 261/1/1008 217/1/1008
f 1779/1/1009 262/1/1009 1776/1/1009
f 1781/1/1010 45/1/1010 1780/1/1010
f 1781/1/1011 46/1/1011 220/1/1011
f 1781/1/1012 217/1/1012 219/1/1012
f 1781/1/1013 218/1/1013 1782/1/1013
f 1780/1/1014 217/1/1014 1782/1/1014
f 1780/1/1015 218/1/1015 46/1/1015
f 1783/1/1016 219/1/1016 259/1/1016
f 1784/1/1017 260/1/1017 220/1/1017
f 1784/1/1018 135/1/1018 219/1/1018
f 1785/1/1019 220/1/1019 136/1/1019
f 1786/1/1020 135/1/1020 1785/1/1020
f 1786/1/1021 136/1/1021 364/1/1021
f 1783/1/1022 363/1/1022 1786/1/1022
f 1786/1/1023 260/1/1023 1783/1/1023
f 1788/1/1024 29/1/1024 1787/1/1024
f 1788/1/1025 30/1/1025 262/1/1025
f 1788/1/1026 223/1/1026 261/1/1026
f 1788/1/1027 224/1/1027 1789/1/1027
f 1787/1/1028 223/1/1028 1789/1/1028
f 1787/1/1029 224/1/1029 30/1/1029
f 1790/1/1030 263/1/1030 29/1/1030
f 1790/1/1031 264/1/1031 1791/1/1031
f 1791/1/1032 261/1/1032 263/1/1032
f 1791/1/1033 262/1/1033 1792/1/1033
f 1790/1/1034 261/1/1034 1792/1/1034
f 1790/1/1035 262/1/1035 30/1/1035
f 1793/1/1036 215/1/1036 43/1/1036
f 1793/1/1037 216/1/1037 1794/1/1037
f 1795/1/1038 215/1/1038 1794/1/1038
f 1795/1/1039 216/1/1039 138/1/1039
f 1793/1/1040 137/1/1040 1795/1/1040
f 1793/1/1041 138/1/1041 44/1/1041
f 1796/1/1042 271/1/1042 209/1/1042
f 1797/1/1043 210/1/1043 272/1/1043
f 1797/1/1044 391/1/1044 271/1/1044
f 1798/1/1045 272/1/1045 392/1/1045
f 1799/1/1046 391/1/1046 1798/1/1046
f 1798/1/1047 268/1/1047 1799/1/1048
f 1799/1/1049 209/1/1049 267/1/1049
f 1796/1/1050 268/1/1050 210/1/1050
f 1800/1/1051 43/1/1051 215/1/1051
f 1800/1/1052 44/1/1052 1801/1/1052
f 1801/1/1053 213/1/1053 43/1/1053
f 1801/1/1054 214/1/1054 1802/1/1054
f 1800/1/1055 213/1/1055 1802/1/1055
f 1800/1/1056 214/1/1056 216/1/1056
f 1804/1/1057 393/1/1057 1803/1/1057
f 1804/1/1058 394/1/1058 94/1/1058
f 1805/1/1059 93/1/1059 1804/1/1059
f 1804/1/1060 228/1/1060 1805/1/1060
f 1805/1/1061 221/1/1061 227/1/1061
f 1805/1/1062 222/1/1062 1806/1/1062
f 1806/1/1063 393/1/1063 221/1/1063
f 1803/1/1064 222/1/1064 394/1/1064
f 1807/1/1065 265/1/1065 267/1/1065
f 1807/1/1066 266/1/1066 1808/1/1066
f 1808/1/1067 211/1/1067 265/1/1067
f 1808/1/1068 212/1/1068 1809/1/1068
f 1807/1/1069 211/1/1069 1809/1/1069
f 1807/1/1070 212/1/1070 268/1/1070
f 1810/1/1071 267/1/1071 265/1/1072
f 1810/1/1073 268/1/1073 1811/1/1073
f 1812/1/1074 267/1/1074 1811/1/1074
f 1812/1/1075 268/1/1075 392/1/1075
f 1810/1/1076 391/1/1076 1812/1/1076
f 1810/1/1077 392/1/1077 266/1/1077
f 1813/1/1078 207/1/1078 27/1/1078
f 1813/1/1079 208/1/1079 1814/1/1079
f 1815/1/1080 207/1/1080 1814/1/1080
f 1815/1/1081 208/1/1081 48/1/1081
f 1813/1/1082 47/1/1082 1815/1/1082
f 1813/1/1083 48/1/1083 28/1/1083
f 1817/1/1084 121/1/1084 1816/1/1084
f 1817/1/1085 122/1/1085 312/1/1085
f 1817/1/1086 309/1/1086 311/1/1086
f 1818/1/1087 312/1/1087 310/1/1087
f 1819/1/1088 309/1/1088 1818/1/1088
f 1819/1/1089 310/1/1089 382/1/1089
f 1819/1/1090 121/1/1090 381/1/1090
f 1819/1/1091 122/1/1091 1816/1/1091
f 1820/1/1092 27/1/1092 207/1/1092
f 1820/1/1093 28/1/1093 1821/1/1093
f 1821/1/1094 269/1/1094 27/1/1094
f 1821/1/1095 270/1/1095 1822/1/1095
f 1820/1/1096 269/1/1096 1822/1/1096
f 1820/1/1097 270/1/1097 208/1/1097
f 1823/1/1098 271/1/1098 275/1/1098
f 1823/1/1099 272/1/1099 1824/1/1099
f 1824/1/1100 209/1/1101 271/1/1102
f 1824/1/1103 210/1/1103 1825/1/1103
f 1823/1/1104 209/1/1104 1825/1/1104
f 1823/1/1105 210/1/1105 276/1/1105
f 1826/1/1106 29/1/1106 31/1/1106
f 1827/1/1107 32/1/1107 30/1/1107
f 1828/1/1108 29/1/1108 1827/1/1108
f 1827/1/1109 224/1/1109 1828/1/1109
f 1828/1/1110 225/1/1110 223/1/1110
f 1828/1/1111 226/1/1111 1829/1/1111
f 1829/1/1112 31/1/1112 225/1/1112
f 1826/1/1113 226/1/1113 32/1/1113
f 1830/1/1114 275/1/1114 271/1/1114
f 1830/1/1115 276/1/1115 1831/1/1115
f 1832/1/1116 275/1/1116 1831/1/1116
f 1832/1/1117 276/1/1117 274/1/1117
f 1830/1/1118 273/1/1118 1832/1/1118
f 1830/1/1119 274/1/1119 272/1/1119
f 1834/1/1120 195/1/1120 1833/1/1120
f 1834/1/1121 196/1/1121 294/1/1121
f 1835/1/1122 293/1/1122 1834/1/1122
f 1835/1/1123 294/1/1123 292/1/1123
f 1836/1/1124 291/1/1124 1835/1/1124
f 1836/1/1125 292/1/1125 288/1/1125
f 1836/1/1126 195/1/1126 287/1/1126
f 1836/1/1127 196/1/1127 1833/1/1127
f 1838/1/1128 285/1/1128 1837/1/1128
f 1838/1/1129 286/1/1129 196/1/1129
f 1839/1/1130 195/1/1130 1838/1/1130
f 1839/1/1131 196/1/1131 288/1/1131
f 1840/1/1132 287/1/1132 1839/1/1132
f 1839/1/1133 290/1/1133 1840/1/1133
f 1840/1/1134 285/1/1134 289/1/1134
f 1840/1/1135 286/1/1135 1837/1/1135
f 1841/1/1136 91/1/1136 7/1/1136
f 1841/1/1137 92/1/1137 1842/1/1137
f 1842/1/1138 5/1/1138 91/1/1138
f 1842/1/1139 6/1/1139 1843/1/1139
f 1844/1/1140 5/1/1140 1843/1/1140
f 1844/1/1141 6/1/1141 2/1/1141
f 1844/1/1142 7/1/1142 1/1/1142
f 1844/1/1143 8/1/1143 1841/1/1143
f 1846/1/1144 317/1/1144 1845/1/1144
f 1846/1/1145 318/1/1145 348/1/1145
f 1847/1/1146 347/1/1146 1846/1/1146
f 1847/1/1147 348/1/1147 342/1/1147
f 1848/1/1148 341/1/1148 1847/1/1148
f 1848/1/1149 342/1/1149 52/1/1149
f 1848/1/1150 317/1/1150 51/1/1150
f 1848/1/1151 318/1/1151 1845/1/1151
f 1849/1/1152 421/1/1152 295/1/1152
f 1849/1/1153 422/1/1153 1850/1/1153
f 1850/1/1154 87/1/1154 421/1/1154
f 1850/1/1155 88/1/1155 1851/1/1155
f 1849/1/1156 87/1/1156 1851/1/1156
f 1849/1/1157 88/1/1157 296/1/1157
f 1852/1/1158 87/1/1158 377/1/1158
f 1852/1/1159 88/1/1159 1853/1/1159
f 1853/1/1160 421/1/1160 87/1/1160
f 1853/1/1161 422/1/1161 1854/1/1161
f 1852/1/1162 421/1/1163 1854/1/1164
f 1852/1/1165 422/1/1165 378/1/1165
f 1856/1/1166 295/1/1166 1855/1/1166
f 1856/1/1167 296/1/1167 88/1/1167
f 1856/1/1168 17/1/1168 87/1/1168
f 1856/1/1169 18/1/1169 1857/1/1169
f 1855/1/1170 17/1/1170 1857/1/1170
f 1855/1/1171 18/1/1171 296/1/1171
f 1859/1/1172 421/1/1172 1858/1/1172
f 1859/1/1173 422/1/1174 298/1/1173
f 1859/1/1175 377/1/1176 297/1/1175
f 1859/1/1177 378/1/1177 1860/1/1177
f 1858/1/1178 377/1/1178 1860/1/1178
f 1858/1/1179 378/1/1179 422/1/1179
f 1862/1/1180 17/1/1180 1861/1/1180
f 1862/1/1181 18/1/1181 24/1/1181
f 1862/1/1182 295/1/1182 23/1/1182
f 1862/1/1183 296/1/1183 1863/1/1183
f 1861/1/1184 295/1/1185 1863/1/1184
f 1861/1/1186 296/1/1186 18/1/1186
f 1865/1/1187 297/1/1187 1864/1/1187
f 1865/1/1188 298/1/1188 422/1/1188
f 1865/1/1189 59/1/1189 421/1/1189
f 1865/1/1190 60/1/1190 1866/1/1190
f 1866/1/1191 297/1/1191 59/1/1191
f 1866/1/1192 298/1/1192 1864/1/1192
f 1868/1/1193 203/1/1193 1867/1/1193
f 1868/1/1194 204/1/1194 194/1/1194
f 1868/1/1195 283/1/1196 193/1/1195
f 1868/1/1197 284/1/1198 1869/1/1199
f 1870/1/1200 283/1/1201 1869/1/1202
f 1870/1/1203 284/1/1204 280/1/1203
f 1870/1/1205 203/1/1205 279/1/1205
f 1870/1/1206 204/1/1206 1867/1/1206
f 1871/1/1207 305/1/1207 299/1/1207
f 1871/1/1208 306/1/1208 1872/1/1208
f 1873/1/1209 305/1/1209 1872/1/1209
f 1872/1/1210 302/1/1210 1873/1/1210
f 1874/1/1211 301/1/1211 1873/1/1211
f 1874/1/1212 302/1/1212 304/1/1212
f 1871/1/1213 303/1/1213 1874/1/1213
f 1874/1/1214 300/1/1214 1871/1/1214
f 1875/1/1215 401/1/1215 21/1/1215
f 1875/1/1216 402/1/1216 1876/1/1216
f 1876/1/1217 41/1/1217 401/1/1217
f 1876/1/1218 42/1/1218 1877/1/1219
f 1875/1/1220 41/1/1220 1877/1/1221
f 1875/1/1222 42/1/1222 22/1/1222
f 1879/1/1223 37/1/1223 1878/1/1223
f 1879/1/1224 38/1/1224 398/1/1224
f 1879/1/1225 307/1/1225 397/1/1225
f 1879/1/1226 308/1/1226 1880/1/1226
f 1881/1/1227 307/1/1227 1880/1/1227
f 1881/1/1228 308/1/1228 300/1/1228
f 1881/1/1229 37/1/1229 299/1/1229
f 1881/1/1230 38/1/1230 1878/1/1230
f 1883/1/1231 323/1/1231 1882/1/1231
f 1883/1/1232 324/1/1232 326/1/1232
f 1884/1/1233 325/1/1233 1883/1/1233
f 1884/1/1234 326/1/1234 66/1/1234
f 1885/1/1235 65/1/1235 1884/1/1235
f 1885/1/1236 66/1/1236 54/1/1236
f 1885/1/1237 323/1/1238 53/1/1237
f 1885/1/1239 324/1/1239 1882/1/1239
f 1886/1/1240 5/1/1240 301/1/1240
f 1886/1/1241 6/1/1241 1887/1/1241
f 1887/1/1242 303/1/1242 5/1/1242
f 1887/1/1243 304/1/1243 1888/1/1243
f 1886/1/1244 303/1/1244 1888/1/1244
f 1886/1/1245 304/1/1246 302/1/1245
f 1889/1/1247 303/1/1247 91/1/1247
f 1889/1/1248 304/1/1248 1890/1/1248
f 1890/1/1249 5/1/1249 303/1/1249
f 1890/1/1250 6/1/1250 1891/1/1250
f 1889/1/1251 5/1/1251 1891/1/1251
f 1889/1/1252 6/1/1252 92/1/1252
f 1893/1/1253 307/1/1253 1892/1/1253
f 1893/1/1254 308/1/1254 306/1/1254
f 1893/1/1255 299/1/1255 305/1/1255
f 1893/1/1256 300/1/1256 1894/1/1256
f 1892/1/1257 299/1/1257 1894/1/1257
f 1892/1/1258 300/1/1258 308/1/1258
f 1896/1/1259 279/1/1259 1895/1/1259
f 1896/1/1260 280/1/1260 132/1/1260
f 1896/1/1261 277/1/1261 131/1/1261
f 1896/1/1262 278/1/1262 1897/1/1262
f 1897/1/1263 281/1/1263 277/1/1263
f 1897/1/1264 282/1/1264 1898/1/1264
f 1898/1/1265 279/1/1265 281/1/1265
f 1898/1/1266 280/1/1266 1895/1/1266
f 1900/1/1267 57/1/1267 1899/1/1267
f 1900/1/1268 58/1/1268 304/1/1268
f 1900/1/1269 91/1/1269 303/1/1269
f 1900/1/1270 92/1/1270 1901/1/1270
f 1899/1/1271 91/1/1271 1901/1/1271
f 1899/1/1272 92/1/1272 58/1/1272
f 1903/1/1273 91/1/1273 1902/1/1273
f 1903/1/1274 92/1/1274 380/1/1274
f 1903/1/1275 57/1/1275 379/1/1275
f 1903/1/1276 58/1/1276 1904/1/1276
f 1902/1/1277 57/1/1278 1904/1/1277
f 1902/1/1279 58/1/1279 92/1/1279
f 1905/1/1280 57/1/1280 381/1/1280
f 1905/1/1281 58/1/1281 1906/1/1281
f 1906/1/1282 379/1/1283 57/1/1283
f 1906/1/1284 380/1/1284 1907/1/1284
f 1905/1/1285 379/1/1285 1907/1/1285
f 1905/1/1286 380/1/1286 382/1/1286
f 1908/1/1287 381/1/1287 57/1/1287
f 1908/1/1288 382/1/1288 1909/1/1288
f 1910/1/1289 381/1/1290 1909/1/1290
f 1910/1/1291 382/1/1291 310/1/1291
f 1908/1/1292 309/1/1292 1910/1/1292
f 1908/1/1293 310/1/1293 58/1/1293
f 1912/1/1294 59/1/1294 1911/1/1294
f 1911/1/1295 340/1/1295 1912/1/1295
f 1912/1/1296 123/1/1296 339/1/1296
f 1912/1/1297 124/1/1297 1913/1/1297
f 1914/1/1298 123/1/1298 1913/1/1298
f 1914/1/1299 124/1/1299 298/1/1299
f 1914/1/1300 59/1/1301 297/1/1301
f 1914/1/1302 60/1/1302 1911/1/1302
f 1916/1/1303 329/1/1303 1915/1/1303
f 1916/1/1304 330/1/1304 372/1/1304
f 1917/1/1305 371/1/1305 1916/1/1305
f 1917/1/1306 372/1/1306 68/1/1306
f 1918/1/1307 67/1/1307 1917/1/1307
f 1918/1/1308 68/1/1308 326/1/1308
f 1918/1/1309 329/1/1309 325/1/1309
f 1918/1/1310 330/1/1310 1915/1/1310
f 1919/1/1311 69/1/1311 317/1/1311
f 1919/1/1312 70/1/1312 1920/1/1312
f 1920/1/1313 383/1/1313 69/1/1313
f 1920/1/1314 384/1/1314 1921/1/1314
f 1919/1/1315 383/1/1315 1921/1/1315
f 1919/1/1316 384/1/1316 318/1/1316
f 1922/1/1317 317/1/1317 69/1/1317
f 1922/1/1318 318/1/1318 1923/1/1318
f 1924/1/1319 317/1/1319 1923/1/1319
f 1924/1/1320 318/1/1320 52/1/1320
f 1922/1/1321 51/1/1321 1924/1/1321
f 1922/1/1322 52/1/1322 70/1/1322
f 1925/1/1323 349/1/1323 103/1/1323
f 1925/1/1324 350/1/1324 1926/1/1324
f 1926/1/1325 351/1/1325 349/1/1325
f 1926/1/1326 352/1/1326 1927/1/1326
f 1928/1/1327 351/1/1327 1927/1/1327
f 1928/1/1328 352/1/1328 324/1/1328
f 1928/1/1329 103/1/1329 323/1/1329
f 1928/1/1330 104/1/1330 1925/1/1330
f 1930/1/1331 347/1/1331 1929/1/1331
f 1930/1/1332 348/1/1333 320/1/1333
f 1930/1/1334 341/1/1334 319/1/1334
f 1930/1/1335 342/1/1335 1931/1/1335
f 1931/1/1336 347/1/1336 341/1/1336
f 1931/1/1337 348/1/1337 1929/1/1337
f 1933/1/1338 319/1/1338 1932/1/1338
f 1933/1/1339 320/1/1339 348/1/1339
f 1933/1/1340 321/1/1340 347/1/1340
f 1933/1/1341 322/1/1341 1934/1/1341
f 1932/1/1342 321/1/1342 1934/1/1342
f 1932/1/1343 322/1/1343 320/1/1343
f 1935/1/1344 251/1/1344 149/1/1344
f 1936/1/1345 150/1/1345 252/1/1345
f 1937/1/1346 251/1/1347 1936/1/1347
f 1937/1/1348 252/1/1349 430/1/1350
f 1938/1/1351 429/1/1352 1937/1/1353
f 1937/1/1354 424/1/1355 1938/1/1355
f 1938/1/1356 149/1/1356 423/1/1356
f 1938/1/1357 150/1/1357 1935/1/1357
f 1940/1/1358 351/1/1358 1939/1/1358
f 1940/1/1359 352/1/1360 326/1/1360
f 1940/1/1361 323/1/1361 325/1/1361
f 1940/1/1362 324/1/1362 1941/1/1362
f 1941/1/1363 351/1/1363 323/1/1363
f 1941/1/1364 352/1/1364 1939/1/1364
f 1942/1/1365 349/1/1365 327/1/1365
f 1942/1/1366 350/1/1367 1943/1/1366
f 1944/1/1368 349/1/1368 1943/1/1368
f 1944/1/1369 350/1/1369 104/1/1369
f 1942/1/1370 103/1/1370 1944/1/1370
f 1942/1/1371 104/1/1371 328/1/1371
f 1945/1/1372 327/1/1372 349/1/1372
f 1945/1/1373 328/1/1373 1946/1/1373
f 1946/1/1374 105/1/1374 327/1/1374
f 1946/1/1375 106/1/1375 1947/1/1375
f 1945/1/1376 105/1/1376 1947/1/1376
f 1945/1/1377 106/1/1377 350/1/1377
f 1949/1/1378 325/1/1378 1948/1/1378
f 1949/1/1379 326/1/1380 352/1/1379
f 1949/1/1381 329/1/1381 351/1/1381
f 1949/1/1382 330/1/1382 1950/1/1382
f 1948/1/1383 329/1/1383 1950/1/1383
f 1948/1/1384 330/1/1384 326/1/1384
f 1952/1/1385 59/1/1385 1951/1/1385
f 1952/1/1386 60/1/1386 422/1/1386
f 1952/1/1387 61/1/1387 421/1/1387
f 1952/1/1388 62/1/1388 1953/1/1388
f 1953/1/1389 63/1/1389 61/1/1389
f 1954/1/1390 62/1/1390 64/1/1390
f 1954/1/1391 59/1/1391 63/1/1391
f 1954/1/1392 60/1/1392 1951/1/1392
f 1956/1/1393 367/1/1393 1955/1/1393
f 1956/1/1394 368/1/1394 76/1/1394
f 1956/1/1395 73/1/1395 75/1/1395
f 1956/1/1396 74/1/1396 1957/1/1396
f 1957/1/1397 369/1/1397 73/1/1397
f 1957/1/1398 370/1/1398 1958/1/1398
f 1958/1/1399 367/1/1399 369/1/1399
f 1958/1/1400 368/1/1400 1955/1/1400
f 1959/1/1401 315/1/1401 69/1/1401
f 1959/1/1402 316/1/1402 1960/1/1402
f 1960/1/1403 313/1/1403 315/1/1403
f 1960/1/1404 314/1/1404 1961/1/1404
f 1961/1/1405 383/1/1405 313/1/1405
f 1961/1/1406 384/1/1406 1962/1/1406
f 1959/1/1407 383/1/1407 1962/1/1407
f 1959/1/1408 384/1/1408 70/1/1408
f 1964/1/1409 59/1/1409 1963/1/1409
f 1964/1/1410 60/1/1410 64/1/1410
f 1965/1/1411 63/1/1411 1964/1/1411
f 1964/1/1412 338/1/1412 1965/1/1412
f 1965/1/1413 339/1/1413 337/1/1413
f 1965/1/1414 340/1/1414 1966/1/1414
f 1963/1/1415 339/1/1415 1966/1/1415
f 1963/1/1416 340/1/1416 60/1/1416
f 1967/1/1417 21/1/1417 23/1/1417
f 1968/1/1418 24/1/1418 22/1/1418
f 1969/1/1419 21/1/1419 1968/1/1419
f 1969/1/1420 22/1/1420 42/1/1420
f 1969/1/1421 295/1/1421 41/1/1421
f 1970/1/1422 42/1/1422 296/1/1422
f 1970/1/1423 23/1/1423 295/1/1423
f 1970/1/1424 24/1/1425 1967/1/1425
f 1972/1/1426 101/1/1426 1971/1/1426
f 1971/1/1427 344/1/1427 1972/1/1427
f 1972/1/1428 327/1/1428 343/1/1428
f 1972/1/1429 328/1/1429 1973/1/1429
f 1973/1/1430 103/1/1430 327/1/1430
f 1974/1/1431 328/1/1431 104/1/1431
f 1971/1/1432 103/1/1432 1974/1/1432
f 1971/1/1433 104/1/1433 102/1/1433
f 1976/1/1434 409/1/1434 1975/1/1434
f 1976/1/1435 410/1/1435 384/1/1435
f 1976/1/1436 313/1/1436 383/1/1436
f 1976/1/1437 314/1/1438 1977/1/1437
f 1978/1/1439 313/1/1440 1977/1/1440
f 1978/1/1441 314/1/1441 376/1/1441
f 1978/1/1442 409/1/1442 375/1/1442
f 1978/1/1443 410/1/1443 1975/1/1443
f 1980/1/1444 373/1/1444 1979/1/1444
f 1979/1/1445 416/1/1445 1980/1/1445
f 1980/1/1446 409/1/1446 415/1/1446
f 1981/1/1447 416/1/1447 410/1/1447
f 1981/1/1448 375/1/1448 409/1/1448
f 1982/1/1449 410/1/1449 376/1/1449
f 1979/1/1450 375/1/1450 1982/1/1450
f 1979/1/1451 376/1/1451 374/1/1451
f 1984/1/1452 365/1/1452 1983/1/1452
f 1983/1/1453 390/1/1453 1984/1/1453
f 1985/1/1454 389/1/1454 1984/1/1454
f 1984/1/1455 386/1/1455 1985/1/1455
f 1985/1/1456 387/1/1456 385/1/1456
f 1986/1/1457 386/1/1457 388/1/1457
f 1983/1/1458 387/1/1458 1986/1/1458
f 1986/1/1459 366/1/1459 1983/1/1459
f 1987/1/1460 357/1/1460 349/1/1460
f 1987/1/1461 358/1/1461 1988/1/1461
f 1988/1/1462 355/1/1462 357/1/1462
f 1988/1/1463 356/1/1463 1989/1/1463
f 1990/1/1464 355/1/1464 1989/1/1464
f 1990/1/1465 356/1/1465 352/1/1465
f 1990/1/1466 349/1/1466 351/1/1466
f 1990/1/1467 350/1/1467 1987/1/1467
f 1992/1/1468 229/1/1468 1991/1/1468
f 1992/1/1469 230/1/1469 144/1/1469
f 1993/1/1470 143/1/1470 1992/1/1470
f 1993/1/1471 144/1/1471 190/1/1471
f 1993/1/1472 191/1/1472 189/1/1472
f 1993/1/1473 192/1/1473 1994/1/1473
f 1991/1/1474 191/1/1474 1994/1/1474
f 1991/1/1475 192/1/1475 230/1/1475
f 1995/1/1476 411/1/1476 25/1/1476
f 1995/1/1477 412/1/1477 1996/1/1477
f 1997/1/1478 411/1/1478 1996/1/1478
f 1996/1/1479 418/1/1479 1997/1/1479
f 1997/1/1480 435/1/1480 417/1/1480
f 1997/1/1481 436/1/1481 1998/1/1481
f 1998/1/1482 25/1/1482 435/1/1482
f 1995/1/1483 436/1/1483 26/1/1483
f 1999/1/1484 15/1/1484 117/1/1484
f 2000/1/1485 118/1/1485 16/1/1485
f 2000/1/1486 11/1/1486 15/1/1486
f 2001/1/1487 16/1/1487 12/1/1487
f 2002/1/1488 11/1/1488 2001/1/1488
f 2001/1/1489 396/1/1489 2002/1/1489
f 1999/1/1490 395/1/1490 2002/1/1490
f 2002/1/1491 118/1/1491 1999/1/1491
f 2004/1/1492 119/1/1492 2003/1/1492
f 2003/1/1493 406/1/1493 2004/1/1493
f 2004/1/1494 113/1/1494 405/1/1494
f 2005/1/1495 406/1/1495 114/1/1495
f 2005/1/1496 115/1/1496 113/1/1496
f 2006/1/1497 114/1/1497 116/1/1498
f 2006/1/1499 119/1/1499 115/1/1499
f 2006/1/1500 120/1/1500 2003/1/1500
f 2007/1/1501 385/1/1501 387/1/1501
f 2007/1/1502 386/1/1502 2008/1/1502
f 2009/1/1503 385/1/1503 2008/1/1503
f 2009/1/1504 386/1/1504 368/1/1504
f 2009/1/1505 369/1/1505 367/1/1505
f 2009/1/1506 370/1/1506 2010/1/1506
f 2010/1/1507 387/1/1508 369/1/1507
f 2010/1/1509 388/1/1509 2007/1/1509
f 2012/1/1510 21/1/1510 2011/1/1510
f 2012/1/1511 22/1/1511 16/1/1511
f 2013/1/1512 15/1/1512 2012/1/1512
f 2012/1/1513 118/1/1513 2013/1/1513
f 2013/1/1514 401/1/1514 117/1/1514
f 2013/1/1515 402/1/1515 2014/1/1515
f 2014/1/1516 21/1/1516 401/1/1516
f 2011/1/1517 402/1/1517 22/1/1517
f 2016/1/1518 415/1/1518 2015/1/1518
f 2016/1/1519 416/1/1519 374/1/1519
f 2016/1/1520 371/1/1520 373/1/1520
f 2016/1/1521 372/1/1521 2017/1/1521
f 2018/1/1522 371/1/1522 2017/1/1522
f 2018/1/1523 372/1/1523 330/1/1523
f 2018/1/1524 415/1/1524 329/1/1524
f 2018/1/1525 416/1/1525 2015/1/1525
f 2020/1/1526 405/1/1526 2019/1/1526
f 2020/1/1527 406/1/1527 382/1/1527
f 2020/1/1528 379/1/1528 381/1/1528
f 2020/1/1529 380/1/1529 2021/1/1529
f 2022/1/1530 379/1/1530 2021/1/1530
f 2022/1/1531 380/1/1531 90/1/1531
f 2019/1/1532 89/1/1532 2022/1/1532
f 2022/1/1533 406/1/1533 2019/1/1533
f 2024/1/1534 5/1/1534 2023/1/1534
f 2024/1/1535 6/1/1535 302/1/1535
f 2025/1/1536 301/1/1536 2024/1/1536
f 2025/1/1537 302/1/1537 20/1/1537
f 2026/1/1538 19/1/1538 2025/1/1538
f 2026/1/1539 20/1/1539 2/1/1539
f 2026/1/1540 5/1/1540 1/1/1540
f 2026/1/1541 6/1/1541 2023/1/1541
f 2028/1/1542 39/1/1543 2027/1/1543
f 2028/1/1544 40/1/1545 26/1/1546
f 2028/1/1547 435/1/1548 25/1/1549
f 2028/1/1550 436/1/1551 2029/1/1551
f 2030/1/1552 435/1/1552 2029/1/1552
f 2030/1/1553 436/1/1553 42/1/1553
f 2030/1/1554 39/1/1554 41/1/1554
f 2030/1/1555 40/1/1555 2027/1/1555
f 2031/1/1556 409/1/1556 383/1/1556
f 2031/1/1557 410/1/1557 2032/1/1557
f 2032/1/1558 359/1/1558 409/1/1558
f 2032/1/1559 360/1/1559 2033/1/1559
f 2034/1/1560 359/1/1560 2033/1/1560
f 2034/1/1561 360/1/1561 318/1/1561
f 2034/1/1562 383/1/1562 317/1/1562
f 2034/1/1563 384/1/1563 2031/1/1563
f 2036/1/1564 31/1/1564 2035/1/1564
f 2035/1/1565 274/1/1565 2036/1/1565
f 2037/1/1566 273/1/1566 2036/1/1566
f 2037/1/1567 274/1/1567 28/1/1567
f 2038/1/1568 27/1/1568 2037/1/1568
f 2037/1/1569 30/1/1569 2038/1/1569
f 2038/1/1570 31/1/1570 29/1/1570
f 2038/1/1571 32/1/1571 2035/1/1571
f 2040/1/1572 271/1/1572 2039/1/1572
f 2039/1/1573 274/1/1573 2040/1/1573
f 2040/1/1574 31/1/1574 273/1/1574
f 2041/1/1575 274/1/1575 32/1/1575
f 2042/1/1576 31/1/1576 2041/1/1576
f 2041/1/1577 94/1/1577 2042/1/1577
f 2042/1/1578 271/1/1578 93/1/1578
f 2042/1/1579 272/1/1579 2039/1/1579
f 2044/1/1580 347/1/1580 2043/1/1580
f 2044/1/1581 348/1/1581 318/1/1581
f 2044/1/1582 359/1/1582 317/1/1582
f 2044/1/1583 360/1/1583 2045/1/1583
f 2046/1/1584 359/1/1584 2045/1/1584
f 2046/1/1585 360/1/1585 362/1/1585
f 2043/1/1586 361/1/1586 2046/1/1586
f 2043/1/1587 362/1/1587 348/1/1587
f 2047/1/1588 307/1/1588 395/1/1588
f 2047/1/1589 308/1/1589 2048/1/1589
f 2048/1/1590 397/1/1590 307/1/1590
f 2048/1/1591 398/1/1591 2049/1/1591
f 2050/1/1592 397/1/1592 2049/1/1592
f 2050/1/1593 398/1/1593 400/1/1593
f 2050/1/1594 395/1/1594 399/1/1594
f 2050/1/1595 396/1/1595 2047/1/1595
f 2051/1/1596 413/1/1596 39/1/1596
f 2052/1/1597 40/1/1597 414/1/1597
f 2053/1/1598 413/1/1598 2052/1/1598
f 2053/1/1599 414/1/1599 404/1/1599
f 2054/1/1600 403/1/1600 2053/1/1600
f 2053/1/1601 26/1/1601 2054/1/1601
f 2054/1/1602 39/1/1602 25/1/1602
f 2054/1/1603 40/1/1603 2051/1/1603
f 2056/1/1604 437/1/1604 2055/1/1604
f 2056/1/1605 438/1/1605 62/1/1605
f 2057/1/1606 61/1/1606 2056/1/1606
f 2057/1/1607 62/1/1607 422/1/1608
f 2058/1/1609 421/1/1609 2057/1/1609
f 2058/1/1610 422/1/1610 296/1/1610
f 2058/1/1611 437/1/1611 295/1/1611
f 2058/1/1612 438/1/1612 2055/1/1612
f 2059/1/1613 243/1/1613 431/1/1613
f 2060/1/1614 432/1/1614 244/1/1614
f 2060/1/1615 433/1/1615 243/1/1615
f 2061/1/1616 244/1/1616 434/1/1616
f 2061/1/1617 257/1/1617 433/1/1617
f 2061/1/1618 258/1/1618 2062/1/1618
f 2059/1/1619 257/1/1619 2062/1/1619
f 2062/1/1620 432/1/1620 2059/1/1620
f 2064/1/1621 407/1/1621 2063/1/1621
f 2063/1/1622 114/1/1622 2064/1/1622
f 2065/1/1623 113/1/1623 2064/1/1623
f 2065/1/1624 114/1/1624 406/1/1624
f 2065/1/1625 89/1/1625 405/1/1625
f 2066/1/1626 406/1/1626 90/1/1626
f 2066/1/1627 407/1/1627 89/1/1627
f 2063/1/1628 90/1/1628 408/1/1628
f 2068/1/1629 43/1/1629 2067/1/1629
f 2068/1/1630 44/1/1630 48/1/1630
f 2069/1/1631 47/1/1631 2068/1/1631
f 2068/1/1632 208/1/1632 2069/1/1632
f 2070/1/1633 207/1/1633 2069/1/1633
f 2069/1/1634 214/1/1634 2070/1/1634
f 2070/1/1635 43/1/1635 213/1/1635
f 2067/1/1636 214/1/1636 44/1/1636
f 2072/1/1637 417/1/1637 2071/1/1637
f 2072/1/1638 418/1/1638 300/1/1638
f 2073/1/1639 299/1/1639 2072/1/1639
f 2073/1/1640 300/1/1640 304/1/1640
f 2073/1/1641 439/1/1641 303/1/1641
f 2073/1/1642 440/1/1642 2074/1/1642
f 2071/1/1643 439/1/1643 2074/1/1643
f 2071/1/1644 440/1/1644 418/1/1644
f 2075/1/1645 341/1/1646 99/1/1647
f 2075/1/1648 342/1/1649 2076/1/1650
f 2077/1/1651 341/1/1652 2076/1/1653
f 2076/1/1654 320/1/1655 2077/1/1655
f 2078/1/1656 319/1/1657 2077/1/1657
f 2078/1/1658 320/1/1658 354/1/1658
f 2078/1/1659 99/1/1660 353/1/1659
f 2075/1/1661 354/1/1662 100/1/1663
f 2079/1/1664 437/1/1664 435/1/1664
f 2079/1/1665 438/1/1665 2080/1/1665
f 2081/1/1666 437/1/1667 2080/1/1666
f 2081/1/1668 438/1/1668 296/1/1668
f 2081/1/1669 41/1/1669 295/1/1669
f 2081/1/1670 42/1/1670 2082/1/1670
f 2082/1/1671 435/1/1671 41/1/1671
f 2082/1/1672 436/1/1672 2079/1/1672
f 2083/1/1673 419/1/1673 57/1/1673
f 2083/1/1674 420/1/1674 2084/1/1674
f 2084/1/1675 439/1/1675 419/1/1675
f 2084/1/1676 440/1/1676 2085/1/1676
f 2086/1/1677 439/1/1677 2085/1/1677
f 2086/1/1678 440/1/1678 304/1/1678
f 2086/1/1679 57/1/1679 303/1/1679
f 2086/1/1680 58/1/1680 2083/1/1680
f 2088/1/1681 267/1/1681 2087/1/1681
f 2087/1/1682 212/1/1682 2088/1/1682
f 2088/1/1683 207/1/1683 211/1/1683
f 2089/1/792 212/1/792 208/1/792
f 2090/1/1684 207/1/1684 2089/1/1684
f 2089/1/1685 270/1/1685 2090/1/1685
f 2087/1/1686 269/1/1686 2090/1/1686
f 2090/1/1687 268/1/1687 2087/1/1687
f 2092/1/1688 43/1/1688 2091/1/1688
f 2091/1/1689 138/1/1689 2092/1/1689
f 2093/1/1690 137/1/1690 2092/1/1690
f 2093/1/1691 138/1/1691 136/1/1691
f 2093/1/1692 45/1/1692 135/1/1692
f 2094/1/1693 136/1/1693 46/1/1693
f 2094/1/1694 43/1/1694 45/1/1694
f 2094/1/1695 44/1/1695 2091/1/1695
f 2096/1/1696 109/1/1696 2095/1/1696
f 2095/1/1697 362/1/1697 2096/1/1697
f 2096/1/1698 357/1/1698 361/1/1698
f 2096/1/1699 358/1/1699 2097/1/1699
f 2097/1/1700 107/1/1700 357/1/1700
f 2098/1/1701 358/1/1701 108/1/1701
f 2098/1/1702 109/1/1702 107/1/1702
f 2098/1/1703 110/1/1703 2095/1/1703
f 2100/1/1704 357/1/1704 2099/1/1704
f 2100/1/1705 358/1/1705 362/1/1705
f 2101/1/1706 361/1/1706 2100/1/1706
f 2100/1/1707 360/1/1707 2101/1/1707
f 2102/1/1708 359/1/1708 2101/1/1708
f 2102/1/1709 360/1/1709 356/1/1709
f 2102/1/1710 357/1/1710 355/1/1710
f 2099/1/1711 356/1/1711 358/1/1711
f 2104/1/1712 197/1/1712 2103/1/1712
f 2104/1/1713 198/1/1713 194/1/1713
f 2105/1/1714 193/1/1714 2104/1/1714
f 2104/1/1715 204/1/1715 2105/1/1715
f 2106/1/1716 203/1/1716 2105/1/1716
f 2106/1/1717 204/1/1717 202/1/1717
f 2106/1/1718 197/1/1718 201/1/1718
f 2103/1/1719 202/1/1719 198/1/1719
f 2107/1/1720 89/1/1721 407/1/1722
f 2107/1/1723 90/1/1723 2108/1/1723
f 2109/1/1724 89/1/1724 2108/1/1724
f 2108/1/1725 8/1/1726 2109/1/1725
f 2109/1/1727 9/1/1727 7/1/1727
f 2109/1/1728 10/1/1728 2110/1/1728
f 2110/1/1729 407/1/1730 9/1/1729
f 2107/1/1731 10/1/1732 408/1/1733
f 2111/1/1734 427/1/1734 239/1/1734
f 2111/1/1735 428/1/1735 2112/1/1735
f 2112/1/1736 423/1/1736 427/1/1736
f 2113/1/1737 428/1/1737 424/1/1737
f 2114/1/1738 423/1/1738 2113/1/1738
f 2113/1/1739 430/1/1739 2114/1/1739
f 2114/1/1740 239/1/1740 429/1/1740
f 2111/1/1741 430/1/1741 240/1/1741
f 2115/1/1742 205/1/1742 203/1/1742
f 2116/1/1743 204/1/1743 206/1/1743
f 2117/1/1744 205/1/1744 2116/1/1744
f 2117/1/1745 206/1/1745 200/1/1745
f 2118/1/1746 199/1/1746 2117/1/1746
f 2117/1/1747 202/1/1747 2118/1/1747
f 2115/1/1748 201/1/1748 2118/1/1748
f 2115/1/1749 202/1/1749 204/1/1749
f 2120/1/1750 249/1/1750 2119/1/1750
f 2120/1/1751 250/1/1751 424/1/1751
f 2121/1/1752 423/1/1752 2120/1/1752
f 2120/1/1753 428/1/1753 2121/1/1753
f 2121/1/1754 425/1/1754 427/1/1754
f 2121/1/1755 426/1/1755 2122/1/1755
f 2122/1/1756 249/1/1756 425/1/1756
f 2122/1/1757 250/1/1757 2119/1/1757
f 2124/1/1758 459/1/1758 2123/1/1758
f 2124/1/1759 460/1/1759 442/1/1759
f 2125/1/1760 441/1/1760 2124/1/1760
f 2125/1/1761 442/1/1761 512/1/1761
f 2125/1/1762 471/1/1762 511/1/1762
f 2125/1/1763 472/1/1763 2126/1/1763
f 2123/1/1764 471/1/1764 2126/1/1764
f 2126/1/1765 460/1/1765 2123/1/1765
f 2127/1/1766 571/1/1767 547/1/1768
f 2127/1/1769 572/1/1770 2128/1/1771
f 2129/1/1772 571/1/1773 2128/1/1774
f 2129/1/1775 572/1/1776 682/1/1777
f 2130/1/1778 681/1/1779 2129/1/1780
f 2130/1/1781 682/1/1782 566/1/1783
f 2127/1/1784 565/1/1785 2130/1/1786
f 2127/1/1787 566/1/1788 548/1/1789
f 2132/1/1790 879/1/1790 2131/1/1790
f 2131/1/1791 878/1/1791 2132/1/1791
f 2133/1/1792 877/1/1792 2132/1/1792
f 2132/1/1793 900/1/1793 2133/1/1793
f 2133/1/1794 885/1/1794 899/1/1794
f 2134/1/1795 900/1/1795 886/1/1795
f 2134/1/1796 879/1/1796 885/1/1796
f 2134/1/1797 880/1/1797 2131/1/1797
f 2136/1/1798 889/1/1799 2135/1/1800
f 2135/1/1801 904/1/1802 2136/1/1802
f 2137/1/1803 903/1/1803 2136/1/1803
f 2136/1/1804 468/1/1804 2137/1/1804
f 2137/1/1805 901/1/1805 467/1/1805
f 2138/1/1806 468/1/1806 902/1/1806
f 2138/1/1807 889/1/1808 901/1/1807
f 2135/1/1809 902/1/1810 890/1/1811
f 2140/1/1812 487/1/1812 2139/1/1812
f 2139/1/1813 446/1/1813 2140/1/1813
f 2140/1/1814 443/1/1814 445/1/1814
f 2141/1/1815 446/1/1815 444/1/1815
f 2141/1/1816 489/1/1816 443/1/1816
f 2142/1/1817 444/1/1817 490/1/1817
f 2139/1/1818 489/1/1818 2142/1/1818
f 2142/1/1819 488/1/1819 2139/1/1819
f 2144/1/1820 483/1/1820 2143/1/1820
f 2143/1/1821 494/1/1821 2144/1/1821
f 2144/1/1822 489/1/1822 493/1/1822
f 2145/1/1823 494/1/1823 490/1/1823
f 2145/1/1824 443/1/1824 489/1/1824
f 2146/1/1825 490/1/1825 444/1/1825
f 2143/1/1826 443/1/1826 2146/1/1826
f 2146/1/1827 484/1/1827 2143/1/1827
f 2148/1/1828 513/1/1828 2147/1/1828
f 2148/1/1829 514/1/1829 522/1/1829
f 2148/1/1830 515/1/1830 521/1/1830
f 2148/1/1831 516/1/1831 2149/1/1831
f 2150/1/1832 515/1/1832 2149/1/1832
f 2150/1/1833 516/1/1834 852/1/1834
f 2150/1/1835 513/1/1835 851/1/1835
f 2150/1/1836 514/1/1836 2147/1/1836
f 2152/1/1837 465/1/1837 2151/1/1837
f 2152/1/1838 466/1/1838 528/1/1838
f 2152/1/1839 743/1/1839 527/1/1839
f 2152/1/1840 744/1/1840 2153/1/1840
f 2154/1/1841 743/1/1841 2153/1/1841
f 2154/1/1842 744/1/1842 452/1/1842
f 2154/1/1843 465/1/1843 451/1/1843
f 2154/1/1844 466/1/1844 2151/1/1844
f 2156/1/1845 463/1/1845 2155/1/1845
f 2156/1/1846 464/1/1846 456/1/1846
f 2156/1/1847 751/1/1847 455/1/1847
f 2156/1/1848 752/1/1848 2157/1/1848
f 2158/1/1849 751/1/1849 2157/1/1849
f 2158/1/1850 752/1/1850 454/1/1850
f 2158/1/1851 463/1/1851 453/1/1851
f 2158/1/1852 464/1/1852 2155/1/1852
f 2160/1/1853 457/1/1854 2159/1/1855
f 2160/1/1856 458/1/1857 442/1/1858
f 2160/1/1859 459/1/1860 441/1/1861
f 2160/1/1862 460/1/1863 2161/1/1864
f 2162/1/1865 459/1/1866 2161/1/1867
f 2162/1/1868 460/1/1869 462/1/1870
f 2162/1/1871 457/1/1872 461/1/1873
f 2162/1/1874 458/1/1875 2159/1/1876
f 2164/1/1877 469/1/1877 2163/1/1877
f 2164/1/1878 470/1/1878 516/1/1878
f 2164/1/1879 467/1/1879 515/1/1879
f 2164/1/1880 468/1/1880 2165/1/1880
f 2165/1/1881 903/1/1881 467/1/1881
f 2166/1/1882 468/1/1882 904/1/1882
f 2163/1/1883 903/1/1883 2166/1/1883
f 2163/1/1884 904/1/1884 470/1/1884
f 2167/1/1885 525/1/1885 471/1/1885
f 2167/1/1886 526/1/1886 2168/1/1886
f 2169/1/1887 525/1/1887 2168/1/1887
f 2168/1/1888 474/1/1888 2169/1/1888
f 2169/1/1889 449/1/1889 473/1/1889
f 2169/1/1890 450/1/1890 2170/1/1890
f 2170/1/1891 471/1/1891 449/1/1891
f 2167/1/1892 450/1/1892 472/1/1892
f 2171/1/1893 455/1/1893 767/1/1893
f 2172/1/1894 768/1/1894 456/1/1894
f 2173/1/1895 455/1/1895 2172/1/1895
f 2173/1/1896 456/1/1896 464/1/1896
f 2174/1/1897 463/1/1897 2173/1/1897
f 2173/1/1898 484/1/1898 2174/1/1898
f 2171/1/1899 483/1/1899 2174/1/1899
f 2171/1/1900 484/1/1900 768/1/1900
f 2175/1/1901 455/1/1901 897/1/1901
f 2175/1/1902 456/1/1902 2176/1/1902
f 2176/1/1903 767/1/1903 455/1/1903
f 2176/1/1904 768/1/1904 2177/1/1904
f 2175/1/1905 767/1/1905 2177/1/1905
f 2175/1/1906 768/1/1906 898/1/1906
f 2179/1/1907 521/1/1907 2178/1/1907
f 2179/1/1908 522/1/1908 456/1/1908
f 2179/1/1909 897/1/1909 455/1/1909
f 2179/1/1910 898/1/1910 2180/1/1910
f 2178/1/1911 897/1/1911 2180/1/1911
f 2178/1/1912 898/1/1912 522/1/1912
f 2182/1/1913 451/1/1913 2181/1/1913
f 2182/1/1914 452/1/1914 760/1/1914
f 2182/1/1915 495/1/1915 759/1/1915
f 2182/1/1916 496/1/1916 2183/1/1916
f 2181/1/1917 495/1/1917 2183/1/1917
f 2181/1/1918 496/1/1918 452/1/1918
f 2184/1/1919 887/1/1919 479/1/1919
f 2184/1/1920 888/1/1920 2185/1/1920
f 2185/1/1921 607/1/1921 887/1/1921
f 2186/1/1922 888/1/1922 608/1/1923
f 2186/1/1924 481/1/1924 607/1/1924
f 2186/1/1925 482/1/1925 2187/1/1925
f 2184/1/1926 481/1/1926 2187/1/1926
f 2187/1/1927 480/1/1927 2184/1/1927
f 2189/1/1928 759/1/1928 2188/1/1928
f 2189/1/1929 760/1/1929 452/1/1929
f 2189/1/1930 517/1/1930 451/1/1930
f 2189/1/1931 518/1/1931 2190/1/1931
f 2190/1/1932 759/1/1932 517/1/1932
f 2190/1/1933 760/1/1933 2188/1/1933
f 2192/1/1934 775/1/1934 2191/1/1934
f 2192/1/1935 776/1/1935 732/1/1935
f 2192/1/1936 627/1/1936 731/1/1936
f 2192/1/1937 628/1/1937 2193/1/1937
f 2194/1/1938 627/1/1938 2193/1/1938
f 2194/1/1939 628/1/1939 780/1/1939
f 2194/1/1940 775/1/1940 779/1/1940
f 2194/1/1941 776/1/1941 2191/1/1941
f 2195/1/1942 607/1/1942 605/1/1942
f 2196/1/1943 606/1/1943 608/1/1943
f 2196/1/1944 887/1/1944 607/1/1944
f 2196/1/1945 888/1/1945 2197/1/1945
f 2198/1/1946 887/1/1946 2197/1/1946
f 2197/1/1947 882/1/1947 2198/1/1947
f 2195/1/1948 881/1/1948 2198/1/1948
f 2195/1/1949 882/1/1949 606/1/1949
f 2200/1/1950 463/1/1950 2199/1/1950
f 2199/1/1951 466/1/1951 2200/1/1951
f 2200/1/1952 493/1/1952 465/1/1952
f 2200/1/1953 494/1/1953 2201/1/1953
f 2202/1/1954 493/1/1954 2201/1/1954
f 2202/1/1955 494/1/1955 484/1/1955
f 2199/1/1956 483/1/1956 2202/1/1956
f 2199/1/1957 484/1/1957 464/1/1957
f 2204/1/1958 605/1/1958 2203/1/1958
f 2203/1/1959 882/1/1959 2204/1/1959
f 2205/1/1960 881/1/1960 2204/1/1960
f 2205/1/1961 882/1/1961 478/1/1961
f 2205/1/1962 523/1/1962 477/1/1962
f 2206/1/1963 478/1/1963 524/1/1963
f 2203/1/1964 523/1/1964 2206/1/1964
f 2203/1/1965 524/1/1966 606/1/1966
f 2207/1/1967 451/1/1967 465/1/1967
f 2207/1/1968 452/1/1968 2208/1/1968
f 2209/1/1969 451/1/1970 2208/1/1970
f 2208/1/1971 496/1/1971 2209/1/1971
f 2209/1/1972 493/1/1972 495/1/1972
f 2209/1/1973 494/1/1973 2210/1/1973
f 2210/1/1974 465/1/1974 493/1/1974
f 2207/1/1975 494/1/1975 466/1/1975
f 2211/1/1976 473/1/1976 477/1/1976
f 2211/1/1977 474/1/1977 2212/1/1977
f 2213/1/1978 473/1/1979 2212/1/1978
f 2213/1/1980 474/1/1980 526/1/1980
f 2211/1/1981 525/1/1981 2213/1/1981
f 2211/1/1982 526/1/1982 478/1/1982
f 2215/1/1983 477/1/1983 2214/1/1983
f 2215/1/1984 478/1/1984 526/1/1984
f 2215/1/1985 523/1/1985 525/1/1985
f 2215/1/1986 524/1/1986 2216/1/1986
f 2216/1/1987 477/1/1987 523/1/1987
f 2216/1/1988 478/1/1988 2214/1/1988
f 2217/1/1989 461/1/1989 479/1/1989
f 2217/1/1990 462/1/1990 2218/1/1990
f 2218/1/1991 475/1/1991 461/1/1991
f 2218/1/1992 476/1/1992 2219/1/1992
f 2217/1/1993 475/1/1993 2219/1/1993
f 2217/1/1994 476/1/1994 480/1/1994
f 2220/1/1995 467/1/1995 897/1/1995
f 2220/1/1996 468/1/1996 2221/1/1996
f 2221/1/1997 515/1/1997 467/1/1997
f 2222/1/1998 468/1/1998 516/1/1998
f 2222/1/1999 521/1/2000 515/1/1999
f 2222/1/2001 522/1/2001 2223/1/2001
f 2220/1/2002 521/1/2002 2223/1/2002
f 2223/1/2003 898/1/2003 2220/1/2003
f 2224/1/2004 479/1/2004 461/1/2004
f 2224/1/2005 480/1/2005 2225/1/2005
f 2226/1/2006 479/1/2006 2225/1/2006
f 2226/1/2007 480/1/2007 482/1/2008
f 2224/1/2009 481/1/2009 2226/1/2009
f 2224/1/2010 482/1/2010 462/1/2010
f 2228/1/2011 469/1/2011 2227/1/2011
f 2227/1/2012 904/1/2012 2228/1/2013
f 2229/1/2014 903/1/2014 2228/1/2014
f 2229/1/2015 904/1/2015 760/1/2015
f 2229/1/2016 517/1/2016 759/1/2016
f 2230/1/2017 760/1/2017 518/1/2017
f 2227/1/2018 517/1/2018 2230/1/2018
f 2227/1/2019 518/1/2019 470/1/2019
f 2232/1/2020 753/1/2020 2231/1/2020
f 2232/1/2021 754/1/2021 504/1/2021
f 2233/1/2022 503/1/2022 2232/1/2022
f 2232/1/2023 500/1/2023 2233/1/2023
f 2233/1/2024 501/1/2024 499/1/2024
f 2233/1/2025 502/1/2025 2234/1/2025
f 2234/1/2026 753/1/2026 501/1/2026
f 2234/1/2027 754/1/2027 2231/1/2027
f 2235/1/2028 665/1/2028 663/1/2028
f 2236/1/2029 664/1/2029 666/1/2029
f 2236/1/2030 693/1/2030 665/1/2030
f 2236/1/2031 694/1/2031 2237/1/2031
f 2238/1/2032 693/1/2032 2237/1/2032
f 2237/1/2033 696/1/2033 2238/1/2033
f 2238/1/2034 663/1/2034 695/1/2034
f 2238/1/2035 664/1/2035 2235/1/2035
f 2239/1/2036 623/1/2037 687/1/2038
f 2239/1/2039 624/1/2040 2240/1/2040
f 2240/1/2041 621/1/2042 623/1/2041
f 2240/1/2043 622/1/2044 2241/1/2045
f 2241/1/2046 637/1/2047 621/1/2048
f 2241/1/2049 638/1/2050 2242/1/2051
f 2239/1/2052 637/1/2053 2242/1/2054
f 2239/1/2055 638/1/2056 688/1/2057
f 2244/1/2058 769/1/2058 2243/1/2058
f 2243/1/2059 768/1/2059 2244/1/2059
f 2244/1/2060 483/1/2061 767/1/2060
f 2245/1/2062 768/1/2063 484/1/2064
f 2245/1/2065 443/1/2066 483/1/2067
f 2246/1/2068 484/1/2069 444/1/2068
f 2246/1/2070 769/1/2070 443/1/2070
f 2246/1/2071 770/1/2071 2243/1/2071
f 2248/1/2072 769/1/2073 2247/1/2073
f 2248/1/2074 770/1/2075 444/1/2076
f 2249/1/2077 443/1/2078 2248/1/2079
f 2248/1/2080 446/1/2081 2249/1/2081
f 2249/1/2082 771/1/2082 445/1/2082
f 2249/1/2083 772/1/2083 2250/1/2083
f 2250/1/2084 769/1/2084 771/1/2084
f 2250/1/2085 770/1/2085 2247/1/2085
f 2251/1/2086 485/1/2087 495/1/2088
f 2252/1/2089 496/1/2090 486/1/2089
f 2253/1/2091 485/1/2091 2252/1/2091
f 2253/1/2092 486/1/2092 490/1/2092
f 2254/1/2093 489/1/2093 2253/1/2094
f 2253/1/2095 494/1/2095 2254/1/2095
f 2251/1/2096 493/1/2097 2254/1/2097
f 2254/1/2098 496/1/2099 2251/1/2100
f 2256/1/2101 485/1/2102 2255/1/2101
f 2256/1/2103 486/1/2103 492/1/2103
f 2256/1/2104 487/1/2104 491/1/2104
f 2257/1/2105 492/1/2105 488/1/2105
f 2257/1/2106 489/1/2106 487/1/2106
f 2258/1/2107 488/1/2107 490/1/2107
f 2258/1/2108 485/1/2108 489/1/2108
f 2258/1/2109 486/1/2109 2255/1/2109
f 2260/1/2110 449/1/2110 2259/1/2110
f 2259/1/2111 474/1/2111 2260/1/2111
f 2260/1/2112 763/1/2112 473/1/2112
f 2261/1/2113 474/1/2113 764/1/2113
f 2262/1/2114 763/1/2114 2261/1/2114
f 2262/1/2115 764/1/2115 448/1/2115
f 2259/1/2116 447/1/2116 2262/1/2116
f 2262/1/2117 450/1/2117 2259/1/2117
f 2263/1/2118 559/1/2118 555/1/2118
f 2264/1/2119 556/1/2119 560/1/2119
f 2265/1/2120 559/1/2120 2264/1/2120
f 2264/1/2121 578/1/2121 2265/1/2121
f 2266/1/2122 577/1/2123 2265/1/2123
f 2265/1/2124 576/1/2125 2266/1/2126
f 2263/1/2127 575/1/2128 2266/1/2129
f 2266/1/2130 556/1/2131 2263/1/2131
f 2267/1/2132 545/1/2132 541/1/2132
f 2268/1/2133 542/1/2133 546/1/2133
f 2268/1/2134 581/1/2134 545/1/2134
f 2269/1/2135 546/1/2135 582/1/2135
f 2269/1/2136 563/1/2136 581/1/2136
f 2269/1/2137 564/1/2137 2270/1/2137
f 2267/1/2138 563/1/2138 2270/1/2138
f 2270/1/2139 542/1/2139 2267/1/2139
f 2272/1/2140 607/1/2140 2271/1/2140
f 2272/1/2141 608/1/2141 842/1/2141
f 2272/1/2142 735/1/2142 841/1/2142
f 2272/1/2143 736/1/2143 2273/1/2143
f 2274/1/2144 735/1/2144 2273/1/2144
f 2274/1/2145 736/1/2145 482/1/2145
f 2274/1/2146 607/1/2146 481/1/2146
f 2274/1/2147 608/1/2147 2271/1/2147
f 2276/1/2148 605/1/2148 2275/1/2148
f 2276/1/2149 606/1/2149 524/1/2149
f 2276/1/2150 747/1/2150 523/1/2150
f 2276/1/2151 748/1/2151 2277/1/2152
f 2278/1/2153 747/1/2153 2277/1/2153
f 2278/1/2154 748/1/2154 846/1/2154
f 2278/1/2155 605/1/2155 845/1/2155
f 2278/1/2156 606/1/2156 2275/1/2156
f 2280/1/2157 505/1/2157 2279/1/2157
f 2280/1/2158 506/1/2158 460/1/2158
f 2280/1/2159 471/1/2159 459/1/2159
f 2280/1/2160 472/1/2160 2281/1/2160
f 2281/1/2161 449/1/2161 471/1/2161
f 2281/1/2162 450/1/2162 2282/1/2162
f 2282/1/2163 505/1/2163 449/1/2163
f 2282/1/2164 506/1/2164 2279/1/2164
f 2284/1/2165 519/1/2165 2283/1/2165
f 2284/1/2166 520/1/2166 604/1/2166
f 2284/1/2167 469/1/2167 603/1/2167
f 2284/1/2168 470/1/2168 2285/1/2168
f 2286/1/2169 469/1/2169 2285/1/2169
f 2286/1/2170 470/1/2170 518/1/2170
f 2286/1/2171 519/1/2171 517/1/2171
f 2286/1/2172 520/1/2172 2283/1/2172
f 2288/1/2173 743/1/2173 2287/1/2173
f 2288/1/2174 744/1/2174 518/1/2174
f 2288/1/2175 451/1/2175 517/1/2175
f 2288/1/2176 452/1/2176 2289/1/2176
f 2287/1/2177 451/1/2177 2289/1/2177
f 2287/1/2178 452/1/2178 744/1/2178
f 2291/1/2179 517/1/2179 2290/1/2179
f 2291/1/2180 518/1/2180 744/1/2180
f 2291/1/2181 519/1/2181 743/1/2181
f 2291/1/2182 520/1/2182 2292/1/2182
f 2292/1/2183 517/1/2183 519/1/2183
f 2292/1/2184 518/1/2184 2290/1/2184
f 2294/1/2185 513/1/2185 2293/1/2185
f 2294/1/2186 514/1/2186 752/1/2186
f 2294/1/2187 521/1/2188 751/1/2187
f 2294/1/2189 522/1/2189 2295/1/2189
f 2293/1/2190 521/1/2190 2295/1/2190
f 2293/1/2191 522/1/2191 514/1/2191
f 2296/1/2192 751/1/2192 521/1/2192
f 2296/1/2193 752/1/2193 2297/1/2193
f 2297/1/2194 455/1/2194 751/1/2194
f 2297/1/2195 456/1/2195 2298/1/2195
f 2296/1/2196 455/1/2196 2298/1/2196
f 2296/1/2197 456/1/2197 522/1/2197
f 2299/1/2198 481/1/2198 457/1/2198
f 2299/1/2199 482/1/2199 2300/1/2199
f 2301/1/2200 481/1/2200 2300/1/2200
f 2301/1/2201 482/1/2201 736/1/2201
f 2299/1/2202 735/1/2202 2301/1/2202
f 2299/1/2203 736/1/2203 458/1/2203
f 2302/1/2204 457/1/2204 481/1/2204
f 2302/1/2205 458/1/2205 2303/1/2205
f 2303/1/2206 461/1/2207 457/1/2207
f 2303/1/2208 462/1/2208 2304/1/2208
f 2302/1/2209 461/1/2209 2304/1/2209
f 2302/1/2210 462/1/2210 482/1/2210
f 2305/1/2211 747/1/2211 537/1/2211
f 2305/1/2212 748/1/2212 2306/1/2212
f 2306/1/2213 523/1/2213 747/1/2213
f 2306/1/2214 524/1/2214 2307/1/2214
f 2305/1/2215 523/1/2215 2307/1/2215
f 2305/1/2216 524/1/2216 538/1/2216
f 2309/1/2217 537/1/2217 2308/1/2217
f 2309/1/2218 538/1/2218 524/1/2218
f 2309/1/2219 525/1/2219 523/1/2219
f 2309/1/2220 526/1/2220 2310/1/2220
f 2308/1/2221 525/1/2221 2310/1/2221
f 2308/1/2222 526/1/2222 538/1/2222
f 2312/1/2223 751/1/2223 2311/1/2223
f 2311/1/2224 530/1/2224 2312/1/2224
f 2313/1/2225 529/1/2225 2312/1/2225
f 2313/1/2226 530/1/2226 532/1/2226
f 2313/1/2227 453/1/2227 531/1/2227
f 2314/1/2228 532/1/2228 454/1/2228
f 2314/1/2229 751/1/2229 453/1/2229
f 2314/1/2230 752/1/2230 2311/1/2230
f 2315/1/2231 457/1/2231 441/1/2231
f 2315/1/2232 458/1/2232 2316/1/2232
f 2317/1/2233 457/1/2233 2316/1/2233
f 2316/1/2234 534/1/2234 2317/1/2234
f 2318/1/2235 533/1/2235 2317/1/2235
f 2318/1/2236 534/1/2236 510/1/2236
f 2318/1/2237 441/1/2237 509/1/2237
f 2315/1/2238 510/1/2238 442/1/2238
f 2319/1/2239 537/1/2239 749/1/2239
f 2320/1/2240 750/1/2240 538/1/2240
f 2321/1/2241 537/1/2241 2320/1/2241
f 2321/1/2242 538/1/2242 512/1/2242
f 2322/1/2243 511/1/2243 2321/1/2243
f 2321/1/2244 536/1/2244 2322/1/2244
f 2322/1/2245 749/1/2245 535/1/2245
f 2322/1/2246 750/1/2246 2319/1/2246
f 2324/1/2247 801/1/2248 2323/1/2249
f 2324/1/2250 802/1/2251 838/1/2252
f 2324/1/2253 725/1/2254 837/1/2255
f 2325/1/2256 838/1/2257 726/1/2258
f 2326/1/2259 725/1/2260 2325/1/2261
f 2326/1/2262 726/1/2263 724/1/2264
f 2326/1/2265 801/1/2266 723/1/2267
f 2326/1/2268 802/1/2269 2323/1/2270
f 2327/1/2271 601/1/2271 599/1/2271
f 2328/1/2272 600/1/2272 602/1/2272
f 2328/1/2273 633/1/2273 601/1/2273
f 2328/1/2274 634/1/2274 2329/1/2274
f 2330/1/2275 633/1/2276 2329/1/2277
f 2329/1/2278 550/1/2279 2330/1/2279
f 2327/1/2280 549/1/2280 2330/1/2280
f 2330/1/2281 600/1/2281 2327/1/2281
f 2331/1/2282 587/1/2282 625/1/2282
f 2332/1/2283 626/1/2283 588/1/2283
f 2333/1/2284 587/1/2284 2332/1/2284
f 2332/1/2285 570/1/2285 2333/1/2285
f 2334/1/2286 569/1/2286 2333/1/2286
f 2333/1/2287 638/1/2287 2334/1/2287
f 2331/1/2288 637/1/2288 2334/1/2288
f 2334/1/2289 626/1/2289 2331/1/2289
f 2336/1/2290 815/1/2290 2335/1/2290
f 2336/1/2291 816/1/2291 818/1/2291
f 2337/1/2292 817/1/2292 2336/1/2292
f 2336/1/2293 808/1/2293 2337/1/2293
f 2338/1/2294 807/1/2294 2337/1/2294
f 2338/1/2295 808/1/2295 812/1/2295
f 2338/1/2296 815/1/2296 811/1/2296
f 2335/1/2297 812/1/2297 816/1/2297
f 2339/1/2298 813/1/2299 809/1/2299
f 2339/1/2300 814/1/2301 2340/1/2301
f 2340/1/2302 811/1/2302 813/1/2302
f 2341/1/2303 814/1/2303 812/1/2303
f 2342/1/2304 811/1/2304 2341/1/2304
f 2341/1/2305 808/1/2305 2342/1/2305
f 2339/1/2306 807/1/2307 2342/1/2307
f 2342/1/2308 810/1/2309 2339/1/2310
f 2344/1/2311 509/1/2311 2343/1/2311
f 2343/1/2312 536/1/2312 2344/1/2312
f 2344/1/2313 511/1/2313 535/1/2313
f 2345/1/2314 536/1/2314 512/1/2314
f 2345/1/2315 441/1/2315 511/1/2315
f 2346/1/2316 512/1/2316 442/1/2316
f 2343/1/2317 441/1/2317 2346/1/2317
f 2346/1/2318 510/1/2318 2343/1/2318
f 2347/1/2319 851/1/2319 849/1/2319
f 2348/1/2320 850/1/2320 852/1/2320
f 2348/1/2321 603/1/2321 851/1/2321
f 2348/1/2322 604/1/2322 2349/1/2322
f 2350/1/2323 603/1/2323 2349/1/2323
f 2349/1/2324 848/1/2324 2350/1/2324
f 2347/1/2325 847/1/2325 2350/1/2325
f 2350/1/2326 850/1/2326 2347/1/2326
f 2351/1/2327 855/1/2327 705/1/2327
f 2351/1/2328 856/1/2328 2352/1/2328
f 2353/1/2329 855/1/2329 2352/1/2329
f 2352/1/2330 854/1/2330 2353/1/2330
f 2354/1/2331 853/1/2331 2353/1/2331
f 2353/1/2332 866/1/2332 2354/1/2332
f 2354/1/2333 705/1/2333 865/1/2333
f 2351/1/2334 866/1/2334 706/1/2334
f 2355/1/2335 619/1/2335 635/1/2335
f 2356/1/2336 636/1/2336 620/1/2336
f 2357/1/2337 619/1/2337 2356/1/2337
f 2357/1/2338 620/1/2338 670/1/2338
f 2358/1/2339 669/1/2339 2357/1/2339
f 2357/1/2340 632/1/2340 2358/1/2340
f 2355/1/2341 631/1/2341 2358/1/2341
f 2355/1/2342 632/1/2342 636/1/2342
f 2360/1/2343 563/1/2343 2359/1/2343
f 2359/1/2344 582/1/2344 2360/1/2344
f 2360/1/2345 577/1/2345 581/1/2345
f 2361/1/2346 582/1/2346 578/1/2346
f 2362/1/2347 577/1/2347 2361/1/2347
f 2362/1/2348 578/1/2348 560/1/2348
f 2359/1/2349 559/1/2349 2362/1/2349
f 2362/1/2350 564/1/2350 2359/1/2350
f 2364/1/2351 659/1/2351 2363/1/2351
f 2363/1/2352 646/1/2352 2364/1/2352
f 2365/1/2353 645/1/2353 2364/1/2353
f 2365/1/2354 646/1/2354 668/1/2354
f 2365/1/2355 651/1/2355 667/1/2355
f 2366/1/2356 668/1/2356 652/1/2356
f 2363/1/2357 651/1/2357 2366/1/2357
f 2366/1/2358 660/1/2358 2363/1/2358
f 2367/1/2359 599/1/2359 601/1/2359
f 2367/1/2360 600/1/2360 2368/1/2360
f 2368/1/2361 597/1/2362 599/1/2362
f 2369/1/2363 600/1/2363 598/1/2363
f 2369/1/2364 717/1/2364 597/1/2364
f 2369/1/2365 718/1/2365 2370/1/2365
f 2367/1/2366 717/1/2366 2370/1/2366
f 2367/1/2367 718/1/2367 602/1/2367
f 2371/1/2368 557/1/2368 555/1/2368
f 2372/1/2369 556/1/2369 558/1/2369
f 2372/1/2370 551/1/2370 557/1/2370
f 2373/1/2371 558/1/2371 552/1/2371
f 2374/1/2372 551/1/2372 2373/1/2372
f 2374/1/2373 552/1/2373 554/1/2373
f 2371/1/2374 553/1/2374 2374/1/2374
f 2374/1/2375 556/1/2375 2371/1/2375
f 2375/1/2376 635/1/2376 619/1/2376
f 2375/1/2377 636/1/2377 2376/1/2377
f 2377/1/2378 635/1/2378 2376/1/2378
f 2377/1/2379 636/1/2379 720/1/2379
f 2377/1/2380 657/1/2380 719/1/2380
f 2377/1/2381 658/1/2381 2378/1/2381
f 2375/1/2382 657/1/2382 2378/1/2382
f 2375/1/2383 658/1/2383 620/1/2383
f 2380/1/2384 579/1/2385 2379/1/2386
f 2380/1/2387 580/1/2388 704/1/2387
f 2381/1/2389 703/1/2389 2380/1/2389
f 2380/1/2390 576/1/2390 2381/1/2390
f 2382/1/2391 575/1/2392 2381/1/2392
f 2382/1/2393 576/1/2394 578/1/2395
f 2382/1/2396 579/1/2397 577/1/2398
f 2382/1/2399 580/1/2400 2379/1/2401
f 2383/1/2402 821/1/2402 819/1/2402
f 2383/1/2403 822/1/2403 2384/1/2403
f 2384/1/2404 817/1/2404 821/1/2404
f 2385/1/2405 822/1/2405 818/1/2405
f 2385/1/2406 815/1/2406 817/1/2406
f 2385/1/2407 816/1/2407 2386/1/2407
f 2383/1/2408 815/1/2408 2386/1/2408
f 2386/1/2409 820/1/2409 2383/1/2409
f 2387/1/2410 773/1/2410 771/1/2410
f 2387/1/2411 774/1/2411 2388/1/2411
f 2388/1/2412 893/1/2412 773/1/2412
f 2388/1/2413 894/1/2413 2389/1/2413
f 2390/1/2414 893/1/2414 2389/1/2414
f 2390/1/2415 894/1/2415 770/1/2415
f 2390/1/2416 771/1/2416 769/1/2416
f 2390/1/2417 772/1/2417 2387/1/2417
f 2391/1/2418 711/1/2419 593/1/2420
f 2391/1/2421 712/1/2422 2392/1/2423
f 2393/1/2424 711/1/2425 2392/1/2426
f 2393/1/2427 712/1/2428 544/1/2429
f 2393/1/2430 595/1/2431 543/1/2432
f 2393/1/2433 596/1/2434 2394/1/2435
f 2394/1/2436 593/1/2437 595/1/2438
f 2394/1/2439 594/1/2440 2391/1/2441
f 2396/1/2442 597/1/2442 2395/1/2442
f 2395/1/2443 600/1/2443 2396/1/2443
f 2396/1/2444 543/1/2445 599/1/2444
f 2397/1/2446 600/1/2447 544/1/2448
f 2397/1/2449 711/1/2450 543/1/2451
f 2398/1/2452 544/1/2453 712/1/2454
f 2395/1/2455 711/1/2456 2398/1/2457
f 2398/1/2458 598/1/2459 2395/1/2459
f 2400/1/2460 545/1/2461 2399/1/2460
f 2400/1/2462 546/1/2462 588/1/2462
f 2400/1/2463 733/1/2463 587/1/2463
f 2400/1/2464 734/1/2464 2401/1/2464
f 2402/1/2465 733/1/2465 2401/1/2465
f 2402/1/2466 734/1/2466 586/1/2466
f 2399/1/2467 585/1/2467 2402/1/2467
f 2402/1/2468 546/1/2468 2399/1/2468
f 2404/1/2469 675/1/2470 2403/1/2471
f 2404/1/2472 676/1/2473 560/1/2474
f 2404/1/2475 555/1/2476 559/1/2477
f 2404/1/2478 556/1/2479 2405/1/2479
f 2405/1/2480 553/1/2480 555/1/2480
f 2406/1/2481 556/1/2481 554/1/2481
f 2406/1/2482 675/1/2483 553/1/2482
f 2406/1/2484 676/1/2485 2403/1/2486
f 2407/1/2487 677/1/2488 675/1/2489
f 2407/1/2490 678/1/2491 2408/1/2491
f 2409/1/2492 677/1/2493 2408/1/2493
f 2409/1/2494 678/1/2495 564/1/2496
f 2409/1/2497 559/1/2498 563/1/2499
f 2409/1/2500 560/1/2501 2410/1/2502
f 2410/1/2503 675/1/2504 559/1/2505
f 2410/1/2506 676/1/2507 2407/1/2508
f 2411/1/2509 539/1/2509 591/1/2509
f 2412/1/2510 592/1/2511 540/1/2510
f 2412/1/2512 707/1/2513 539/1/2512
f 2413/1/2514 540/1/2515 708/1/2516
f 2414/1/2517 707/1/2518 2413/1/2519
f 2414/1/2520 708/1/2521 590/1/2520
f 2411/1/2522 589/1/2522 2414/1/2522
f 2414/1/2523 592/1/2523 2411/1/2523
f 2416/1/2524 447/1/2524 2415/1/2524
f 2415/1/2525 498/1/2525 2416/1/2525
f 2416/1/2526 499/1/2526 497/1/2526
f 2417/1/2527 498/1/2527 500/1/2527
f 2417/1/2528 503/1/2528 499/1/2528
f 2418/1/2529 500/1/2529 504/1/2529
f 2418/1/2530 447/1/2530 503/1/2530
f 2418/1/2531 448/1/2531 2415/1/2531
f 2420/1/2532 689/1/2532 2419/1/2532
f 2420/1/2533 690/1/2533 570/1/2533
f 2420/1/2534 541/1/2534 569/1/2535
f 2420/1/2536 542/1/2536 2421/1/2536
f 2421/1/2537 567/1/2537 541/1/2537
f 2422/1/2538 542/1/2538 568/1/2538
f 2422/1/2539 689/1/2539 567/1/2539
f 2422/1/2540 690/1/2540 2419/1/2540
f 2423/1/2541 671/1/2541 561/1/2541
f 2424/1/2542 562/1/2542 672/1/2542
f 2424/1/2543 551/1/2543 671/1/2543
f 2424/1/2544 552/1/2544 2425/1/2544
f 2426/1/2545 551/1/2545 2425/1/2545
f 2425/1/2546 558/1/2546 2426/1/2546
f 2423/1/2547 557/1/2547 2426/1/2547
f 2426/1/2548 562/1/2548 2423/1/2548
f 2428/1/2549 561/1/2550 2427/1/2550
f 2428/1/2551 562/1/2552 566/1/2553
f 2428/1/2554 681/1/2555 565/1/2556
f 2428/1/2557 682/1/2558 2429/1/2559
f 2430/1/2560 681/1/2561 2429/1/2562
f 2430/1/2563 682/1/2564 672/1/2563
f 2427/1/2565 671/1/2565 2430/1/2565
f 2430/1/2566 562/1/2566 2427/1/2566
f 2432/1/2567 583/1/2568 2431/1/2569
f 2432/1/2570 584/1/2571 580/1/2572
f 2433/1/2573 579/1/2574 2432/1/2575
f 2433/1/2576 580/1/2577 578/1/2578
f 2434/1/2579 577/1/2580 2433/1/2581
f 2434/1/2582 578/1/2583 582/1/2584
f 2434/1/2585 583/1/2586 581/1/2587
f 2434/1/2588 584/1/2589 2431/1/2590
f 2436/1/2591 581/1/2592 2435/1/2593
f 2435/1/2594 546/1/2595 2436/1/2595
f 2436/1/2596 585/1/2596 545/1/2596
f 2437/1/2597 546/1/2597 586/1/2597
f 2437/1/2598 583/1/2599 585/1/2598
f 2438/1/2600 586/1/2601 584/1/2602
f 2435/1/2603 583/1/2604 2438/1/2605
f 2438/1/2606 582/1/2607 2435/1/2608
f 2440/1/2609 549/1/2610 2439/1/2609
f 2440/1/2611 550/1/2611 634/1/2611
f 2440/1/2612 609/1/2612 633/1/2612
f 2440/1/2613 610/1/2613 2441/1/2613
f 2442/1/2614 609/1/2614 2441/1/2614
f 2442/1/2615 610/1/2615 574/1/2615
f 2439/1/2616 573/1/2616 2442/1/2616
f 2442/1/2617 550/1/2617 2439/1/2617
f 2444/1/2618 465/1/2618 2443/1/2618
f 2444/1/2619 466/1/2619 464/1/2619
f 2445/1/2620 463/1/2620 2444/1/2620
f 2445/1/2621 464/1/2621 454/1/2621
f 2445/1/2622 527/1/2622 453/1/2622
f 2445/1/2623 528/1/2623 2446/1/2623
f 2446/1/2624 465/1/2624 527/1/2624
f 2446/1/2625 466/1/2625 2443/1/2625
f 2448/1/2626 603/1/2626 2447/1/2626
f 2448/1/2627 604/1/2627 852/1/2627
f 2448/1/2628 515/1/2628 851/1/2628
f 2448/1/2629 516/1/2629 2449/1/2629
f 2450/1/2630 515/1/2630 2449/1/2630
f 2450/1/2631 516/1/2631 470/1/2631
f 2447/1/2632 469/1/2632 2450/1/2632
f 2447/1/2633 470/1/2633 604/1/2633
f 2451/1/2634 591/1/2635 595/1/2636
f 2451/1/2637 592/1/2638 2452/1/2638
f 2452/1/2639 589/1/2639 591/1/2639
f 2453/1/2640 592/1/2640 590/1/2640
f 2453/1/2641 593/1/2642 589/1/2641
f 2453/1/2643 594/1/2644 2454/1/2645
f 2451/1/2646 593/1/2647 2454/1/2648
f 2451/1/2649 594/1/2650 596/1/2651
f 2455/1/2652 719/1/2652 715/1/2652
f 2455/1/2653 720/1/2653 2456/1/2653
f 2456/1/2654 635/1/2654 719/1/2654
f 2456/1/2655 636/1/2655 2457/1/2655
f 2457/1/2656 617/1/2657 635/1/2656
f 2457/1/2658 618/1/2659 2458/1/2660
f 2455/1/2661 617/1/2662 2458/1/2663
f 2455/1/2664 618/1/2665 716/1/2664
f 2460/1/2666 693/1/2666 2459/1/2666
f 2460/1/2667 694/1/2667 666/1/2667
f 2460/1/2668 621/1/2669 665/1/2668
f 2460/1/2670 622/1/2671 2461/1/2672
f 2462/1/2673 621/1/2674 2461/1/2675
f 2462/1/2676 622/1/2677 624/1/2676
f 2462/1/2678 693/1/2678 623/1/2678
f 2462/1/2679 694/1/2679 2459/1/2679
f 2464/1/2680 609/1/2681 2463/1/2682
f 2464/1/2683 610/1/2684 634/1/2685
f 2465/1/2686 633/1/2687 2464/1/2688
f 2464/1/2689 612/1/2690 2465/1/2691
f 2465/1/2692 613/1/2693 611/1/2694
f 2466/1/2695 612/1/2696 614/1/2695
f 2466/1/2697 609/1/2697 613/1/2697
f 2463/1/2698 614/1/2698 610/1/2698
f 2468/1/2699 639/1/2700 2467/1/2701
f 2468/1/2702 640/1/2703 650/1/2702
f 2468/1/2704 629/1/2705 649/1/2704
f 2468/1/2706 630/1/2707 2469/1/2708
f 2470/1/2709 629/1/2710 2469/1/2711
f 2470/1/2712 630/1/2713 628/1/2712
f 2470/1/2714 639/1/2715 627/1/2714
f 2470/1/2716 640/1/2717 2467/1/2718
f 2472/1/2719 717/1/2719 2471/1/2719
f 2471/1/2720 716/1/2720 2472/1/2720
f 2473/1/2721 715/1/2722 2472/1/2722
f 2472/1/2723 618/1/2724 2473/1/2725
f 2473/1/2726 601/1/2727 617/1/2728
f 2474/1/2729 618/1/2730 602/1/2729
f 2474/1/2731 717/1/2731 601/1/2732
f 2474/1/2733 718/1/2733 2471/1/2733
f 2476/1/2734 639/1/2734 2475/1/2734
f 2476/1/2735 640/1/2735 628/1/2736
f 2477/1/2737 627/1/2738 2476/1/2738
f 2477/1/2739 628/1/2740 732/1/2741
f 2477/1/2742 625/1/2743 731/1/2744
f 2477/1/2745 626/1/2746 2478/1/2747
f 2475/1/2748 625/1/2749 2478/1/2750
f 2475/1/2751 626/1/2752 640/1/2751
f 2480/1/2753 537/1/2753 2479/1/2753
f 2480/1/2754 538/1/2754 526/1/2754
f 2480/1/2755 471/1/2755 525/1/2755
f 2480/1/2756 472/1/2756 2481/1/2756
f 2482/1/2757 471/1/2757 2481/1/2757
f 2482/1/2758 472/1/2758 512/1/2758
f 2482/1/2759 537/1/2759 511/1/2759
f 2482/1/2760 538/1/2760 2479/1/2760
f 2483/1/2761 569/1/2762 637/1/2763
f 2484/1/2764 638/1/2765 570/1/2764
f 2484/1/2766 689/1/2766 569/1/2766
f 2484/1/2767 690/1/2767 2485/1/2767
f 2486/1/2768 689/1/2769 2485/1/2769
f 2485/1/2770 688/1/2771 2486/1/2772
f 2483/1/2773 687/1/2774 2486/1/2775
f 2486/1/2776 638/1/2777 2483/1/2778
f 2488/1/2779 615/1/2779 2487/1/2779
f 2488/1/2780 616/1/2780 614/1/2780
f 2488/1/2781 611/1/2782 613/1/2781
f 2488/1/2783 612/1/2784 2489/1/2785
f 2490/1/2786 611/1/2787 2489/1/2788
f 2490/1/2789 612/1/2790 632/1/2791
f 2487/1/2792 631/1/2793 2490/1/2794
f 2487/1/2795 632/1/2796 616/1/2795
f 2492/1/2797 631/1/2798 2491/1/2799
f 2492/1/2800 632/1/2801 670/1/2800
f 2492/1/2802 647/1/2802 669/1/2802
f 2492/1/2803 648/1/2803 2493/1/2803
f 2494/1/2804 647/1/2804 2493/1/2804
f 2494/1/2805 648/1/2805 616/1/2805
f 2494/1/2806 631/1/2807 615/1/2806
f 2494/1/2808 632/1/2809 2491/1/2810
f 2496/1/2811 835/1/2811 2495/1/2811
f 2495/1/2812 800/1/2812 2496/1/2812
f 2497/1/2813 799/1/2813 2496/1/2813
f 2496/1/2814 832/1/2814 2497/1/2814
f 2498/1/2815 831/1/2815 2497/1/2815
f 2497/1/2816 834/1/2816 2498/1/2816
f 2498/1/2817 835/1/2817 833/1/2817
f 2495/1/2818 834/1/2818 836/1/2818
f 2499/1/2819 793/1/2819 805/1/2819
f 2500/1/2820 806/1/2820 794/1/2821
f 2500/1/2822 827/1/2822 793/1/2822
f 2500/1/2823 828/1/2823 2501/1/2823
f 2502/1/2824 827/1/2824 2501/1/2824
f 2501/1/2825 838/1/2825 2502/1/2825
f 2502/1/2826 805/1/2826 837/1/2826
f 2502/1/2827 806/1/2827 2499/1/2827
f 2504/1/2828 665/1/2828 2503/1/2828
f 2503/1/2829 650/1/2829 2504/1/2829
f 2505/1/2830 649/1/2830 2504/1/2830
f 2504/1/2831 640/1/2831 2505/1/2831
f 2505/1/2832 621/1/2832 639/1/2832
f 2506/1/2833 640/1/2833 622/1/2833
f 2506/1/2834 665/1/2834 621/1/2834
f 2503/1/2835 622/1/2835 666/1/2835
f 2508/1/2836 591/1/2836 2507/1/2836
f 2507/1/2837 562/1/2837 2508/1/2837
f 2508/1/2838 557/1/2838 561/1/2838
f 2509/1/2839 562/1/2839 558/1/2839
f 2510/1/2840 557/1/2841 2509/1/2841
f 2509/1/2842 540/1/2843 2510/1/2844
f 2507/1/2845 539/1/2846 2510/1/2847
f 2510/1/2848 592/1/2849 2507/1/2849
f 2512/1/2850 853/1/2850 2511/1/2850
f 2511/1/2851 814/1/2851 2512/1/2851
f 2513/1/2852 813/1/2853 2512/1/2853
f 2512/1/2854 810/1/2854 2513/1/2855
f 2513/1/2856 863/1/2857 809/1/2858
f 2514/1/2859 810/1/2860 864/1/2859
f 2514/1/2861 853/1/2861 863/1/2861
f 2511/1/2862 864/1/2862 854/1/2862
f 2516/1/2863 827/1/2863 2515/1/2863
f 2516/1/2864 828/1/2864 794/1/2864
f 2517/1/2865 793/1/2865 2516/1/2865
f 2516/1/2866 826/1/2866 2517/1/2866
f 2517/1/2867 823/1/2867 825/1/2867
f 2518/1/2868 826/1/2868 824/1/2868
f 2518/1/2869 827/1/2870 823/1/2870
f 2515/1/2871 824/1/2871 828/1/2871
f 2519/1/2872 607/1/2872 841/1/2872
f 2519/1/2873 608/1/2873 2520/1/2873
f 2521/1/2874 607/1/2874 2520/1/2874
f 2520/1/2875 606/1/2875 2521/1/2875
f 2522/1/2876 605/1/2876 2521/1/2876
f 2522/1/2877 606/1/2877 846/1/2877
f 2522/1/2878 841/1/2878 845/1/2878
f 2522/1/2879 842/1/2879 2519/1/2879
f 2524/1/2880 659/1/2881 2523/1/2882
f 2523/1/2883 664/1/2884 2524/1/2885
f 2525/1/2886 663/1/2887 2524/1/2888
f 2525/1/2889 664/1/2890 696/1/2889
f 2525/1/2891 641/1/2891 695/1/2891
f 2525/1/2892 642/1/2892 2526/1/2892
f 2523/1/2893 641/1/2894 2526/1/2894
f 2523/1/2895 642/1/2896 660/1/2897
f 2527/1/2898 619/1/2899 667/1/2900
f 2528/1/2901 668/1/2902 620/1/2901
f 2528/1/2903 657/1/2904 619/1/2903
f 2528/1/2905 658/1/2906 2529/1/2907
f 2530/1/2908 657/1/2908 2529/1/2909
f 2529/1/2910 656/1/2911 2530/1/2912
f 2530/1/2913 667/1/2914 655/1/2915
f 2530/1/2916 668/1/2917 2527/1/2918
f 2532/1/2919 661/1/2919 2531/1/2919
f 2532/1/2920 662/1/2920 730/1/2920
f 2532/1/2921 629/1/2921 729/1/2921
f 2533/1/2922 730/1/2922 630/1/2922
f 2534/1/2923 629/1/2924 2533/1/2924
f 2534/1/2925 630/1/2926 650/1/2927
f 2531/1/2928 649/1/2929 2534/1/2930
f 2534/1/2931 662/1/2932 2531/1/2932
f 2536/1/2933 883/1/2933 2535/1/2933
f 2535/1/2934 480/1/2934 2536/1/2934
f 2536/1/2935 475/1/2935 479/1/2935
f 2536/1/2936 476/1/2936 2537/1/2936
f 2537/1/2937 753/1/2938 475/1/2938
f 2538/1/2939 476/1/2939 754/1/2939
f 2538/1/2940 883/1/2940 753/1/2940
f 2538/1/2941 884/1/2941 2535/1/2941
f 2539/1/2942 659/1/2942 645/1/2942
f 2540/1/2943 646/1/2943 660/1/2943
f 2540/1/2944 641/1/2944 659/1/2944
f 2540/1/2945 642/1/2945 2541/1/2945
f 2542/1/2946 641/1/2946 2541/1/2946
f 2542/1/2947 642/1/2947 644/1/2947
f 2542/1/2948 645/1/2948 643/1/2948
f 2542/1/2949 646/1/2949 2539/1/2949
f 2543/1/2950 653/1/2950 651/1/2950
f 2543/1/2951 654/1/2951 2544/1/2951
f 2545/1/2952 653/1/2952 2544/1/2952
f 2545/1/2953 654/1/2953 730/1/2953
f 2545/1/2954 661/1/2955 729/1/2954
f 2545/1/2956 662/1/2957 2546/1/2958
f 2546/1/2959 651/1/2960 661/1/2961
f 2543/1/2962 662/1/2963 652/1/2962
f 2548/1/2964 669/1/2965 2547/1/2965
f 2547/1/2966 646/1/2967 2548/1/2968
f 2549/1/2969 645/1/2970 2548/1/2971
f 2549/1/2972 646/1/2973 644/1/2972
f 2549/1/2974 647/1/2975 643/1/2974
f 2550/1/2976 644/1/2977 648/1/2978
f 2547/1/2979 647/1/2980 2550/1/2981
f 2547/1/2982 648/1/2983 670/1/2982
f 2552/1/2984 673/1/2984 2551/1/2984
f 2551/1/2985 870/1/2985 2552/1/2985
f 2553/1/2986 869/1/2986 2552/1/2986
f 2553/1/2987 870/1/2987 868/1/2987
f 2553/1/2988 859/1/2988 867/1/2988
f 2554/1/2989 868/1/2989 860/1/2989
f 2551/1/2990 859/1/2990 2554/1/2990
f 2551/1/2991 860/1/2991 674/1/2991
f 2556/1/2861 869/1/2861 2555/1/2861
f 2555/1/2862 872/1/2862 2556/1/2862
f 2556/1/2992 865/1/2992 871/1/2992
f 2556/1/2993 866/1/2993 2557/1/2993
f 2558/1/2994 865/1/2995 2557/1/2995
f 2557/1/2996 868/1/2996 2558/1/2997
f 2558/1/2998 869/1/2998 867/1/2998
f 2555/1/2999 868/1/2999 870/1/2999
f 2560/1/3000 659/1/3000 2559/1/3000
f 2560/1/3001 660/1/3001 652/1/3001
f 2561/1/3002 651/1/3002 2560/1/3002
f 2560/1/3003 662/1/3004 2561/1/3003
f 2562/1/3005 661/1/3005 2561/1/3005
f 2561/1/3006 664/1/3006 2562/1/3006
f 2562/1/3007 659/1/3007 663/1/3007
f 2559/1/3008 664/1/3008 660/1/3008
f 2564/1/2327 709/1/2327 2563/1/2327
f 2563/1/2328 706/1/2328 2564/1/2328
f 2565/1/3009 705/1/3009 2564/1/2329
f 2564/1/2330 866/1/2330 2565/1/2330
f 2566/1/2331 865/1/2331 2565/1/2331
f 2565/1/2332 872/1/2332 2566/1/2332
f 2566/1/2333 709/1/2333 871/1/2333
f 2563/1/2334 872/1/2334 710/1/2334
f 2567/1/3010 707/1/3011 703/1/3010
f 2567/1/3012 708/1/3013 2568/1/3014
f 2569/1/3015 707/1/3016 2568/1/3017
f 2568/1/3018 540/1/3019 2569/1/3019
f 2570/1/3020 539/1/3020 2569/1/3020
f 2569/1/3021 576/1/3021 2570/1/3021
f 2570/1/3022 703/1/3022 575/1/3022
f 2567/1/3023 576/1/3023 704/1/3023
f 2572/1/3024 747/1/3024 2571/1/3024
f 2572/1/3025 748/1/3025 538/1/3025
f 2573/1/3026 537/1/3026 2572/1/3027
f 2572/1/3028 750/1/3028 2573/1/3028
f 2574/1/3029 749/1/3029 2573/1/3029
f 2574/1/3030 750/1/3030 746/1/3030
f 2574/1/3031 747/1/3031 745/1/3031
f 2571/1/3032 746/1/3032 748/1/3032
f 2576/1/3033 685/1/3033 2575/1/3033
f 2576/1/3034 686/1/3034 614/1/3034
f 2576/1/3035 615/1/3035 613/1/3035
f 2576/1/3036 616/1/3036 2577/1/3036
f 2578/1/3037 615/1/3037 2577/1/3037
f 2578/1/3038 616/1/3038 702/1/3038
f 2578/1/3039 685/1/3039 701/1/3039
f 2578/1/3040 686/1/3040 2575/1/3040
f 2580/1/3041 761/1/3041 2579/1/3041
f 2580/1/3042 762/1/3042 758/1/3042
f 2580/1/3043 889/1/3043 757/1/3043
f 2580/1/3044 890/1/3044 2581/1/3044
f 2581/1/3045 891/1/3045 889/1/3045
f 2582/1/3046 890/1/3046 892/1/3046
f 2579/1/3047 891/1/3047 2582/1/3047
f 2582/1/3048 762/1/3048 2579/1/3048
f 2584/1/3049 651/1/3050 2583/1/3050
f 2583/1/3051 668/1/3052 2584/1/3053
f 2585/1/3054 667/1/3055 2584/1/3056
f 2585/1/3057 668/1/3058 656/1/3059
f 2585/1/3060 653/1/3061 655/1/3062
f 2585/1/3063 654/1/3064 2586/1/3065
f 2583/1/3066 653/1/3067 2586/1/3068
f 2583/1/3069 654/1/3070 652/1/3069
f 2587/1/3071 731/1/3072 625/1/3073
f 2588/1/3074 626/1/3075 732/1/3076
f 2588/1/3077 733/1/3078 731/1/3079
f 2589/1/3080 732/1/3081 734/1/3080
f 2590/1/3082 733/1/3082 2589/1/3082
f 2590/1/3083 734/1/3083 588/1/3083
f 2587/1/3084 587/1/3085 2590/1/3085
f 2590/1/3086 626/1/3087 2587/1/3088
f 2591/1/3089 553/1/3089 675/1/3089
f 2591/1/3090 554/1/3090 2592/1/3090
f 2593/1/3091 553/1/3091 2592/1/3091
f 2593/1/3092 554/1/3092 552/1/3092
f 2593/1/3093 671/1/3093 551/1/3093
f 2593/1/3094 672/1/3094 2594/1/3094
f 2595/1/3089 671/1/3089 2594/1/3089
f 2595/1/3095 672/1/3095 682/1/3095
f 2596/1/3096 681/1/3096 2595/1/3096
f 2595/1/3097 572/1/3097 2596/1/3097
f 2596/1/3098 573/1/3099 571/1/3098
f 2596/1/3100 574/1/3101 2597/1/3100
f 2598/1/3102 573/1/3102 2597/1/3102
f 2598/1/3103 574/1/3103 610/1/3103
f 2598/1/3104 613/1/3104 609/1/3104
f 2598/1/3105 614/1/3105 2599/1/3105
f 2599/1/3106 685/1/3106 613/1/3106
f 2600/1/3107 614/1/3107 686/1/3107
f 2600/1/3108 679/1/3108 685/1/3108
f 2600/1/3109 680/1/3109 2601/1/3109
f 2601/1/3110 673/1/3110 679/1/3110
f 2602/1/3111 680/1/3111 674/1/3111
f 2603/1/3112 673/1/3112 2602/1/3112
f 2603/1/3113 674/1/3113 860/1/3113
f 2604/1/3112 859/1/3112 2603/1/3112
f 2603/1/3113 858/1/3113 2604/1/3113
f 2604/1/3114 785/1/3115 857/1/3115
f 2604/1/3116 786/1/3116 2605/1/3117
f 2606/1/3118 785/1/3118 2605/1/3118
f 2606/1/3119 786/1/3119 684/1/3119
f 2607/1/3120 683/1/3120 2606/1/3120
f 2607/1/3121 684/1/3121 788/1/3121
f 2607/1/3122 691/1/3122 787/1/3122
f 2607/1/3123 692/1/3123 2608/1/3123
f 2609/1/3124 691/1/3124 2608/1/3124
f 2609/1/3125 692/1/3125 790/1/3125
f 2610/1/3126 789/1/3126 2609/1/3126
f 2610/1/3127 790/1/3127 792/1/3127
f 2610/1/3128 697/1/3128 791/1/3128
f 2610/1/3129 698/1/3129 2611/1/3129
f 2611/1/3130 699/1/3130 697/1/3130
f 2611/1/3131 700/1/3131 2612/1/3131
f 2613/1/3132 699/1/3132 2612/1/3132
f 2613/1/3133 700/1/3133 702/1/3133
f 2613/1/3134 615/1/3134 701/1/3134
f 2613/1/3135 616/1/3135 2614/1/3135
f 2614/1/3136 647/1/3136 615/1/3136
f 2615/1/3137 616/1/3137 648/1/3137
f 2615/1/3138 643/1/3138 647/1/3138
f 2615/1/3139 644/1/3139 2616/1/3139
f 2617/1/3140 643/1/3140 2616/1/3140
f 2617/1/3141 644/1/3141 642/1/3141
f 2617/1/3142 695/1/3142 641/1/3142
f 2617/1/3143 696/1/3143 2618/1/3143
f 2619/1/3144 695/1/3144 2618/1/3144
f 2619/1/3145 696/1/3145 694/1/3145
f 2619/1/3146 623/1/3146 693/1/3146
f 2619/1/3147 624/1/3147 2620/1/3147
f 2621/1/3148 623/1/3148 2620/1/3148
f 2621/1/3149 624/1/3149 688/1/3149
f 2622/1/3150 687/1/3150 2621/1/3150
f 2622/1/3151 688/1/3151 690/1/3151
f 2622/1/3152 567/1/3152 689/1/3152
f 2622/1/3153 568/1/3153 2623/1/3153
f 2624/1/3154 567/1/3154 2623/1/3154
f 2624/1/3155 568/1/3155 678/1/3155
f 2624/1/3156 675/1/3156 677/1/3156
f 2591/1/3157 678/1/3157 676/1/3157
f 2626/1/3158 513/1/3158 2625/1/3158
f 2625/1/3159 830/1/3159 2626/1/3159
f 2626/1/3160 529/1/3160 829/1/3160
f 2626/1/3161 530/1/3161 2627/1/3161
f 2627/1/3162 751/1/3162 529/1/3162
f 2628/1/3163 530/1/3163 752/1/3163
f 2628/1/3164 513/1/3164 751/1/3164
f 2628/1/3165 514/1/3165 2625/1/3165
f 2629/1/3166 881/1/3166 477/1/3166
f 2630/1/3167 478/1/3167 882/1/3167
f 2630/1/3168 877/1/3169 881/1/3170
f 2631/1/3171 882/1/3172 878/1/3173
f 2632/1/3174 877/1/3175 2631/1/3176
f 2632/1/3177 878/1/3178 876/1/3177
f 2629/1/3179 875/1/3179 2632/1/3179
f 2632/1/3180 478/1/3180 2629/1/3180
f 2634/1/3181 735/1/3181 2633/1/3181
f 2633/1/3182 738/1/3182 2634/1/3182
f 2634/1/3183 533/1/3183 737/1/3183
f 2634/1/3184 534/1/3184 2635/1/3184
f 2635/1/3185 457/1/3185 533/1/3185
f 2636/1/3186 534/1/3187 458/1/3186
f 2636/1/3188 735/1/3188 457/1/3188
f 2636/1/3189 736/1/3189 2633/1/3189
f 2638/1/3190 519/1/3190 2637/1/3190
f 2638/1/3191 520/1/3191 744/1/3191
f 2639/1/3192 743/1/3192 2638/1/3192
f 2638/1/3193 740/1/3193 2639/1/3193
f 2640/1/3194 739/1/3194 2639/1/3194
f 2640/1/3195 740/1/3195 742/1/3195
f 2640/1/3196 519/1/3196 741/1/3196
f 2637/1/3197 742/1/3197 520/1/3197
f 2642/1/3198 757/1/3198 2641/1/3198
f 2642/1/3199 758/1/3199 486/1/3199
f 2643/1/3200 485/1/3200 2642/1/3200
f 2642/1/3201 496/1/3201 2643/1/3201
f 2644/1/3202 495/1/3202 2643/1/3202
f 2644/1/3203 496/1/3203 760/1/3203
f 2644/1/3204 757/1/3204 759/1/3204
f 2641/1/3205 760/1/3205 758/1/3205
f 2646/1/3206 783/1/3206 2645/1/3206
f 2646/1/3207 784/1/3207 828/1/3207
f 2647/1/3208 827/1/3209 2646/1/3209
f 2646/1/3210 824/1/3211 2647/1/3212
f 2648/1/3213 823/1/3214 2647/1/3215
f 2648/1/3216 824/1/3217 728/1/3218
f 2648/1/3219 783/1/3220 727/1/3221
f 2648/1/3222 784/1/3223 2645/1/3223
f 2650/1/3224 875/1/3224 2649/1/3224
f 2650/1/3225 876/1/3225 764/1/3225
f 2651/1/3226 763/1/3226 2650/1/3226
f 2650/1/3227 474/1/3227 2651/1/3227
f 2652/1/3228 473/1/3228 2651/1/3228
f 2652/1/3229 474/1/3229 478/1/3229
f 2652/1/3230 875/1/3230 477/1/3230
f 2649/1/3231 478/1/3231 876/1/3231
f 2653/1/3232 755/1/3232 501/1/3232
f 2653/1/3233 756/1/3233 2654/1/3233
f 2654/1/3234 883/1/3234 755/1/3234
f 2654/1/3235 884/1/3236 2655/1/3235
f 2656/1/3237 883/1/3237 2655/1/3237
f 2656/1/3238 884/1/3238 754/1/3238
f 2656/1/3239 501/1/3239 753/1/3239
f 2656/1/3240 502/1/3240 2653/1/3240
f 2658/1/3241 893/1/3241 2657/1/3241
f 2657/1/3242 898/1/3242 2658/1/3242
f 2658/1/3243 767/1/3243 897/1/3243
f 2658/1/3244 768/1/3244 2659/1/3244
f 2659/1/3245 769/1/3245 767/1/3245
f 2660/1/3246 768/1/3246 770/1/3246
f 2660/1/3247 893/1/3247 769/1/3247
f 2660/1/3248 894/1/3248 2657/1/3248
f 2661/1/3249 799/1/3249 831/1/3249
f 2662/1/3250 832/1/3250 800/1/3250
f 2662/1/3251 721/1/3251 799/1/3251
f 2663/1/3252 800/1/3252 722/1/3252
f 2664/1/3253 721/1/3253 2663/1/3253
f 2664/1/3254 722/1/3254 714/1/3254
f 2664/1/3255 831/1/3255 713/1/3255
f 2664/1/3256 832/1/3256 2661/1/3256
f 2666/1/3257 875/1/3257 2665/1/3257
f 2666/1/3258 876/1/3258 874/1/3258
f 2667/1/3259 873/1/3259 2666/1/3259
f 2667/1/3260 874/1/3260 766/1/3260
f 2668/1/3261 765/1/3261 2667/1/3261
f 2668/1/3262 766/1/3262 764/1/3262
f 2668/1/3263 875/1/3263 763/1/3263
f 2668/1/3264 876/1/3264 2665/1/3264
f 2670/1/3265 809/1/3265 2669/1/3265
f 2670/1/3266 810/1/3266 808/1/3266
f 2671/1/3267 807/1/3267 2670/1/3267
f 2671/1/3268 808/1/3268 684/1/3268
f 2672/1/3269 683/1/3269 2671/1/3269
f 2672/1/3270 684/1/3270 786/1/3270
f 2672/1/3271 809/1/3271 785/1/3271
f 2672/1/3272 810/1/3272 2669/1/3272
f 2673/1/3273 817/1/3273 807/1/3273
f 2674/1/3274 808/1/3274 818/1/3274
f 2674/1/3275 787/1/3276 817/1/3275
f 2675/1/3277 818/1/3278 788/1/3279
f 2676/1/3280 787/1/3281 2675/1/3282
f 2676/1/3283 788/1/3284 684/1/3283
f 2676/1/3285 807/1/3285 683/1/3285
f 2676/1/3286 808/1/3286 2673/1/3286
f 2678/1/3287 701/1/3288 2677/1/3289
f 2678/1/3290 702/1/3291 700/1/3292
f 2678/1/3293 803/1/3294 699/1/3295
f 2678/1/3296 804/1/3297 2679/1/3298
f 2679/1/3299 835/1/3300 803/1/3301
f 2680/1/3302 804/1/3303 836/1/3302
f 2680/1/3304 701/1/3305 835/1/3304
f 2677/1/3306 836/1/3307 702/1/3308
f 2682/1/3309 821/1/3310 2681/1/3311
f 2682/1/3312 822/1/3313 826/1/3314
f 2682/1/3315 789/1/3316 825/1/3317
f 2683/1/3318 826/1/3319 790/1/3320
f 2684/1/3321 789/1/3322 2683/1/3323
f 2684/1/3324 790/1/3325 692/1/3326
f 2684/1/3327 821/1/3328 691/1/3329
f 2684/1/3330 822/1/3331 2681/1/3332
f 2685/1/3333 827/1/3334 837/1/3335
f 2686/1/3336 838/1/3337 828/1/3338
f 2686/1/3339 783/1/3340 827/1/3341
f 2686/1/3342 784/1/3343 2687/1/3344
f 2688/1/3345 783/1/3346 2687/1/3347
f 2688/1/3348 784/1/3349 726/1/3350
f 2688/1/3351 837/1/3352 725/1/3353
f 2688/1/3354 838/1/3355 2685/1/3356
f 2690/1/3357 713/1/3357 2689/1/3357
f 2690/1/3358 714/1/3358 798/1/3358
f 2690/1/3359 795/1/3359 797/1/3359
f 2690/1/3360 796/1/3360 2691/1/3360
f 2692/1/3361 795/1/3361 2691/1/3361
f 2692/1/3362 796/1/3362 832/1/3362
f 2689/1/3363 831/1/3363 2692/1/3363
f 2689/1/3364 832/1/3364 714/1/3364
f 2694/1/3365 673/1/3365 2693/1/3365
f 2694/1/3366 674/1/3366 680/1/3366
f 2694/1/3367 861/1/3367 679/1/3367
f 2694/1/3368 862/1/3368 2695/1/3368
f 2695/1/3369 869/1/3370 861/1/3370
f 2696/1/3371 862/1/3371 870/1/3371
f 2696/1/3372 673/1/3372 869/1/3372
f 2693/1/2989 870/1/2989 674/1/2989
f 2698/1/3373 779/1/3374 2697/1/3375
f 2698/1/3376 780/1/3377 782/1/3378
f 2698/1/3379 819/1/3380 781/1/3381
f 2698/1/3382 820/1/3383 2699/1/3384
f 2699/1/3385 815/1/3386 819/1/3387
f 2700/1/3388 820/1/3389 816/1/3388
f 2700/1/3390 779/1/3391 815/1/3390
f 2697/1/3392 816/1/3393 780/1/3394
f 2701/1/3395 803/1/3396 805/1/3397
f 2701/1/3398 804/1/3399 2702/1/3400
f 2703/1/3401 803/1/3402 2702/1/3403
f 2703/1/3404 804/1/3405 700/1/3406
f 2703/1/3407 697/1/3408 699/1/3409
f 2703/1/3410 698/1/3411 2704/1/3412
f 2701/1/3413 697/1/3414 2704/1/3415
f 2704/1/3416 806/1/3417 2701/1/3418
f 2706/1/3419 793/1/3420 2705/1/3420
f 2705/1/3421 806/1/3422 2706/1/3423
f 2707/1/3424 805/1/3425 2706/1/3426
f 2707/1/3427 806/1/3428 698/1/3429
f 2707/1/3430 791/1/3431 697/1/3432
f 2707/1/3433 792/1/3434 2708/1/3435
f 2705/1/3436 791/1/3437 2708/1/3438
f 2705/1/3439 792/1/3440 794/1/3439
f 2709/1/3441 833/1/3441 685/1/3441
f 2709/1/3442 834/1/3442 2710/1/3442
f 2710/1/3443 861/1/3443 833/1/3443
f 2710/1/3444 862/1/3444 2711/1/3444
f 2712/1/3445 861/1/3445 2711/1/3445
f 2712/1/3446 862/1/3446 680/1/3446
f 2712/1/3447 685/1/3447 679/1/3447
f 2712/1/3448 686/1/3448 2709/1/3448
f 2714/1/3449 701/1/3449 2713/1/3449
f 2713/1/3450 836/1/3450 2714/1/3450
f 2715/1/3451 835/1/3451 2714/1/3451
f 2714/1/3452 834/1/3452 2715/1/3452
f 2716/1/3453 833/1/3453 2715/1/3453
f 2716/1/3454 834/1/3454 686/1/3455
f 2716/1/3456 701/1/3456 685/1/3456
f 2716/1/3457 702/1/3457 2713/1/3457
f 2717/1/3458 775/1/3458 731/1/3458
f 2718/1/3459 732/1/3459 776/1/3459
f 2718/1/3460 777/1/3461 775/1/3460
f 2718/1/3462 778/1/3463 2719/1/3463
f 2720/1/3464 777/1/3465 2719/1/3465
f 2720/1/3466 778/1/3466 856/1/3467
f 2721/1/3468 855/1/3468 2720/1/3468
f 2720/1/3469 706/1/3469 2721/1/3469
f 2721/1/3470 709/1/3471 705/1/3472
f 2722/1/3473 706/1/3473 710/1/3474
f 2722/1/3475 797/1/3475 709/1/3475
f 2722/1/3476 798/1/3476 2723/1/3476
f 2724/1/3477 797/1/3477 2723/1/3477
f 2724/1/3478 798/1/3478 714/1/3478
f 2725/1/3479 713/1/3479 2724/1/3479
f 2725/1/3480 714/1/3480 722/1/3480
f 2725/1/3481 723/1/3481 721/1/3481
f 2725/1/3482 724/1/3482 2726/1/3482
f 2727/1/3483 723/1/3483 2726/1/3483
f 2727/1/3484 724/1/3484 726/1/3484
f 2728/1/3485 725/1/3485 2727/1/3485
f 2728/1/3486 726/1/3486 784/1/3486
f 2728/1/3487 727/1/3487 783/1/3487
f 2728/1/3488 728/1/3488 2729/1/3488
f 2729/1/3489 781/1/3489 727/1/3489
f 2729/1/3490 782/1/3490 2730/1/3490
f 2731/1/3491 781/1/3491 2730/1/3491
f 2731/1/3492 782/1/3492 780/1/3492
f 2731/1/3493 627/1/3493 779/1/3493
f 2731/1/3494 628/1/3494 2732/1/3494
f 2732/1/3495 629/1/3495 627/1/3495
f 2733/1/3496 628/1/3496 630/1/3496
f 2733/1/3497 729/1/3497 629/1/3497
f 2733/1/3498 730/1/3498 2734/1/3498
f 2735/1/3499 729/1/3499 2734/1/3499
f 2735/1/3500 730/1/3500 654/1/3500
f 2735/1/3501 655/1/3501 653/1/3501
f 2735/1/3502 656/1/3502 2736/1/3502
f 2737/1/3503 655/1/3503 2736/1/3503
f 2737/1/3504 656/1/3504 658/1/3504
f 2737/1/3505 719/1/3505 657/1/3505
f 2737/1/3506 720/1/3506 2738/1/3506
f 2739/1/3507 719/1/3507 2738/1/3507
f 2739/1/3508 720/1/3508 716/1/3508
f 2740/1/3509 715/1/3509 2739/1/3509
f 2740/1/3510 716/1/3510 718/1/3510
f 2740/1/3511 597/1/3511 717/1/3511
f 2740/1/3512 598/1/3512 2741/1/3513
f 2742/1/3514 597/1/3514 2741/1/3514
f 2742/1/3515 598/1/3515 712/1/3516
f 2742/1/3517 593/1/3517 711/1/3517
f 2743/1/3518 712/1/3518 594/1/3518
f 2743/1/3519 589/1/3519 593/1/3519
f 2743/1/3520 590/1/3520 2744/1/3520
f 2745/1/3521 589/1/3521 2744/1/3521
f 2745/1/3522 590/1/3522 708/1/3522
f 2745/1/3523 703/1/3523 707/1/3523
f 2745/1/3524 704/1/3524 2746/1/3524
f 2747/1/3519 703/1/3519 2746/1/3519
f 2747/1/3525 704/1/3525 580/1/3525
f 2748/1/3526 579/1/3526 2747/1/3526
f 2747/1/3527 584/1/3527 2748/1/3527
f 2748/1/3528 585/1/3528 583/1/3528
f 2748/1/3529 586/1/3529 2749/1/3529
f 2749/1/3530 733/1/3530 585/1/3531
f 2750/1/3532 586/1/3533 734/1/3533
f 2750/1/3534 731/1/3534 733/1/3534
f 2750/1/3535 732/1/3535 2717/1/3535
f 2752/1/3536 727/1/3537 2751/1/3538
f 2751/1/3539 824/1/3540 2752/1/3541
f 2752/1/3542 819/1/3543 823/1/3544
f 2752/1/3545 820/1/3546 2753/1/3547
f 2754/1/3548 819/1/3549 2753/1/3550
f 2754/1/3551 820/1/3552 782/1/3553
f 2754/1/3554 727/1/3555 781/1/3556
f 2754/1/3557 728/1/3558 2751/1/3559
f 2755/1/3560 793/1/3561 825/1/3562
f 2756/1/3563 826/1/3564 794/1/3565
f 2756/1/3566 791/1/3567 793/1/3568
f 2756/1/3569 792/1/3570 2757/1/3571
f 2758/1/3572 791/1/3573 2757/1/3574
f 2758/1/3575 792/1/3576 790/1/3577
f 2758/1/3578 825/1/3579 789/1/3580
f 2758/1/3581 826/1/3582 2755/1/3583
f 2759/1/3584 461/1/3584 475/1/3584
f 2760/1/3585 476/1/3585 462/1/3585
f 2761/1/3586 461/1/3586 2760/1/3586
f 2761/1/3587 462/1/3587 460/1/3587
f 2762/1/3588 459/1/3588 2761/1/3588
f 2761/1/3589 506/1/3589 2762/1/3589
f 2759/1/3590 505/1/3590 2762/1/3590
f 2759/1/3591 506/1/3591 476/1/3591
f 2764/1/3592 779/1/3593 2763/1/3594
f 2763/1/3595 816/1/3596 2764/1/3596
f 2765/1/3597 815/1/3597 2764/1/3597
f 2764/1/3598 812/1/3598 2765/1/3598
f 2766/1/3599 811/1/3599 2765/1/3599
f 2766/1/3600 812/1/3600 776/1/3600
f 2766/1/3601 779/1/3602 775/1/3601
f 2766/1/3603 780/1/3604 2763/1/3605
f 2768/1/3606 801/1/3607 2767/1/3608
f 2768/1/3609 802/1/3610 724/1/3611
f 2768/1/3612 721/1/3613 723/1/3614
f 2768/1/3615 722/1/3616 2769/1/3616
f 2770/1/3617 721/1/3617 2769/1/3617
f 2769/1/3618 800/1/3618 2770/1/3618
f 2767/1/3619 799/1/3620 2770/1/3620
f 2770/1/3621 802/1/3622 2767/1/3623
f 2771/1/3624 845/1/3625 843/1/3626
f 2772/1/3627 844/1/3628 846/1/3627
f 2772/1/3629 747/1/3630 845/1/3629
f 2772/1/3631 748/1/3632 2773/1/3633
f 2774/1/3634 747/1/3635 2773/1/3636
f 2773/1/3637 746/1/3638 2774/1/3638
f 2774/1/3639 843/1/3640 745/1/3639
f 2774/1/3641 844/1/3642 2771/1/3643
f 2776/1/3644 813/1/3644 2775/1/3644
f 2776/1/3645 814/1/3645 778/1/3645
f 2776/1/3646 775/1/3646 777/1/3646
f 2776/1/3647 776/1/3647 2777/1/3647
f 2777/1/3648 811/1/3648 775/1/3648
f 2777/1/3649 812/1/3649 2778/1/3649
f 2778/1/3650 813/1/3650 811/1/3650
f 2778/1/3651 814/1/3651 2775/1/3651
f 2780/1/3652 735/1/3652 2779/1/3652
f 2780/1/3653 736/1/3653 842/1/3653
f 2781/1/3654 841/1/3654 2780/1/3654
f 2780/1/3655 840/1/3655 2781/1/3655
f 2782/1/3656 839/1/3656 2781/1/3656
f 2782/1/3657 840/1/3657 738/1/3657
f 2782/1/3658 735/1/3658 737/1/3658
f 2779/1/3659 738/1/3659 736/1/3659
f 2784/1/3660 851/1/3660 2783/1/3660
f 2783/1/3661 850/1/3661 2784/1/3661
f 2785/1/3662 849/1/3662 2784/1/3662
f 2785/1/3663 850/1/3663 830/1/3663
f 2785/1/3664 513/1/3664 829/1/3665
f 2786/1/3666 830/1/3666 514/1/3666
f 2783/1/3667 513/1/3667 2786/1/3667
f 2783/1/3668 514/1/3668 852/1/3668
f 2788/1/3669 621/1/3669 2787/1/3669
f 2788/1/3670 622/1/3670 640/1/3670
f 2788/1/3671 625/1/3671 639/1/3671
f 2789/1/3672 640/1/3672 626/1/3672
f 2790/1/3673 625/1/3673 2789/1/3673
f 2790/1/3674 626/1/3674 638/1/3674
f 2787/1/3675 637/1/3675 2790/1/3675
f 2790/1/3676 622/1/3676 2787/1/3676
f 2792/1/3677 633/1/3677 2791/1/3678
f 2792/1/3679 634/1/3680 602/1/3679
f 2793/1/3681 601/1/3681 2792/1/3681
f 2792/1/3682 618/1/3682 2793/1/3682
f 2794/1/3683 617/1/3683 2793/1/3683
f 2793/1/3684 612/1/3684 2794/1/3684
f 2794/1/3685 633/1/3686 611/1/3685
f 2791/1/3687 612/1/3688 634/1/3689
f 2795/1/3690 571/1/3691 573/1/3690
f 2796/1/3692 574/1/3693 572/1/3694
f 2797/1/3695 571/1/3696 2796/1/3697
f 2796/1/3698 548/1/3699 2797/1/3700
f 2798/1/3701 547/1/3702 2797/1/3703
f 2797/1/3704 550/1/3705 2798/1/3705
f 2798/1/3706 573/1/3706 549/1/3706
f 2795/1/3707 550/1/3707 574/1/3707
f 2800/1/2992 865/1/2992 2799/1/2992
f 2799/1/2993 854/1/2993 2800/1/2993
f 2801/1/2995 853/1/2995 2800/1/2995
f 2800/1/2996 864/1/2996 2801/1/2996
f 2802/1/2998 863/1/2998 2801/1/2998
f 2801/1/2999 868/1/2999 2802/1/2999
f 2799/1/2861 867/1/2861 2802/1/2861
f 2799/1/2862 868/1/2862 866/1/2862
f 2803/1/3708 539/1/3709 575/1/3710
f 2804/1/3711 576/1/3712 540/1/3713
f 2805/1/3714 539/1/3715 2804/1/3716
f 2804/1/3717 558/1/3718 2805/1/3719
f 2806/1/3720 557/1/3721 2805/1/3722
f 2805/1/3723 556/1/3724 2806/1/3724
f 2803/1/3725 555/1/3725 2806/1/3725
f 2806/1/3726 576/1/3726 2803/1/3727
f 2808/1/3728 519/1/3729 2807/1/3730
f 2807/1/3731 742/1/3732 2808/1/3733
f 2808/1/3734 847/1/3735 741/1/3736
f 2808/1/3737 848/1/3738 2809/1/3738
f 2809/1/3739 603/1/3740 847/1/3739
f 2810/1/3741 848/1/3742 604/1/3743
f 2810/1/3744 519/1/3745 603/1/3746
f 2810/1/3747 520/1/3748 2807/1/3749
f 2812/1/3750 753/1/3751 2811/1/3751
f 2811/1/3752 476/1/3753 2812/1/3754
f 2812/1/3755 505/1/3756 475/1/3757
f 2813/1/3758 476/1/3759 506/1/3758
f 2813/1/3760 503/1/3760 505/1/3760
f 2814/1/3761 506/1/3761 504/1/3761
f 2814/1/3762 753/1/3762 503/1/3762
f 2814/1/3763 754/1/3763 2811/1/3763
f 2815/1/3764 565/1/3764 595/1/3764
f 2816/1/3765 596/1/3765 566/1/3765
f 2817/1/3766 565/1/3766 2816/1/3766
f 2816/1/3767 562/1/3767 2817/1/3767
f 2818/1/3768 561/1/3768 2817/1/3768
f 2817/1/3769 592/1/3769 2818/1/3769
f 2818/1/3770 595/1/3770 591/1/3770
f 2815/1/3771 592/1/3771 596/1/3771
f 2820/1/3772 543/1/3772 2819/1/3772
f 2819/1/3773 600/1/3773 2820/1/3773
f 2821/1/2133 599/1/2133 2820/1/2133
f 2820/1/2132 550/1/2132 2821/1/2132
f 2821/1/3774 547/1/3774 549/1/3774
f 2822/1/3775 550/1/3775 548/1/3775
f 2822/1/3776 543/1/3776 547/1/3776
f 2822/1/3777 544/1/3777 2819/1/3777
f 2824/1/3778 677/1/3779 2823/1/3780
f 2823/1/3781 568/1/3782 2824/1/3782
f 2825/1/3783 567/1/3783 2824/1/3783
f 2824/1/3784 542/1/3784 2825/1/3784
f 2825/1/3785 563/1/3786 541/1/3785
f 2826/1/3787 542/1/3788 564/1/3789
f 2826/1/3790 677/1/3791 563/1/3792
f 2823/1/3793 564/1/3794 678/1/3795
f 2828/1/3796 823/1/3796 2827/1/3796
f 2827/1/3797 826/1/3797 2828/1/3797
f 2829/1/3798 825/1/3798 2828/1/3798
f 2828/1/3799 822/1/3799 2829/1/3799
f 2829/1/3800 819/1/3800 821/1/3800
f 2830/1/3801 822/1/3801 820/1/3801
f 2830/1/3802 823/1/3802 819/1/3802
f 2827/1/3803 820/1/3803 824/1/3803
f 2831/1/3804 547/1/3804 543/1/3804
f 2831/1/3805 548/1/3805 2832/1/3805
f 2832/1/3806 565/1/3806 547/1/3806
f 2833/1/3807 548/1/3807 566/1/3807
f 2834/1/3808 565/1/3808 2833/1/3808
f 2833/1/3809 596/1/3809 2834/1/3809
f 2831/1/3810 595/1/3810 2834/1/3810
f 2834/1/3811 544/1/3811 2831/1/3811
f 2836/1/3812 617/1/3812 2835/1/3812
f 2835/1/3813 636/1/3813 2836/1/3813
f 2836/1/3814 631/1/3814 635/1/3814
f 2837/1/3815 636/1/3815 632/1/3815
f 2837/1/3816 611/1/3816 631/1/3816
f 2838/1/3817 632/1/3817 612/1/3817
f 2835/1/3818 611/1/3818 2838/1/3818
f 2838/1/3819 618/1/3819 2835/1/3819
f 2840/1/3820 841/1/3820 2839/1/3820
f 2839/1/3821 846/1/3821 2840/1/3821
f 2841/1/3822 845/1/3823 2840/1/3823
f 2840/1/3824 844/1/3824 2841/1/3824
f 2841/1/3825 839/1/3825 843/1/3825
f 2842/1/3826 844/1/3826 840/1/3826
f 2842/1/3827 841/1/3827 839/1/3827
f 2839/1/3828 840/1/3828 842/1/3828
f 2844/1/3829 569/1/3829 2843/1/3829
f 2843/1/3830 588/1/3830 2844/1/3830
f 2845/1/3831 587/1/3831 2844/1/3831
f 2844/1/3832 546/1/3832 2845/1/3832
f 2846/1/2281 545/1/2281 2845/1/2281
f 2845/1/2280 542/1/2280 2846/1/2280
f 2846/1/3833 569/1/3833 541/1/3833
f 2843/1/3834 542/1/3834 570/1/3834
f 2848/1/3835 453/1/3835 2847/1/3835
f 2847/1/3836 532/1/3836 2848/1/3836
f 2849/1/3837 531/1/3837 2848/1/3837
f 2849/1/3838 532/1/3838 508/1/3838
f 2849/1/3839 527/1/3839 507/1/3839
f 2850/1/3840 508/1/3840 528/1/3840
f 2847/1/3841 527/1/3841 2850/1/3841
f 2847/1/3842 528/1/3842 454/1/3842
f 2852/1/2984 857/1/2984 2851/1/2984
f 2851/1/3843 864/1/3843 2852/1/3843
f 2853/1/3844 863/1/3844 2852/1/3844
f 2852/1/3845 810/1/3846 2853/1/3845
f 2854/1/3847 809/1/3847 2853/1/3847
f 2854/1/3848 810/1/3848 786/1/3848
f 2854/1/3849 857/1/3849 785/1/3849
f 2854/1/3850 858/1/3850 2851/1/3850
f 2856/1/3851 855/1/3851 2855/1/3851
f 2856/1/3852 856/1/3852 778/1/3852
f 2856/1/3853 813/1/3853 777/1/3853
f 2856/1/3854 814/1/3854 2857/1/3854
f 2857/1/3855 853/1/3855 813/1/3855
f 2858/1/3856 814/1/3856 854/1/3856
f 2858/1/2333 855/1/2333 853/1/2333
f 2855/1/3857 854/1/2334 856/1/3857
f 2860/1/3858 821/1/3859 2859/1/3860
f 2860/1/3861 822/1/3862 692/1/3861
f 2860/1/3863 787/1/3863 691/1/3863
f 2860/1/3864 788/1/3864 2861/1/3864
f 2862/1/3865 787/1/3865 2861/1/3865
f 2861/1/3866 818/1/3866 2862/1/3866
f 2859/1/3867 817/1/3868 2862/1/3868
f 2862/1/3869 822/1/3870 2859/1/3871
f 2864/1/3872 803/1/3872 2863/1/3872
f 2864/1/3873 804/1/3873 802/1/3873
f 2864/1/3874 799/1/3874 801/1/3874
f 2865/1/3875 802/1/3875 800/1/3875
f 2866/1/3876 799/1/3876 2865/1/3876
f 2866/1/3877 800/1/3877 836/1/3877
f 2863/1/3878 835/1/3878 2866/1/3878
f 2866/1/3879 804/1/3879 2863/1/3879
f 2868/1/2990 857/1/2990 2867/1/2990
f 2868/1/2991 858/1/2991 860/1/2991
f 2869/1/3880 859/1/3880 2868/1/3880
f 2868/1/2985 868/1/2985 2869/1/2985
f 2870/1/2986 867/1/2986 2869/1/2986
f 2870/1/2987 868/1/2987 864/1/2987
f 2870/1/2988 857/1/2988 863/1/2988
f 2867/1/2989 864/1/2989 858/1/2989
f 2871/1/3881 709/1/3881 797/1/3881
f 2871/1/3882 710/1/3882 2872/1/3882
f 2873/1/3009 709/1/3009 2872/1/3009
f 2872/1/2330 872/1/2330 2873/1/2330
f 2874/1/3883 871/1/3883 2873/1/3883
f 2873/1/3884 796/1/3884 2874/1/3884
f 2871/1/3885 795/1/3885 2874/1/3885
f 2871/1/3886 796/1/3886 798/1/3886
f 2875/1/3887 795/1/3888 861/1/3889
f 2876/1/3890 862/1/3891 796/1/3890
f 2876/1/3892 871/1/3892 795/1/3892
f 2877/1/3893 796/1/3893 872/1/3893
f 2878/1/2995 871/1/2995 2877/1/2995
f 2877/1/2996 870/1/2996 2878/1/2996
f 2875/1/3894 869/1/3895 2878/1/3895
f 2878/1/3896 862/1/3897 2875/1/3898
f 2880/1/3899 831/1/3899 2879/1/3899
f 2879/1/3900 796/1/3900 2880/1/3900
f 2881/1/3901 795/1/3902 2880/1/3902
f 2880/1/3903 862/1/3904 2881/1/3905
f 2881/1/3906 833/1/3907 861/1/3908
f 2882/1/3909 862/1/3910 834/1/3909
f 2879/1/3911 833/1/3911 2882/1/3911
f 2879/1/3912 834/1/3912 832/1/3912
f 2883/1/3913 837/1/3913 805/1/3913
f 2883/1/3914 838/1/3914 2884/1/3914
f 2885/1/3915 837/1/3915 2884/1/3915
f 2884/1/3916 802/1/3916 2885/1/3916
f 2886/1/3917 801/1/3917 2885/1/3917
f 2885/1/3918 804/1/3918 2886/1/3918
f 2886/1/3919 805/1/3919 803/1/3919
f 2883/1/3920 804/1/3920 806/1/3920
f 2887/1/3921 665/1/3921 649/1/3921
f 2888/1/3922 650/1/3922 666/1/3922
f 2889/1/3923 665/1/3923 2888/1/3923
f 2888/1/3924 664/1/3924 2889/1/3924
f 2890/1/3925 663/1/3925 2889/1/3925
f 2889/1/3926 662/1/3926 2890/1/3926
f 2890/1/3927 649/1/3927 661/1/3927
f 2887/1/3928 662/1/3928 650/1/3928
f 2892/1/3929 763/1/3929 2891/1/3929
f 2892/1/3930 764/1/3930 766/1/3930
f 2893/1/3931 765/1/3931 2892/1/3931
f 2893/1/3932 766/1/3932 498/1/3932
f 2893/1/3933 447/1/3933 497/1/3933
f 2894/1/3934 498/1/3934 448/1/3934
f 2894/1/3935 763/1/3935 447/1/3935
f 2894/1/3936 764/1/3936 2891/1/3936
f 2896/1/3937 901/1/3937 2895/1/3938
f 2895/1/3939 468/1/3940 2896/1/3940
f 2897/1/3941 467/1/3941 2896/1/3941
f 2896/1/3942 898/1/3942 2897/1/3942
f 2897/1/3943 893/1/3944 897/1/3943
f 2898/1/3945 898/1/3945 894/1/3945
f 2898/1/3946 901/1/3946 893/1/3946
f 2898/1/3947 902/1/3947 2895/1/3947
f 2899/1/3948 879/1/3948 877/1/3948
f 2900/1/3949 878/1/3949 880/1/3949
f 2901/1/3950 879/1/3950 2900/1/3950
f 2901/1/3951 880/1/3951 874/1/3951
f 2902/1/3952 873/1/3952 2901/1/3952
f 2902/1/3953 874/1/3953 876/1/3953
f 2902/1/3954 877/1/3954 875/1/3954
f 2902/1/3955 878/1/3955 2899/1/3955
f 2904/1/3956 527/1/3956 2903/1/3956
f 2903/1/3957 508/1/3957 2904/1/3957
f 2904/1/3958 739/1/3958 507/1/3958
f 2904/1/3959 740/1/3959 2905/1/3959
f 2905/1/3960 743/1/3960 739/1/3960
f 2906/1/3961 740/1/3961 744/1/3961
f 2903/1/3962 743/1/3962 2906/1/3962
f 2903/1/3963 744/1/3963 528/1/3963
f 2908/1/3964 895/1/3964 2907/1/3964
f 2907/1/3965 902/1/3965 2908/1/3965
f 2909/1/3966 901/1/3966 2908/1/3966
f 2909/1/3967 902/1/3967 894/1/3967
f 2909/1/3968 773/1/3968 893/1/3968
f 2909/1/3969 774/1/3969 2910/1/3969
f 2910/1/3970 895/1/3970 773/1/3970
f 2910/1/3971 896/1/3971 2907/1/3971
f 2912/1/3972 899/1/3972 2911/1/3972
f 2911/1/3973 888/1/3973 2912/1/3973
f 2913/1/3974 887/1/3974 2912/1/3974
f 2912/1/3975 480/1/3975 2913/1/3975
f 2913/1/3976 883/1/3976 479/1/3976
f 2914/1/3977 480/1/3977 884/1/3977
f 2914/1/3978 899/1/3978 883/1/3978
f 2914/1/3979 900/1/3979 2911/1/3979
f 2915/1/3980 885/1/3981 755/1/3982
f 2915/1/3983 886/1/3984 2916/1/3984
f 2917/1/3985 885/1/3985 2916/1/3985
f 2916/1/3986 900/1/3986 2917/1/3986
f 2918/1/3987 899/1/3987 2917/1/3987
f 2918/1/3988 900/1/3988 884/1/3988
f 2918/1/3989 755/1/3990 883/1/3989
f 2918/1/3991 756/1/3992 2915/1/3993
f 2919/1/3994 903/1/3994 759/1/3994
f 2920/1/3995 760/1/3995 904/1/3995
f 2920/1/3996 889/1/3996 903/1/3996
f 2921/1/3997 904/1/3997 890/1/3997
f 2922/1/3998 889/1/3998 2921/1/3998
f 2922/1/3999 890/1/3999 758/1/3999
f 2919/1/4000 757/1/4000 2922/1/4000
f 2922/1/4001 760/1/4001 2919/1/4001
f 2924/1/4002 889/1/4003 2923/1/4004
f 2923/1/4005 902/1/4006 2924/1/4006
f 2924/1/4007 895/1/4007 901/1/4007
f 2925/1/4008 902/1/4008 896/1/4008
f 2926/1/4009 895/1/4009 2925/1/4009
f 2926/1/4010 896/1/4010 892/1/4010
f 2923/1/4011 891/1/4012 2926/1/4012
f 2926/1/4013 890/1/4014 2923/1/4015
f 2928/1/4016 503/1/4016 2927/1/4016
f 2927/1/4017 506/1/4017 2928/1/4017
f 2928/1/4018 449/1/4018 505/1/4018
f 2929/1/4019 506/1/4019 450/1/4019
f 2929/1/4020 447/1/4020 449/1/4020
f 2930/1/4021 450/1/4021 448/1/4021
f 2927/1/4022 447/1/4022 2930/1/4022
f 2927/1/4023 448/1/4023 504/1/4023
f 2931/1/4024 899/1/4024 887/1/4024
f 2932/1/4025 888/1/4025 900/1/4025
f 2932/1/4026 877/1/4026 899/1/4026
f 2932/1/4027 878/1/4027 2933/1/4027
f 2934/1/4028 877/1/4028 2933/1/4028
f 2933/1/4029 882/1/4029 2934/1/4029
f 2931/1/4030 881/1/4030 2934/1/4030
f 2934/1/4031 888/1/4031 2931/1/4031
f 2935/1/4032 669/1/4032 645/1/4032
f 2936/1/4033 646/1/4033 670/1/4033
f 2937/1/4034 669/1/4035 2936/1/4035
f 2936/1/4036 620/1/4037 2937/1/4038
f 2938/1/4039 619/1/4040 2937/1/4041
f 2937/1/4042 668/1/4043 2938/1/4043
f 2938/1/4044 645/1/4044 667/1/4044
f 2935/1/4045 668/1/4045 646/1/4045
f 2939/1/4046 1021/1/4046 1047/1/4046
f 2940/1/4047 1048/1/4047 1022/1/4047
f 2941/1/4048 1021/1/4048 2940/1/4048
f 2941/1/4049 1022/1/4049 1004/1/4049
f 2942/1/4050 1003/1/4050 2941/1/4050
f 2941/1/4051 1042/1/4051 2942/1/4051
f 2942/1/4052 1047/1/4052 1041/1/4052
f 2939/1/4053 1042/1/4053 1048/1/4053
f 2944/1/4054 913/1/4054 2943/1/4054
f 2944/1/4055 914/1/4055 1222/1/4055
f 2945/1/4056 1221/1/4056 2944/1/4056
f 2945/1/4057 1222/1/4057 906/1/4057
f 2946/1/4058 905/1/4058 2945/1/4058
f 2946/1/4059 906/1/4059 922/1/4059
f 2946/1/4060 913/1/4060 921/1/4060
f 2946/1/4061 914/1/4061 2943/1/4061
f 2947/1/4062 1221/1/4062 905/1/4062
f 2947/1/4063 1222/1/4063 2948/1/4063
f 2948/1/4064 1223/1/4064 1221/1/4064
f 2948/1/4065 1224/1/4065 2949/1/4065
f 2950/1/4066 1223/1/4066 2949/1/4066
f 2950/1/4067 1224/1/4067 916/1/4067
f 2950/1/4068 905/1/4068 915/1/4068
f 2950/1/4069 906/1/4069 2947/1/4069
f 2951/1/4070 1115/1/4070 1101/1/4070
f 2952/1/4071 1102/1/4071 1116/1/4071
f 2952/1/4072 1113/1/4072 1115/1/4072
f 2953/1/4073 1116/1/4073 1114/1/4073
f 2954/1/4074 1113/1/4074 2953/1/4074
f 2953/1/4075 1110/1/4075 2954/1/4075
f 2954/1/4076 1101/1/4076 1109/1/4076
f 2954/1/4077 1102/1/4077 2951/1/4077
f 2955/1/4078 1003/1/4078 1023/1/4078
f 2956/1/4079 1024/1/4079 1004/1/4079
f 2957/1/4080 1003/1/4080 2956/1/4080
f 2956/1/4081 1022/1/4081 2957/1/4081
f 2958/1/4082 1021/1/4082 2957/1/4082
f 2957/1/4083 1052/1/4083 2958/1/4083
f 2958/1/4084 1023/1/4084 1051/1/4084
f 2958/1/4085 1024/1/4085 2955/1/4085
f 2959/1/4086 1113/1/4086 1109/1/4086
f 2960/1/4087 1110/1/4087 1114/1/4087
f 2961/1/4088 1113/1/4088 2960/1/4088
f 2961/1/4089 1114/1/4089 1108/1/4089
f 2962/1/4090 1107/1/4090 2961/1/4090
f 2961/1/4091 1112/1/4091 2962/1/4091
f 2962/1/4092 1109/1/4092 1111/1/4092
f 2962/1/4093 1110/1/4093 2959/1/4093
f 2964/1/4094 967/1/4094 2963/1/4094
f 2964/1/4095 968/1/4095 918/1/4095
f 2964/1/4096 907/1/4096 917/1/4096
f 2964/1/4097 908/1/4097 2965/1/4097
f 2966/1/4098 907/1/4098 2965/1/4098
f 2966/1/4099 908/1/4099 994/1/4099
f 2963/1/4100 993/1/4100 2966/1/4100
f 2963/1/4101 994/1/4101 968/1/4101
f 2968/1/4102 909/1/4102 2967/1/4102
f 2968/1/4103 910/1/4103 926/1/4103
f 2968/1/4104 1037/1/4104 925/1/4104
f 2968/1/4105 1038/1/4105 2969/1/4105
f 2970/1/4106 1037/1/4106 2969/1/4106
f 2970/1/4107 1038/1/4107 912/1/4107
f 2967/1/4108 911/1/4108 2970/1/4108
f 2967/1/4109 912/1/4109 910/1/4109
f 2972/1/4110 1315/1/4110 2971/1/4110
f 2972/1/4111 1316/1/4111 1226/1/4111
f 2972/1/4112 1039/1/4112 1225/1/4112
f 2972/1/4113 1040/1/4113 2973/1/4113
f 2974/1/4114 1039/1/4114 2973/1/4114
f 2974/1/4115 1040/1/4115 942/1/4115
f 2974/1/4116 1315/1/4116 941/1/4116
f 2974/1/4117 1316/1/4117 2971/1/4117
f 2976/1/4118 1187/1/4118 2975/1/4118
f 2975/1/4119 1002/1/4119 2976/1/4119
f 2976/1/4120 935/1/4120 1001/1/4120
f 2976/1/4121 936/1/4121 2977/1/4121
f 2978/1/4122 935/1/4122 2977/1/4122
f 2978/1/4123 936/1/4123 934/1/4123
f 2978/1/4124 1187/1/4124 933/1/4124
f 2978/1/4125 1188/1/4125 2975/1/4125
f 2979/1/4126 1127/1/4126 1121/1/4126
f 2979/1/4127 1128/1/4127 2980/1/4127
f 2980/1/4128 1193/1/4128 1127/1/4128
f 2981/1/4129 1128/1/4129 1194/1/4129
f 2982/1/4130 1193/1/4130 2981/1/4130
f 2981/1/4131 1124/1/4131 2982/1/4131
f 2982/1/4132 1121/1/4132 1123/1/4132
f 2982/1/4133 1122/1/4133 2979/1/4133
f 2984/1/4134 1005/1/4134 2983/1/4134
f 2983/1/4135 1268/1/4135 2984/1/4135
f 2984/1/4136 1265/1/4136 1267/1/4136
f 2985/1/4137 1268/1/4137 1266/1/4137
f 2985/1/4138 1007/1/4138 1265/1/4138
f 2986/1/4139 1266/1/4139 1008/1/4139
f 2983/1/4140 1007/1/4140 2986/1/4140
f 2983/1/4141 1008/1/4141 1006/1/4141
f 2987/1/4142 1335/1/4142 1339/1/4142
f 2987/1/4143 1336/1/4143 2988/1/4143
f 2988/1/4144 1331/1/4144 1335/1/4144
f 2989/1/4145 1336/1/4145 1332/1/4145
f 2989/1/4146 1169/1/4146 1331/1/4146
f 2989/1/4147 1170/1/4147 2990/1/4147
f 2987/1/4148 1169/1/4148 2990/1/4148
f 2990/1/4149 1340/1/4149 2987/1/4149
f 2991/1/4150 1119/1/4150 1117/1/4150
f 2992/1/4151 1118/1/4151 1120/1/4151
f 2993/1/4152 1119/1/4152 2992/1/4152
f 2992/1/4153 1102/1/4153 2993/1/4153
f 2993/1/4154 1109/1/4154 1101/1/4154
f 2994/1/4155 1102/1/4155 1110/1/4155
f 2994/1/4156 1117/1/4156 1109/1/4156
f 2991/1/4157 1110/1/4157 1118/1/4157
f 2995/1/4158 947/1/4158 945/1/4158
f 2995/1/4159 948/1/4159 2996/1/4159
f 2997/1/4160 947/1/4160 2996/1/4160
f 2996/1/4161 1194/1/4161 2997/1/4161
f 2997/1/4162 1191/1/4162 1193/1/4162
f 2998/1/4163 1194/1/4163 1192/1/4163
f 2998/1/4164 945/1/4164 1191/1/4164
f 2995/1/4165 1192/1/4165 946/1/4165
f 3000/1/4166 1271/1/4166 2999/1/4166
f 3000/1/4167 1272/1/4167 1020/1/4167
f 3000/1/4168 1017/1/4168 1019/1/4168
f 3000/1/4169 1018/1/4169 3001/1/4169
f 3002/1/4170 1017/1/4170 3001/1/4170
f 3002/1/4171 1018/1/4171 1262/1/4171
f 3002/1/4172 1271/1/4172 1261/1/4172
f 3002/1/4173 1272/1/4173 2999/1/4173
f 3004/1/4174 1315/1/4174 3003/1/4174
f 3004/1/4175 1316/1/4175 942/1/4175
f 3004/1/4176 1325/1/4176 941/1/4176
f 3004/1/4177 1326/1/4177 3005/1/4177
f 3006/1/4178 1325/1/4179 3005/1/4178
f 3006/1/4180 1326/1/4180 932/1/4180
f 3006/1/4181 1315/1/4181 931/1/4181
f 3006/1/4182 1316/1/4182 3003/1/4182
f 3007/1/4183 987/1/4183 951/1/4183
f 3008/1/4184 952/1/4184 988/1/4184
f 3009/1/4185 987/1/4185 3008/1/4185
f 3008/1/4186 950/1/4186 3009/1/4186
f 3010/1/4187 949/1/4187 3009/1/4187
f 3009/1/4188 954/1/4188 3010/1/4188
f 3010/1/4189 951/1/4189 953/1/4189
f 3007/1/4190 954/1/4190 952/1/4190
f 3012/1/4191 1257/1/4191 3011/1/4191
f 3011/1/4192 1260/1/4192 3012/1/4192
f 3013/1/4193 1259/1/4193 3012/1/4193
f 3012/1/4194 1196/1/4194 3013/1/4194
f 3014/1/4195 1195/1/4195 3013/1/4195
f 3013/1/4196 1184/1/4196 3014/1/4196
f 3011/1/4197 1183/1/4197 3014/1/4197
f 3014/1/4198 1258/1/4198 3011/1/4198
f 3015/1/4199 1077/1/4199 1071/1/4199
f 3016/1/4200 1072/1/4200 1078/1/4200
f 3017/1/4201 1077/1/4201 3016/1/4201
f 3017/1/4202 1078/1/4202 1082/1/4202
f 3018/1/4203 1081/1/4203 3017/1/4204
f 3018/1/4205 1082/1/4205 1162/1/4205
f 3018/1/4206 1075/1/4206 1161/1/4206
f 3018/1/4207 1076/1/4207 3019/1/4207
f 3020/1/4208 1075/1/4208 3019/1/4208
f 3020/1/4209 1076/1/4209 1068/1/4209
f 3020/1/4210 1069/1/4210 1067/1/4210
f 3020/1/4211 1070/1/4211 3021/1/4211
f 3022/1/4212 1069/1/4212 3021/1/4212
f 3021/1/4213 1166/1/4213 3022/1/4213
f 3023/1/4214 1165/1/4214 3022/1/4214
f 3023/1/4215 1166/1/4215 1080/1/4215
f 3023/1/4216 1083/1/4216 1079/1/4216
f 3023/1/4217 1084/1/4217 3024/1/4217
f 3024/1/4218 1073/1/4218 1083/1/4218
f 3024/1/4219 1074/1/4219 3025/1/4219
f 3026/1/4220 1073/1/4220 3025/1/4220
f 3026/1/4221 1074/1/4221 1086/1/4221
f 3026/1/4222 1071/1/4222 1085/1/4222
f 3015/1/4223 1086/1/4223 1072/1/4223
f 3027/1/4224 979/1/4224 927/1/4224
f 3027/1/4225 980/1/4225 3028/1/4225
f 3028/1/4226 955/1/4226 979/1/4226
f 3028/1/4227 956/1/4227 3029/1/4227
f 3030/1/4228 955/1/4228 3029/1/4229
f 3030/1/4230 956/1/4230 958/1/4230
f 3030/1/4231 927/1/4231 957/1/4231
f 3030/1/4232 928/1/4232 3027/1/4232
f 3031/1/4233 965/1/4233 963/1/4233
f 3032/1/4234 964/1/4234 966/1/4234
f 3032/1/4235 1215/1/4235 965/1/4235
f 3032/1/4236 1216/1/4236 3033/1/4236
f 3034/1/4237 1215/1/4237 3033/1/4237
f 3034/1/4238 1216/1/4239 1212/1/4239
f 3034/1/4240 963/1/4240 1211/1/4240
f 3034/1/4241 964/1/4241 3031/1/4241
f 3036/1/4242 1217/1/4242 3035/1/4242
f 3036/1/4243 1218/1/4243 1036/1/4243
f 3036/1/4244 1297/1/4245 1035/1/4244
f 3036/1/4246 1298/1/4246 3037/1/4246
f 3038/1/4247 1297/1/4247 3037/1/4247
f 3038/1/4248 1298/1/4248 1296/1/4248
f 3038/1/4249 1217/1/4249 1295/1/4249
f 3038/1/4250 1218/1/4250 3035/1/4250
f 3039/1/4251 1339/1/4251 1163/1/4251
f 3039/1/4252 1340/1/4252 3040/1/4252
f 3041/1/4253 1339/1/4253 3040/1/4253
f 3040/1/4254 1170/1/4254 3041/1/4254
f 3042/1/4255 1169/1/4255 3041/1/4255
f 3041/1/4256 1178/1/4256 3042/1/4256
f 3039/1/4257 1177/1/4257 3042/1/4257
f 3042/1/4258 1164/1/4258 3039/1/4258
f 3043/1/4259 971/1/4260 969/1/4261
f 3043/1/4262 972/1/4263 3044/1/4264
f 3045/1/4265 971/1/4266 3044/1/4267
f 3045/1/4268 972/1/4269 974/1/4270
f 3043/1/4271 973/1/4272 3045/1/4273
f 3043/1/4274 974/1/4275 970/1/4276
f 3046/1/4277 969/1/4278 971/1/4279
f 3046/1/4280 970/1/4281 3047/1/4282
f 3047/1/4283 975/1/4284 969/1/4285
f 3047/1/4286 976/1/4287 3048/1/4288
f 3046/1/4289 975/1/4290 3048/1/4291
f 3046/1/4292 976/1/4293 972/1/4294
f 3050/1/4295 927/1/4296 3049/1/4297
f 3050/1/4298 928/1/4299 978/1/4300
f 3050/1/4301 979/1/4302 977/1/4303
f 3050/1/4304 980/1/4305 3051/1/4306
f 3049/1/4307 979/1/4308 3051/1/4309
f 3049/1/4310 980/1/4311 928/1/4312
f 3052/1/4313 981/1/4314 927/1/4315
f 3052/1/4316 982/1/4317 3053/1/4318
f 3053/1/4319 977/1/4320 981/1/4321
f 3053/1/4322 978/1/4323 3054/1/4324
f 3052/1/4325 977/1/4326 3054/1/4327
f 3052/1/4328 978/1/4329 928/1/4330
f 3055/1/4331 989/1/4331 949/1/4331
f 3055/1/4332 990/1/4332 3056/1/4332
f 3057/1/4333 989/1/4333 3056/1/4333
f 3057/1/4334 990/1/4335 1240/1/4334
f 3058/1/4336 1239/1/4336 3057/1/4336
f 3058/1/4337 1240/1/4337 954/1/4337
f 3055/1/4338 953/1/4338 3058/1/4338
f 3055/1/4339 954/1/4339 950/1/4339
f 3060/1/4340 999/1/4340 3059/1/4340
f 3060/1/4341 1000/1/4341 924/1/4341
f 3061/1/4342 923/1/4342 3060/1/4342
f 3061/1/4343 924/1/4343 920/1/4343
f 3062/1/4344 919/1/4344 3061/1/4344
f 3062/1/4345 920/1/4345 998/1/4345
f 3062/1/4346 999/1/4347 997/1/4346
f 3062/1/4348 1000/1/4348 3059/1/4348
f 3063/1/4349 1175/1/4349 1341/1/4349
f 3063/1/4350 1176/1/4350 3064/1/4350
f 3065/1/4351 1175/1/4351 3064/1/4351
f 3065/1/4352 1176/1/4352 1338/1/4352
f 3065/1/4353 1167/1/4353 1337/1/4353
f 3066/1/4354 1338/1/4354 1168/1/4354
f 3066/1/4355 1341/1/4355 1167/1/4355
f 3063/1/4356 1168/1/4356 1342/1/4356
f 3067/1/4357 1305/1/4358 1307/1/4357
f 3067/1/4359 1306/1/4360 3068/1/4361
f 3069/1/4362 1305/1/4363 3068/1/4364
f 3069/1/4365 1306/1/4366 1244/1/4367
f 3069/1/4368 1285/1/4369 1243/1/4370
f 3069/1/4371 1286/1/4372 3070/1/4373
f 3070/1/4374 1307/1/4375 1285/1/4376
f 3070/1/4377 1308/1/4378 3067/1/4378
f 3072/1/4379 1213/1/4379 3071/1/4379
f 3072/1/4380 1214/1/4380 996/1/4380
f 3072/1/4381 967/1/4381 995/1/4381
f 3072/1/4382 968/1/4382 3073/1/4382
f 3073/1/4383 993/1/4383 967/1/4383
f 3073/1/4384 994/1/4384 3074/1/4384
f 3074/1/4385 1213/1/4385 993/1/4385
f 3074/1/4386 1214/1/4386 3071/1/4386
f 3076/1/4387 945/1/4387 3075/1/4387
f 3075/1/4388 1278/1/4388 3076/1/4388
f 3077/1/4389 1277/1/4389 3076/1/4389
f 3076/1/4390 1276/1/4390 3077/1/4390
f 3077/1/4391 1189/1/4391 1275/1/4391
f 3078/1/4392 1276/1/4392 1190/1/4392
f 3075/1/4393 1189/1/4393 3078/1/4393
f 3078/1/4394 946/1/4394 3075/1/4394
f 3080/1/4395 1019/1/4395 3079/1/4395
f 3079/1/4396 1272/1/4396 3080/1/4396
f 3081/1/4397 1271/1/4397 3080/1/4397
f 3080/1/4398 1010/1/4398 3081/1/4398
f 3081/1/4399 1011/1/4399 1009/1/4399
f 3082/1/4400 1010/1/4401 1012/1/4400
f 3082/1/4402 1019/1/4402 1011/1/4402
f 3082/1/4403 1020/1/4403 3079/1/4403
f 3083/1/4404 1235/1/4404 1007/1/4404
f 3083/1/4405 1236/1/4405 3084/1/4405
f 3084/1/4406 959/1/4406 1235/1/4406
f 3084/1/4407 960/1/4407 3085/1/4407
f 3086/1/4408 959/1/4408 3085/1/4408
f 3086/1/4409 960/1/4409 992/1/4409
f 3086/1/4410 1007/1/4410 991/1/4410
f 3086/1/4411 1008/1/4411 3083/1/4411
f 3088/1/4412 1215/1/4412 3087/1/4412
f 3088/1/4413 1216/1/4413 966/1/4413
f 3089/1/4414 965/1/4414 3088/1/4414
f 3088/1/4415 1254/1/4415 3089/1/4415
f 3089/1/4416 1247/1/4416 1253/1/4416
f 3089/1/4417 1248/1/4417 3090/1/4417
f 3087/1/4418 1247/1/4418 3090/1/4418
f 3087/1/4419 1248/1/4419 1216/1/4419
f 3091/1/4420 997/1/4420 995/1/4420
f 3091/1/4421 998/1/4421 3092/1/4421
f 3093/1/4422 997/1/4422 3092/1/4422
f 3092/1/4423 920/1/4423 3093/1/4423
f 3093/1/4424 967/1/4425 919/1/4424
f 3093/1/4426 968/1/4427 3094/1/4428
f 3094/1/4429 995/1/4430 967/1/4431
f 3091/1/4432 968/1/4433 996/1/4432
f 3095/1/4434 1219/1/4434 1321/1/4434
f 3096/1/4435 1322/1/4435 1220/1/4435
f 3097/1/4436 1219/1/4436 3096/1/4436
f 3097/1/4437 1220/1/4437 1318/1/4437
f 3098/1/4438 1317/1/4438 3097/1/4438
f 3097/1/4439 1320/1/4439 3098/1/4439
f 3098/1/4440 1321/1/4440 1319/1/4440
f 3098/1/4441 1322/1/4441 3095/1/4441
f 3100/1/4442 1009/1/4442 3099/1/4442
f 3100/1/4443 1010/1/4443 1016/1/4443
f 3100/1/4444 1013/1/4444 1015/1/4444
f 3100/1/4445 1014/1/4445 3101/1/4445
f 3102/1/4446 1013/1/4446 3101/1/4446
f 3102/1/4447 1014/1/4447 1012/1/4447
f 3102/1/4448 1009/1/4448 1011/1/4448
f 3102/1/4449 1010/1/4449 3099/1/4449
f 3104/1/4450 969/1/4450 3103/1/4450
f 3104/1/4451 970/1/4451 928/1/4451
f 3104/1/4452 957/1/4452 927/1/4452
f 3105/1/4453 928/1/4453 958/1/4453
f 3105/1/4454 991/1/4454 957/1/4454
f 3106/1/4455 958/1/4455 992/1/4455
f 3103/1/4456 991/1/4456 3106/1/4456
f 3106/1/4457 970/1/4457 3103/1/4457
f 3108/1/4458 995/1/4458 3107/1/4458
f 3107/1/4459 1298/1/4459 3108/1/4459
f 3108/1/4460 1029/1/4460 1297/1/4460
f 3109/1/4461 1298/1/4461 1030/1/4461
f 3109/1/4462 997/1/4462 1029/1/4462
f 3110/1/4463 1030/1/4463 998/1/4463
f 3107/1/4464 997/1/4464 3110/1/4464
f 3110/1/4465 996/1/4465 3107/1/4465
f 3112/1/4466 963/1/4466 3111/1/4466
f 3112/1/4467 964/1/4467 940/1/4467
f 3112/1/4468 937/1/4468 939/1/4468
f 3113/1/4469 940/1/4469 938/1/4469
f 3114/1/4470 937/1/4470 3113/1/4470
f 3113/1/4471 966/1/4471 3114/1/4471
f 3111/1/4472 965/1/4472 3114/1/4472
f 3114/1/4473 964/1/4473 3111/1/4473
f 3115/1/4474 1039/1/4474 1025/1/4474
f 3115/1/4475 1040/1/4475 3116/1/4475
f 3116/1/4476 1225/1/4476 1039/1/4476
f 3116/1/4477 1226/1/4477 3117/1/4477
f 3118/1/4478 1225/1/4478 3117/1/4478
f 3118/1/4479 1226/1/4479 1314/1/4479
f 3118/1/4480 1025/1/4480 1313/1/4480
f 3118/1/4481 1026/1/4481 3115/1/4481
f 3120/1/4482 1229/1/4483 3119/1/4483
f 3120/1/4484 1230/1/4485 1034/1/4486
f 3120/1/4487 1029/1/4488 1033/1/4489
f 3120/1/4490 1030/1/4491 3121/1/4491
f 3122/1/4492 1029/1/4493 3121/1/4493
f 3122/1/4494 1030/1/4495 1032/1/4496
f 3122/1/4497 1229/1/4498 1031/1/4499
f 3122/1/4500 1230/1/4501 3119/1/4501
f 3123/1/4502 995/1/4502 1297/1/4502
f 3124/1/4503 1298/1/4503 996/1/4503
f 3124/1/4504 1213/1/4504 995/1/4504
f 3124/1/4505 1214/1/4505 3125/1/4505
f 3126/1/4506 1213/1/4506 3125/1/4506
f 3126/1/4507 1214/1/4507 1296/1/4507
f 3126/1/4508 1297/1/4508 1295/1/4508
f 3126/1/4509 1298/1/4509 3123/1/4509
f 3128/1/4510 1037/1/4511 3127/1/4512
f 3128/1/4513 1038/1/4514 926/1/4513
f 3129/1/4515 925/1/4515 3128/1/4515
f 3128/1/4516 1028/1/4516 3129/1/4516
f 3129/1/4517 1309/1/4517 1027/1/4517
f 3129/1/4518 1310/1/4518 3130/1/4518
f 3130/1/4519 1037/1/4520 1309/1/4519
f 3127/1/4521 1310/1/4522 1038/1/4523
f 3131/1/4524 1049/1/4524 1047/1/4524
f 3131/1/4525 1050/1/4525 3132/1/4525
f 3132/1/4526 1199/1/4526 1049/1/4526
f 3132/1/4527 1200/1/4527 3133/1/4527
f 3134/1/4528 1199/1/4528 3133/1/4528
f 3134/1/4529 1200/1/4529 1022/1/4529
f 3131/1/4530 1021/1/4530 3134/1/4530
f 3134/1/4531 1048/1/4531 3131/1/4531
f 3136/1/4532 1199/1/4533 3135/1/4534
f 3135/1/4535 1204/1/4536 3136/1/4537
f 3137/1/4538 1203/1/4539 3136/1/4540
f 3137/1/4541 1204/1/4542 1052/1/4543
f 3137/1/4544 1021/1/4545 1051/1/4546
f 3138/1/4547 1052/1/4548 1022/1/4549
f 3138/1/4550 1199/1/4551 1021/1/4552
f 3138/1/4553 1200/1/4554 3135/1/4555
f 3139/1/4556 951/1/4556 987/1/4556
f 3139/1/4557 952/1/4557 3140/1/4557
f 3140/1/4558 983/1/4558 951/1/4558
f 3140/1/4559 984/1/4559 3141/1/4559
f 3141/1/4560 985/1/4560 983/1/4560
f 3141/1/4561 986/1/4561 3142/1/4561
f 3139/1/4562 985/1/4563 3142/1/4563
f 3139/1/4564 986/1/4564 988/1/4564
f 3144/1/4565 1205/1/4565 3143/1/4565
f 3144/1/4566 1206/1/4566 1112/1/4566
f 3145/1/4567 1111/1/4567 3144/1/4567
f 3145/1/4568 1112/1/4568 1044/1/4568
f 3146/1/4569 1043/1/4569 3145/1/4569
f 3145/1/4570 1046/1/4570 3146/1/4570
f 3146/1/4571 1205/1/4571 1045/1/4571
f 3146/1/4572 1206/1/4572 3143/1/4572
f 3148/1/4573 929/1/4573 3147/1/4573
f 3147/1/4574 1326/1/4574 3148/1/4574
f 3149/1/4575 1325/1/4575 3148/1/4575
f 3148/1/4576 1328/1/4576 3149/1/4576
f 3150/1/4577 1327/1/4577 3149/1/4577
f 3149/1/4578 1344/1/4578 3150/1/4578
f 3150/1/4579 929/1/4579 1343/1/4579
f 3147/1/4580 1344/1/4580 930/1/4580
f 3152/1/4581 1063/1/4581 3151/1/4581
f 3152/1/4582 1064/1/4582 1174/1/4582
f 3152/1/4583 1065/1/4584 1173/1/4584
f 3152/1/4585 1066/1/4585 3153/1/4585
f 3153/1/4586 1095/1/4586 1065/1/4586
f 3154/1/4587 1066/1/4587 1096/1/4587
f 3151/1/4588 1095/1/4588 3154/1/4588
f 3151/1/4589 1096/1/4589 1064/1/4589
f 3156/1/4590 1055/1/4590 3155/1/4590
f 3156/1/4591 1056/1/4591 1100/1/4591
f 3156/1/4592 1091/1/4592 1099/1/4592
f 3156/1/4593 1092/1/4593 3157/1/4593
f 3158/1/4594 1091/1/4594 3157/1/4594
f 3158/1/4595 1092/1/4595 1066/1/4595
f 3159/1/4596 1065/1/4596 3158/1/4596
f 3159/1/4597 1066/1/4597 1174/1/4597
f 3159/1/4598 1061/1/4598 1173/1/4598
f 3159/1/4599 1062/1/4599 3160/1/4599
f 3160/1/4600 1179/1/4600 1061/1/4600
f 3160/1/4601 1180/1/4601 3161/1/4601
f 3161/1/4602 1053/1/4602 1179/1/4602
f 3161/1/4603 1054/1/4603 3162/1/4603
f 3162/1/4604 1059/1/4604 1053/1/4604
f 3162/1/4605 1060/1/4605 3163/1/4605
f 3164/1/4606 1059/1/4606 3163/1/4606
f 3164/1/4607 1060/1/4607 1064/1/4607
f 3164/1/4608 1095/1/4608 1063/1/4608
f 3164/1/4609 1096/1/4609 3165/1/4609
f 3165/1/4610 1057/1/4610 1095/1/4610
f 3165/1/4611 1058/1/4611 3166/1/4611
f 3166/1/4612 1055/1/4612 1057/1/4612
f 3155/1/4613 1058/1/4613 1056/1/4613
f 3167/1/4614 1081/1/4614 1161/1/4614
f 3167/1/4615 1082/1/4615 3168/1/4615
f 3169/1/4616 1081/1/4616 3168/1/4616
f 3168/1/4617 1084/1/4617 3169/1/4617
f 3170/1/4618 1083/1/4618 3169/1/4618
f 3170/1/4619 1084/1/4619 1080/1/4619
f 3167/1/4620 1079/1/4620 3170/1/4620
f 3167/1/4621 1080/1/4621 1162/1/4621
f 3172/1/4622 1269/1/4623 3171/1/4623
f 3172/1/4624 1270/1/4625 1288/1/4626
f 3173/1/4627 1287/1/4628 3172/1/4629
f 3173/1/4630 1288/1/4631 1304/1/4630
f 3174/1/4632 1303/1/4632 3173/1/4632
f 3174/1/4633 1304/1/4634 1264/1/4633
f 3174/1/4635 1269/1/4635 1263/1/4635
f 3174/1/4636 1270/1/4636 3171/1/4636
f 3175/1/4637 1149/1/4637 1093/1/4637
f 3176/1/4638 1094/1/4638 1150/1/4638
f 3177/1/4639 1149/1/4639 3176/1/4639
f 3177/1/4640 1150/1/4640 1096/1/4640
f 3177/1/4641 1065/1/4641 1095/1/4641
f 3177/1/4642 1066/1/4643 3178/1/4644
f 3178/1/4645 1093/1/4646 1065/1/4647
f 3178/1/4648 1094/1/4649 3175/1/4649
f 3180/1/4650 1157/1/4650 3179/1/4650
f 3180/1/4651 1158/1/4651 1084/1/4651
f 3180/1/4652 1081/1/4652 1083/1/4652
f 3181/1/4653 1084/1/4653 1082/1/4653
f 3181/1/4654 1159/1/4654 1081/1/4654
f 3181/1/4655 1160/1/4655 3182/1/4655
f 3182/1/4656 1157/1/4656 1159/1/4656
f 3182/1/4657 1158/1/4657 3179/1/4657
f 3184/1/4658 1093/1/4659 3183/1/4659
f 3184/1/4660 1094/1/4661 1066/1/4662
f 3184/1/4663 1091/1/4664 1065/1/4665
f 3184/1/4666 1092/1/4667 3185/1/4667
f 3185/1/4668 1097/1/4668 1091/1/4668
f 3185/1/4669 1098/1/4669 3186/1/4669
f 3186/1/4670 1093/1/4670 1097/1/4670
f 3183/1/4671 1098/1/4671 1094/1/4671
f 3187/1/4672 1089/1/4672 1157/1/4672
f 3188/1/4673 1158/1/4673 1090/1/4673
f 3189/1/4674 1089/1/4674 3188/1/4674
f 3189/1/4675 1090/1/4675 1074/1/4675
f 3190/1/4676 1073/1/4676 3189/1/4676
f 3190/1/4677 1074/1/4677 1084/1/4677
f 3190/1/4678 1157/1/4678 1083/1/4678
f 3190/1/4679 1158/1/4679 3187/1/4679
f 3192/1/4680 1099/1/4680 3191/1/4680
f 3192/1/4681 1100/1/4681 1056/1/4681
f 3192/1/4682 1147/1/4682 1055/1/4682
f 3192/1/4683 1148/1/4683 3193/1/4683
f 3194/1/4684 1147/1/4684 3193/1/4684
f 3193/1/4685 1146/1/4685 3194/1/4685
f 3191/1/4686 1145/1/4686 3194/1/4686
f 3191/1/4687 1146/1/4687 1100/1/4687
f 3196/1/4688 955/1/4688 3195/1/4688
f 3196/1/4689 956/1/4689 1234/1/4689
f 3197/1/4690 1233/1/4690 3196/1/4690
f 3197/1/4691 1234/1/4691 1006/1/4691
f 3198/1/4692 1005/1/4692 3197/1/4692
f 3198/1/4693 1006/1/4693 958/1/4693
f 3198/1/4694 955/1/4694 957/1/4694
f 3198/1/4695 956/1/4695 3195/1/4695
f 3199/1/4696 1087/1/4696 1085/1/4696
f 3199/1/4697 1088/1/4697 3200/1/4697
f 3201/1/4698 1087/1/4698 3200/1/4698
f 3200/1/4699 1154/1/4699 3201/1/4699
f 3202/1/4700 1153/1/4700 3201/1/4700
f 3202/1/4701 1154/1/4701 1072/1/4701
f 3199/1/4702 1071/1/4702 3202/1/4702
f 3199/1/4703 1072/1/4703 1086/1/4703
f 3204/1/4704 1085/1/4704 3203/1/4704
f 3204/1/4705 1086/1/4705 1074/1/4705
f 3204/1/4706 1089/1/4706 1073/1/4706
f 3204/1/4707 1090/1/4707 3205/1/4707
f 3206/1/4708 1089/1/4708 3205/1/4708
f 3205/1/4709 1088/1/4709 3206/1/4709
f 3203/1/4710 1087/1/4710 3206/1/4710
f 3203/1/4711 1088/1/4711 1086/1/4711
f 3208/1/4712 1155/1/4712 3207/1/4712
f 3207/1/4713 1160/1/4713 3208/1/4713
f 3209/1/4714 1159/1/4714 3208/1/4714
f 3209/1/4715 1160/1/4715 1082/1/4715
f 3209/1/4716 1077/1/4716 1081/1/4716
f 3209/1/4717 1078/1/4717 3210/1/4717
f 3210/1/4718 1155/1/4718 1077/1/4718
f 3210/1/4719 1156/1/4719 3207/1/4719
f 3211/1/4720 1099/1/4720 1091/1/4720
f 3212/1/4721 1092/1/4721 1100/1/4721
f 3212/1/4722 1145/1/4722 1099/1/4722
f 3212/1/4723 1146/1/4723 3213/1/4723
f 3214/1/4724 1145/1/4724 3213/1/4724
f 3213/1/4725 1098/1/4725 3214/1/4725
f 3211/1/4726 1097/1/4726 3214/1/4726
f 3211/1/4727 1098/1/4727 1092/1/4727
f 3216/1/4728 1077/1/4728 3215/1/4728
f 3216/1/4729 1078/1/4729 1072/1/4729
f 3216/1/4730 1153/1/4730 1071/1/4730
f 3216/1/4731 1154/1/4731 3217/1/4731
f 3217/1/4732 1155/1/4732 1153/1/4732
f 3217/1/4733 1156/1/4733 3218/1/4733
f 3215/1/4734 1155/1/4734 3218/1/4734
f 3215/1/4735 1156/1/4736 1078/1/4735
f 3219/1/4737 1151/1/4737 1149/1/4737
f 3219/1/4738 1152/1/4738 3220/1/4738
f 3221/1/4739 1151/1/4739 3220/1/4739
f 3221/1/4740 1152/1/4740 1058/1/4740
f 3222/1/4741 1057/1/4741 3221/1/4741
f 3222/1/4742 1058/1/4742 1096/1/4742
f 3222/1/4743 1149/1/4743 1095/1/4743
f 3222/1/4744 1150/1/4744 3219/1/4744
f 3223/1/4745 1003/1/4745 1041/1/4745
f 3224/1/4746 1042/1/4746 1004/1/4746
f 3224/1/4747 1043/1/4747 1003/1/4747
f 3224/1/4748 1044/1/4748 3225/1/4748
f 3226/1/4749 1043/1/4749 3225/1/4749
f 3226/1/4750 1044/1/4750 1208/1/4750
f 3223/1/4751 1207/1/4751 3226/1/4751
f 3223/1/4752 1208/1/4752 1042/1/4752
f 3228/1/4753 1205/1/4754 3227/1/4755
f 3228/1/4756 1206/1/4757 1118/1/4758
f 3228/1/4759 1109/1/4760 1117/1/4761
f 3228/1/4762 1110/1/4763 3229/1/4763
f 3230/1/4764 1109/1/4765 3229/1/4765
f 3230/1/4766 1110/1/4767 1112/1/4768
f 3230/1/4769 1205/1/4770 1111/1/4771
f 3230/1/4772 1206/1/4773 3227/1/4774
f 3231/1/4775 1115/1/4775 1201/1/4775
f 3231/1/4776 1116/1/4776 3232/1/4776
f 3233/1/4777 1115/1/4777 3232/1/4777
f 3232/1/4778 1102/1/4778 3233/1/4778
f 3234/1/4779 1101/1/4779 3233/1/4779
f 3234/1/4780 1102/1/4780 1104/1/4780
f 3234/1/4781 1201/1/4781 1103/1/4781
f 3231/1/4782 1104/1/4782 1202/1/4782
f 3235/1/4783 1045/1/4784 1023/1/4785
f 3235/1/4786 1046/1/4787 3236/1/4787
f 3236/1/4788 1043/1/4788 1045/1/4788
f 3237/1/4789 1046/1/4789 1044/1/4789
f 3238/1/4790 1043/1/4790 3237/1/4790
f 3238/1/4791 1044/1/4791 1004/1/4791
f 3235/1/4792 1003/1/4793 3238/1/4793
f 3238/1/4794 1024/1/4795 3235/1/4796
f 3240/1/4797 937/1/4797 3239/1/4797
f 3239/1/4798 1256/1/4798 3240/1/4798
f 3241/1/4799 1255/1/4799 3240/1/4799
f 3240/1/4800 1254/1/4800 3241/1/4800
f 3241/1/4801 965/1/4801 1253/1/4801
f 3242/1/4802 1254/1/4802 966/1/4802
f 3242/1/4803 937/1/4803 965/1/4803
f 3239/1/4804 966/1/4804 938/1/4804
f 3243/1/4805 925/1/4805 1027/1/4805
f 3244/1/4806 1028/1/4806 926/1/4806
f 3244/1/4807 915/1/4807 925/1/4807
f 3245/1/4808 926/1/4808 916/1/4808
f 3246/1/4809 915/1/4809 3245/1/4809
f 3245/1/4810 1026/1/4810 3246/1/4810
f 3243/1/4811 1025/1/4811 3246/1/4811
f 3243/1/4812 1026/1/4812 1028/1/4812
f 3247/1/4813 1331/1/4813 1171/1/4813
f 3247/1/4814 1332/1/4814 3248/1/4814
f 3249/1/4815 1331/1/4815 3248/1/4815
f 3249/1/4816 1332/1/4816 1336/1/4816
f 3249/1/4817 1333/1/4817 1335/1/4817
f 3249/1/4818 1334/1/4818 3250/1/4818
f 3247/1/4819 1333/1/4819 3250/1/4819
f 3247/1/4820 1334/1/4820 1172/1/4820
f 3252/1/4821 1197/1/4821 3251/1/4821
f 3252/1/4822 1198/1/4822 1122/1/4822
f 3252/1/4823 1123/1/4823 1121/1/4823
f 3252/1/4824 1124/1/4824 3253/1/4824
f 3253/1/4825 1197/1/4825 1123/1/4825
f 3253/1/4826 1198/1/4826 3251/1/4826
f 3255/1/4827 1121/1/4827 3254/1/4827
f 3255/1/4828 1122/1/4828 1198/1/4828
f 3255/1/4829 1125/1/4829 1197/1/4829
f 3255/1/4830 1126/1/4830 3256/1/4830
f 3254/1/4831 1125/1/4831 3256/1/4831
f 3254/1/4832 1126/1/4832 1122/1/4832
f 3258/1/4833 1193/1/4833 3257/1/4833
f 3258/1/4834 1194/1/4834 1128/1/4834
f 3258/1/4835 1191/1/4835 1127/1/4835
f 3258/1/4836 1192/1/4836 3259/1/4836
f 3257/1/4837 1191/1/4837 3259/1/4837
f 3257/1/4838 1192/1/4838 1194/1/4838
f 3260/1/4839 1127/1/4839 1191/1/4839
f 3260/1/4840 1128/1/4840 3261/1/4840
f 3261/1/4841 1129/1/4841 1127/1/4841
f 3261/1/4842 1130/1/4842 3262/1/4842
f 3260/1/4843 1129/1/4843 3262/1/4843
f 3260/1/4844 1130/1/4844 1192/1/4844
f 3264/1/4845 1131/1/4845 3263/1/4845
f 3264/1/4846 1132/1/4846 1134/1/4846
f 3264/1/4847 1135/1/4847 1133/1/4847
f 3264/1/4848 1136/1/4848 3265/1/4848
f 3263/1/4849 1135/1/4849 3265/1/4849
f 3263/1/4850 1136/1/4850 1132/1/4850
f 3267/1/4851 1133/1/4851 3266/1/4851
f 3267/1/4852 1134/1/4852 1132/1/4852
f 3267/1/4133 1137/1/4133 1131/1/4133
f 3267/1/4132 1138/1/4132 3268/1/4132
f 3268/1/4853 1133/1/4853 1137/1/4853
f 3268/1/4854 1134/1/4854 3266/1/4854
f 3270/1/4855 1031/1/4855 3269/1/4855
f 3269/1/4856 1030/1/4856 3270/1/4856
f 3271/1/4857 1029/1/4857 3270/1/4857
f 3271/1/4858 1030/1/4858 1298/1/4858
f 3271/1/4859 1035/1/4859 1297/1/4859
f 3272/1/4860 1298/1/4860 1036/1/4860
f 3272/1/4861 1031/1/4861 1035/1/4861
f 3269/1/4862 1036/1/4862 1032/1/4862
f 3274/1/4129 1141/1/4129 3273/1/4129
f 3274/1/4863 1142/1/4863 1140/1/4863
f 3274/1/4864 1185/1/4864 1139/1/4864
f 3274/1/4865 1186/1/4865 3275/1/4865
f 3273/1/4866 1185/1/4866 3275/1/4866
f 3273/1/4867 1186/1/4867 1142/1/4867
f 3276/1/4868 1139/1/4868 1185/1/4868
f 3276/1/4869 1140/1/4869 3277/1/4869
f 3277/1/4870 1143/1/4870 1139/1/4870
f 3277/1/4871 1144/1/4871 3278/1/4871
f 3276/1/4872 1143/1/4872 3278/1/4872
f 3276/1/4873 1144/1/4873 1186/1/4873
f 3280/1/4874 1157/1/4874 3279/1/4874
f 3279/1/4875 1160/1/4875 3280/1/4875
f 3281/1/4876 1159/1/4876 3280/1/4876
f 3281/1/4877 1160/1/4877 1156/1/4877
f 3282/1/4878 1155/1/4878 3281/1/4878
f 3282/1/4879 1156/1/4879 1154/1/4879
f 3282/1/4880 1087/1/4880 1153/1/4880
f 3283/1/4881 1154/1/4881 1088/1/4881
f 3283/1/4882 1089/1/4882 1087/1/4882
f 3284/1/4883 1088/1/4883 1090/1/4883
f 3279/1/4884 1089/1/4884 3284/1/4884
f 3284/1/4885 1158/1/4885 3279/1/4885
f 3286/1/4886 1149/1/4886 3285/1/4886
f 3286/1/4887 1150/1/4887 1094/1/4887
f 3286/1/4888 1097/1/4888 1093/1/4888
f 3286/1/4889 1098/1/4889 3287/1/4889
f 3287/1/4890 1145/1/4890 1097/1/4890
f 3287/1/4891 1146/1/4891 3288/1/4891
f 3288/1/4892 1147/1/4892 1145/1/4892
f 3289/1/4893 1146/1/4893 1148/1/4893
f 3289/1/4894 1151/1/4894 1147/1/4894
f 3290/1/4895 1148/1/4895 1152/1/4895
f 3285/1/4896 1151/1/4896 3290/1/4896
f 3290/1/4897 1150/1/4897 3285/1/4897
f 3292/1/4898 1273/1/4898 3291/1/4898
f 3291/1/4899 1182/1/4899 3292/1/4899
f 3293/1/4900 1181/1/4900 3292/1/4900
f 3292/1/4901 1276/1/4901 3293/1/4901
f 3293/1/4902 1277/1/4902 1275/1/4902
f 3294/1/4903 1276/1/4903 1278/1/4903
f 3294/1/4904 1273/1/4904 1277/1/4904
f 3291/1/4905 1278/1/4905 1274/1/4905
f 3295/1/4906 1069/1/4906 1337/1/4906
f 3295/1/4907 1070/1/4907 3296/1/4907
f 3297/1/4908 1069/1/4908 3296/1/4908
f 3296/1/4909 1068/1/4909 3297/1/4909
f 3298/1/4910 1067/1/4910 3297/1/4910
f 3298/1/4911 1068/1/4911 1168/1/4911
f 3295/1/4912 1167/1/4912 3298/1/4912
f 3298/1/4913 1338/1/4913 3295/1/4913
f 3300/1/4914 1175/1/4914 3299/1/4914
f 3300/1/4915 1176/1/4915 1342/1/4915
f 3300/1/4916 1179/1/4916 1341/1/4916
f 3300/1/4917 1180/1/4917 3301/1/4917
f 3302/1/4918 1179/1/4918 3301/1/4918
f 3302/1/4919 1180/1/4919 1062/1/4919
f 3299/1/4920 1061/1/4920 3302/1/4920
f 3299/1/4921 1062/1/4921 1176/1/4921
f 3304/1/4922 1179/1/4923 3303/1/4924
f 3304/1/4925 1180/1/4926 1342/1/4925
f 3305/1/4927 1341/1/4927 3304/1/4927
f 3304/1/4928 1178/1/4928 3305/1/4928
f 3305/1/4929 1053/1/4929 1177/1/4930
f 3305/1/4931 1054/1/4931 3306/1/4931
f 3306/1/4932 1179/1/4932 1053/1/4932
f 3303/1/4933 1054/1/4934 1180/1/4935
f 3307/1/4936 1069/1/4936 1165/1/4936
f 3308/1/4937 1166/1/4937 1070/1/4937
f 3309/1/4938 1069/1/4938 3308/1/4938
f 3309/1/4939 1070/1/4939 1338/1/4939
f 3310/1/4940 1337/1/4940 3309/1/4940
f 3309/1/4941 1334/1/4941 3310/1/4941
f 3310/1/4942 1165/1/4942 1333/1/4942
f 3310/1/4943 1166/1/4943 3307/1/4943
f 3312/1/4944 1243/1/4944 3311/1/4944
f 3312/1/4945 1244/1/4945 986/1/4945
f 3312/1/4946 983/1/4946 985/1/4946
f 3312/1/4947 984/1/4947 3313/1/4947
f 3313/1/4948 1285/1/4948 983/1/4948
f 3313/1/4949 1286/1/4949 3314/1/4949
f 3314/1/4950 1243/1/4950 1285/1/4950
f 3314/1/4951 1244/1/4951 3311/1/4951
f 3315/1/4952 1061/1/4952 1175/1/4952
f 3315/1/4953 1062/1/4953 3316/1/4953
f 3316/1/4954 1173/1/4954 1061/1/4954
f 3316/1/4955 1174/1/4955 3317/1/4955
f 3318/1/4956 1173/1/4956 3317/1/4956
f 3318/1/4957 1174/1/4957 1172/1/4957
f 3315/1/4958 1171/1/4958 3318/1/4958
f 3315/1/4959 1172/1/4959 1176/1/4959
f 3319/1/4960 1165/1/4960 1079/1/4960
f 3320/1/4961 1080/1/4961 1166/1/4961
f 3321/1/4962 1165/1/4962 3320/1/4962
f 3321/1/4963 1166/1/4963 1334/1/4963
f 3322/1/4964 1333/1/4964 3321/1/4964
f 3322/1/4965 1334/1/4965 1336/1/4965
f 3322/1/4966 1079/1/4966 1335/1/4966
f 3322/1/4967 1080/1/4967 3319/1/4967
f 3324/1/4968 1053/1/4968 3323/1/4968
f 3324/1/4969 1054/1/4969 1178/1/4969
f 3325/1/4970 1177/1/4970 3324/1/4970
f 3324/1/4971 1170/1/4971 3325/1/4971
f 3325/1/4972 1059/1/4972 1169/1/4972
f 3325/1/4973 1060/1/4973 3326/1/4973
f 3326/1/4974 1053/1/4974 1059/1/4974
f 3323/1/4975 1060/1/4975 1054/1/4975
f 3327/1/4976 1059/1/4976 1063/1/4976
f 3328/1/4977 1064/1/4977 1060/1/4977
f 3329/1/4978 1059/1/4978 3328/1/4978
f 3329/1/4979 1060/1/4979 1170/1/4979
f 3330/1/4980 1169/1/4980 3329/1/4980
f 3329/1/4981 1332/1/4981 3330/1/4981
f 3330/1/4982 1063/1/4982 1331/1/4982
f 3330/1/4983 1064/1/4983 3327/1/4983
f 3331/1/4984 1173/1/4984 1171/1/4984
f 3331/1/4985 1174/1/4985 3332/1/4985
f 3333/1/4986 1173/1/4986 3332/1/4986
f 3332/1/4987 1064/1/4987 3333/1/4987
f 3334/1/4988 1063/1/4988 3333/1/4988
f 3334/1/4989 1064/1/4989 1332/1/4989
f 3334/1/4990 1171/1/4990 1331/1/4990
f 3331/1/4991 1332/1/4991 1172/1/4991
f 3335/1/4992 1167/1/4992 1163/1/4992
f 3336/1/4993 1164/1/4993 1168/1/4993
f 3336/1/4994 1067/1/4994 1167/1/4994
f 3336/1/4995 1068/1/4995 3337/1/4995
f 3337/1/4996 1075/1/4996 1067/1/4996
f 3337/1/4997 1076/1/4997 3338/1/4997
f 3335/1/4998 1075/1/4998 3338/1/4998
f 3335/1/4999 1076/1/4999 1164/1/4999
f 3340/1/5000 1079/1/5000 3339/1/5000
f 3340/1/5001 1080/1/5001 1336/1/5001
f 3341/1/5002 1335/1/5002 3340/1/5002
f 3340/1/5003 1340/1/5003 3341/1/5003
f 3341/1/5004 1161/1/5004 1339/1/5004
f 3341/1/5005 1162/1/5005 3342/1/5005
f 3339/1/5006 1161/1/5006 3342/1/5006
f 3339/1/5007 1162/1/5007 1080/1/5007
f 3343/1/5008 1257/1/5008 1181/1/5008
f 3343/1/5009 1258/1/5009 3344/1/5009
f 3344/1/5010 1139/1/5010 1257/1/5011
f 3344/1/5012 1140/1/5012 3345/1/5012
f 3343/1/5013 1139/1/5013 3345/1/5013
f 3343/1/5014 1140/1/5014 1182/1/5015
f 3346/1/5016 1277/1/5016 1273/1/5016
f 3347/1/5017 1274/1/5017 1278/1/5017
f 3348/1/5018 1277/1/5018 3347/1/5018
f 3347/1/5019 1130/1/5019 3348/1/5019
f 3349/1/5020 1129/1/5020 3348/1/5020
f 3349/1/5021 1130/1/5021 1128/1/5021
f 3349/1/5022 1273/1/5022 1127/1/5022
f 3346/1/5023 1128/1/5023 1274/1/5023
f 3351/1/5024 1181/1/5024 3350/1/5024
f 3351/1/5025 1182/1/5026 1140/1/5026
f 3351/1/5027 1131/1/5027 1139/1/5027
f 3351/1/5028 1132/1/5028 3352/1/5028
f 3350/1/5029 1131/1/5029 3352/1/5029
f 3350/1/5030 1132/1/5030 1182/1/5030
f 3353/1/5031 1183/1/5031 1257/1/5031
f 3354/1/5032 1258/1/5032 1184/1/5032
f 3355/1/5033 1183/1/5033 3354/1/5033
f 3354/1/5034 1144/1/5034 3355/1/5034
f 3356/1/5035 1143/1/5035 3355/1/5035
f 3356/1/5036 1144/1/5036 1140/1/5036
f 3356/1/5037 1257/1/5037 1139/1/5037
f 3353/1/5038 1140/1/5038 1258/1/5038
f 3358/1/5039 1183/1/5039 3357/1/5039
f 3358/1/5040 1184/1/5041 1186/1/5041
f 3358/1/5042 1143/1/5042 1185/1/5042
f 3358/1/5043 1144/1/5043 3359/1/5043
f 3357/1/5044 1143/1/5044 3359/1/5044
f 3357/1/5045 1144/1/5045 1184/1/5045
f 3360/1/5046 1187/1/5046 1183/1/5046
f 3360/1/5047 1188/1/5047 3361/1/5047
f 3361/1/5048 1185/1/5048 1187/1/5048
f 3361/1/5049 1186/1/5049 3362/1/5049
f 3360/1/5050 1185/1/5050 3362/1/5050
f 3360/1/5051 1186/1/5051 1184/1/5051
f 3363/1/5052 1275/1/5052 1189/1/5052
f 3363/1/5053 1276/1/5053 3364/1/5053
f 3364/1/5054 1135/1/5054 1275/1/5054
f 3364/1/5055 1136/1/5055 3365/1/5055
f 3363/1/5056 1135/1/5056 3365/1/5056
f 3363/1/5057 1136/1/5057 1190/1/5057
f 3366/1/5058 1195/1/5058 1125/1/5058
f 3367/1/5059 1126/1/5059 1196/1/5059
f 3367/1/5060 1259/1/5060 1195/1/5060
f 3367/1/5061 1260/1/5061 3368/1/5061
f 3369/1/5062 1259/1/5062 3368/1/5062
f 3368/1/5063 1122/1/5063 3369/1/5063
f 3369/1/5064 1125/1/5064 1121/1/5064
f 3369/1/5065 1126/1/5065 3366/1/5065
f 3371/1/5066 1189/1/5066 3370/1/5066
f 3371/1/5067 1190/1/5067 1136/1/5067
f 3371/1/5068 1133/1/5068 1135/1/5068
f 3371/1/5069 1134/1/5069 3372/1/5069
f 3370/1/5070 1133/1/5070 3372/1/5070
f 3370/1/5071 1134/1/5071 1190/1/5071
f 3374/1/5072 1187/1/5072 3373/1/5072
f 3374/1/5073 1188/1/5073 934/1/5073
f 3375/1/5074 933/1/5074 3374/1/5074
f 3374/1/5075 1142/1/5075 3375/1/5076
f 3375/1/5077 1185/1/5077 1141/1/5077
f 3376/1/5078 1142/1/5078 1186/1/5078
f 3376/1/5079 1187/1/5079 1185/1/5079
f 3373/1/5080 1186/1/5080 1188/1/5080
f 3378/1/5081 933/1/5081 3377/1/5081
f 3378/1/5082 934/1/5082 1138/1/5082
f 3378/1/5083 1141/1/5083 1137/1/5083
f 3378/1/5084 1142/1/5084 3379/1/5084
f 3377/1/5085 1141/1/5085 3379/1/5085
f 3377/1/5086 1142/1/5086 934/1/5086
f 3380/1/5087 943/1/5087 933/1/5087
f 3380/1/5088 944/1/5088 3381/1/5088
f 3381/1/5089 1137/1/5089 943/1/5089
f 3381/1/5090 1138/1/5090 3382/1/5090
f 3380/1/5091 1137/1/5091 3382/1/5091
f 3380/1/5092 1138/1/5092 934/1/5092
f 3383/1/5093 1129/1/5093 945/1/5093
f 3383/1/5094 1130/1/5094 3384/1/5094
f 3385/1/5095 1129/1/5095 3384/1/5095
f 3385/1/5096 1130/1/5096 1278/1/5096
f 3383/1/5097 1277/1/5097 3385/1/5097
f 3383/1/5098 1278/1/5098 946/1/5098
f 3387/1/5099 1229/1/5099 3386/1/5099
f 3387/1/5100 1230/1/5100 1246/1/5100
f 3387/1/5101 1227/1/5101 1245/1/5101
f 3388/1/5102 1246/1/5102 1228/1/5102
f 3389/1/5103 1227/1/5103 3388/1/5103
f 3389/1/5104 1228/1/5104 1034/1/5104
f 3389/1/5105 1229/1/5105 1033/1/5105
f 3389/1/5106 1230/1/5106 3386/1/5106
f 3390/1/5107 945/1/5108 1129/1/5107
f 3390/1/5109 946/1/5109 3391/1/5109
f 3391/1/5110 1191/1/5110 945/1/5110
f 3391/1/5111 1192/1/5111 3392/1/5111
f 3390/1/5112 1191/1/5112 3392/1/5112
f 3390/1/5113 1192/1/5113 1130/1/5113
f 3394/1/5114 1001/1/5114 3393/1/5114
f 3393/1/5115 1198/1/5115 3394/1/5115
f 3395/1/5116 1197/1/5116 3394/1/5116
f 3394/1/5117 1124/1/5117 3395/1/5117
f 3395/1/5118 935/1/5118 1123/1/5118
f 3396/1/5119 1124/1/5119 936/1/5119
f 3396/1/5120 1001/1/5120 935/1/5120
f 3396/1/5121 1002/1/5121 3393/1/5121
f 3397/1/5122 1273/1/5122 1121/1/5122
f 3397/1/5123 1274/1/5123 3398/1/5123
f 3398/1/5124 1127/1/5125 1273/1/5124
f 3398/1/5126 1128/1/5126 3399/1/5126
f 3397/1/5127 1127/1/5127 3399/1/5127
f 3397/1/5128 1128/1/5128 1122/1/5128
f 3400/1/5129 1121/1/5129 1273/1/5129
f 3400/1/5130 1122/1/5130 3401/1/5130
f 3402/1/5131 1121/1/5131 3401/1/5131
f 3402/1/5132 1122/1/5132 1260/1/5132
f 3400/1/5133 1259/1/5133 3402/1/5133
f 3400/1/5134 1260/1/5134 1274/1/5134
f 3403/1/5135 1193/1/5136 935/1/5136
f 3403/1/5137 1194/1/5138 3404/1/5137
f 3405/1/5139 1193/1/5139 3404/1/5139
f 3405/1/5140 1194/1/5140 948/1/5140
f 3403/1/5141 947/1/5141 3405/1/5141
f 3403/1/5142 948/1/5142 936/1/5142
f 3406/1/5143 1135/1/5143 1131/1/5143
f 3406/1/5144 1136/1/5144 3407/1/5144
f 3407/1/5145 1275/1/5145 1135/1/5145
f 3408/1/5146 1136/1/5146 1276/1/5146
f 3409/1/5147 1275/1/5147 3408/1/5147
f 3409/1/5148 1276/1/5148 1182/1/5148
f 3406/1/5149 1181/1/5149 3409/1/5149
f 3409/1/5150 1132/1/5150 3406/1/5150
f 3410/1/5151 935/1/5151 1193/1/5151
f 3410/1/5152 936/1/5152 3411/1/5152
f 3411/1/5153 1123/1/5153 935/1/5153
f 3411/1/5154 1124/1/5154 3412/1/5154
f 3410/1/5155 1123/1/5155 3412/1/5155
f 3410/1/5156 1124/1/5156 1194/1/5156
f 3413/1/5157 943/1/5157 1137/1/5157
f 3414/1/5158 1138/1/5159 944/1/5159
f 3415/1/5160 943/1/5160 3414/1/5160
f 3414/1/5161 1190/1/5161 3415/1/5161
f 3416/1/5162 1189/1/5162 3415/1/5162
f 3415/1/5163 1134/1/5163 3416/1/5163
f 3416/1/5164 1137/1/5164 1133/1/5164
f 3416/1/5165 1138/1/5165 3413/1/5165
f 3417/1/5166 1195/1/5166 1197/1/5166
f 3417/1/5167 1196/1/5167 3418/1/5167
f 3418/1/5168 1125/1/5168 1195/1/5168
f 3418/1/5169 1126/1/5169 3419/1/5169
f 3417/1/5170 1125/1/5170 3419/1/5170
f 3417/1/5171 1126/1/5171 1198/1/5171
f 3420/1/5172 1197/1/5172 1195/1/5173
f 3420/1/5174 1198/1/5174 3421/1/5174
f 3422/1/5175 1197/1/5175 3421/1/5175
f 3422/1/5176 1198/1/5176 1002/1/5176
f 3420/1/5177 1001/1/5177 3422/1/5177
f 3420/1/5178 1002/1/5178 1196/1/5178
f 3424/1/5179 1111/1/5179 3423/1/5179
f 3424/1/5180 1112/1/5180 1108/1/5180
f 3425/1/5181 1107/1/5181 3424/1/5181
f 3425/1/5182 1108/1/5182 1208/1/5182
f 3426/1/5183 1207/1/5183 3425/1/5183
f 3426/1/5184 1208/1/5184 1044/1/5184
f 3426/1/5185 1111/1/5185 1043/1/5185
f 3426/1/5186 1112/1/5186 3423/1/5186
f 3427/1/5187 923/1/5187 919/1/5187
f 3427/1/5188 924/1/5188 3428/1/5188
f 3428/1/5189 913/1/5189 923/1/5189
f 3428/1/5190 914/1/5190 3429/1/5190
f 3430/1/5191 913/1/5191 3429/1/5191
f 3430/1/5192 914/1/5192 922/1/5192
f 3430/1/5193 919/1/5193 921/1/5193
f 3430/1/5194 920/1/5194 3427/1/5194
f 3432/1/5195 1105/1/5195 3431/1/5195
f 3432/1/5196 1106/1/5196 1204/1/5196
f 3432/1/5197 1199/1/5197 1203/1/5197
f 3433/1/5198 1204/1/5198 1200/1/5198
f 3433/1/5199 1103/1/5199 1199/1/5199
f 3433/1/5200 1104/1/5200 3434/1/5200
f 3434/1/5201 1105/1/5201 1103/1/5201
f 3434/1/5202 1106/1/5202 3431/1/5202
f 3435/1/5203 1015/1/5203 1235/1/5203
f 3435/1/5204 1016/1/5204 3436/1/5204
f 3436/1/5205 1263/1/5205 1015/1/5205
f 3436/1/5206 1264/1/5206 3437/1/5206
f 3438/1/5207 1263/1/5207 3437/1/5207
f 3438/1/5208 1264/1/5208 960/1/5208
f 3438/1/5209 1235/1/5209 959/1/5209
f 3438/1/5210 1236/1/5210 3435/1/5210
f 3439/1/5211 1211/1/5211 1209/1/5211
f 3439/1/5212 1212/1/5212 3440/1/5212
f 3440/1/5213 993/1/5213 1211/1/5213
f 3440/1/5214 994/1/5214 3441/1/5214
f 3439/1/5215 993/1/5215 3441/1/5215
f 3439/1/5216 994/1/5216 1210/1/5216
f 3442/1/5217 993/1/5217 1213/1/5217
f 3442/1/5218 994/1/5218 3443/1/5218
f 3443/1/5219 1211/1/5219 993/1/5219
f 3443/1/5220 1212/1/5220 3444/1/5220
f 3442/1/5221 1211/1/5221 3444/1/5221
f 3442/1/5222 1212/1/5222 1214/1/5222
f 3446/1/5223 1209/1/5223 3445/1/5223
f 3446/1/5224 1210/1/5224 994/1/5224
f 3446/1/5225 907/1/5225 993/1/5225
f 3446/1/5226 908/1/5226 3447/1/5226
f 3445/1/5227 907/1/5227 3447/1/5227
f 3445/1/5228 908/1/5228 1210/1/5228
f 3449/1/5229 1211/1/5229 3448/1/5229
f 3449/1/5230 1212/1/5230 1296/1/5230
f 3449/1/5231 1213/1/5231 1295/1/5231
f 3449/1/5232 1214/1/5232 3450/1/5232
f 3448/1/5233 1213/1/5233 3450/1/5233
f 3448/1/5234 1214/1/5234 1212/1/5234
f 3452/1/5235 907/1/5235 3451/1/5235
f 3452/1/5236 908/1/5236 912/1/5236
f 3452/1/5237 1209/1/5237 911/1/5237
f 3452/1/5238 1210/1/5238 3453/1/5238
f 3451/1/5239 1209/1/5240 3453/1/5239
f 3451/1/5241 1210/1/5241 908/1/5241
f 3455/1/5242 1295/1/5242 3454/1/5242
f 3455/1/5243 1296/1/5243 1212/1/5243
f 3455/1/5244 1215/1/5244 1211/1/5244
f 3455/1/5245 1216/1/5245 3456/1/5246
f 3456/1/5247 1295/1/5247 1215/1/5247
f 3456/1/5248 1296/1/5248 3454/1/5248
f 3458/1/5249 1101/1/5249 3457/1/5249
f 3458/1/5250 1102/1/5250 1120/1/5250
f 3458/1/5251 1105/1/5252 1119/1/5251
f 3458/1/5253 1106/1/5254 3459/1/5255
f 3460/1/5256 1105/1/5257 3459/1/5258
f 3460/1/5259 1106/1/5260 1104/1/5259
f 3460/1/5261 1101/1/5261 1103/1/5261
f 3460/1/5262 1102/1/5262 3457/1/5262
f 3462/1/5263 959/1/5263 3461/1/5263
f 3462/1/5264 960/1/5264 976/1/5264
f 3463/1/5265 975/1/5266 3462/1/5266
f 3463/1/5267 976/1/5267 970/1/5267
f 3464/1/5268 969/1/5268 3463/1/5268
f 3464/1/5269 970/1/5269 992/1/5269
f 3464/1/5270 959/1/5270 991/1/5270
f 3464/1/5271 960/1/5271 3461/1/5271
f 3465/1/5272 1309/1/5272 1037/1/5272
f 3465/1/5273 1310/1/5273 3466/1/5273
f 3466/1/5274 1323/1/5275 1309/1/5275
f 3466/1/5276 1324/1/5276 3467/1/5276
f 3465/1/5277 1323/1/5278 3467/1/5278
f 3465/1/5279 1324/1/5279 1038/1/5279
f 3468/1/5280 1201/1/5280 1049/1/5280
f 3468/1/5281 1202/1/5281 3469/1/5281
f 3469/1/5282 1103/1/5282 1201/1/5282
f 3469/1/5283 1104/1/5283 3470/1/5283
f 3471/1/5284 1103/1/5284 3470/1/5284
f 3471/1/5285 1104/1/5285 1200/1/5285
f 3471/1/5286 1049/1/5286 1199/1/5286
f 3471/1/5287 1050/1/5287 3468/1/5287
f 3472/1/5288 1037/1/5288 911/1/5288
f 3473/1/5289 912/1/5289 1038/1/5289
f 3474/1/5290 1037/1/5291 3473/1/5291
f 3474/1/5292 1038/1/5292 1324/1/5292
f 3474/1/5293 1209/1/5293 1323/1/5293
f 3475/1/5294 1324/1/5294 1210/1/5294
f 3475/1/5295 911/1/5295 1209/1/5295
f 3475/1/5296 912/1/5296 3472/1/5296
f 3476/1/5297 913/1/5297 1221/1/5297
f 3476/1/5298 914/1/5298 3477/1/5298
f 3477/1/5299 1329/1/5299 913/1/5299
f 3477/1/5300 1330/1/5301 3478/1/5301
f 3476/1/5302 1329/1/5302 3478/1/5302
f 3476/1/5303 1330/1/5303 1222/1/5303
f 3479/1/5304 1329/1/5304 923/1/5304
f 3479/1/5305 1330/1/5305 3480/1/5305
f 3480/1/5306 913/1/5306 1329/1/5306
f 3480/1/5307 914/1/5307 3481/1/5307
f 3479/1/5308 913/1/5308 3481/1/5308
f 3479/1/5309 914/1/5309 924/1/5309
f 3483/1/5310 1039/1/5310 3482/1/5310
f 3483/1/5311 1040/1/5311 1224/1/5311
f 3483/1/5312 941/1/5312 1223/1/5313
f 3483/1/5314 942/1/5314 3484/1/5314
f 3482/1/5315 941/1/5315 3484/1/5315
f 3482/1/5316 942/1/5316 1040/1/5316
f 3486/1/5317 1309/1/5318 3485/1/5317
f 3486/1/5319 1310/1/5319 1220/1/5319
f 3486/1/5320 1321/1/5320 1219/1/5320
f 3486/1/5321 1322/1/5321 3487/1/5321
f 3488/1/5322 1321/1/5322 3487/1/5322
f 3488/1/5323 1322/1/5323 1324/1/5323
f 3488/1/5324 1309/1/5324 1323/1/5324
f 3488/1/5325 1310/1/5325 3485/1/5325
f 3490/1/5326 961/1/5326 3489/1/5326
f 3490/1/5327 962/1/5327 1330/1/5327
f 3490/1/5328 923/1/5328 1329/1/5328
f 3490/1/5329 924/1/5329 3491/1/5329
f 3489/1/5330 923/1/5331 3491/1/5330
f 3489/1/5332 924/1/5332 962/1/5332
f 3493/1/5333 923/1/5333 3492/1/5333
f 3493/1/5334 924/1/5334 1000/1/5334
f 3493/1/5335 961/1/5335 999/1/5335
f 3493/1/5336 962/1/5336 3494/1/5336
f 3492/1/5337 961/1/5337 3494/1/5337
f 3492/1/5338 962/1/5338 924/1/5338
f 3495/1/5339 961/1/5339 1033/1/5339
f 3495/1/5340 962/1/5340 3496/1/5340
f 3496/1/5341 999/1/5341 961/1/5341
f 3496/1/5342 1000/1/5342 3497/1/5342
f 3495/1/5343 999/1/5343 3497/1/5343
f 3495/1/5344 1000/1/5344 1034/1/5344
f 3498/1/5345 1033/1/5346 961/1/5346
f 3498/1/5347 1034/1/5347 3499/1/5347
f 3500/1/5348 1033/1/5348 3499/1/5348
f 3500/1/5349 1034/1/5349 1228/1/5349
f 3498/1/5350 1227/1/5350 3500/1/5350
f 3498/1/5351 1228/1/5351 962/1/5351
f 3502/1/5352 1215/1/5352 3501/1/5352
f 3501/1/5353 1248/1/5353 3502/1/5353
f 3502/1/5354 1217/1/5354 1247/1/5354
f 3502/1/5355 1218/1/5356 3503/1/5356
f 3504/1/5357 1217/1/5357 3503/1/5357
f 3504/1/5358 1218/1/5358 1296/1/5358
f 3504/1/5359 1215/1/5359 1295/1/5359
f 3504/1/5360 1216/1/5360 3501/1/5360
f 3506/1/5361 939/1/5361 3505/1/5361
f 3506/1/5362 940/1/5362 962/1/5362
f 3506/1/5363 1227/1/5363 961/1/5363
f 3506/1/5364 1228/1/5364 3507/1/5364
f 3508/1/5365 1227/1/5365 3507/1/5365
f 3508/1/5366 1228/1/5366 938/1/5366
f 3505/1/5367 937/1/5367 3508/1/5367
f 3508/1/5368 940/1/5368 3505/1/5368
f 3509/1/5369 979/1/5369 1301/1/5369
f 3509/1/5370 980/1/5370 3510/1/5370
f 3510/1/5371 1293/1/5371 979/1/5371
f 3510/1/5372 1294/1/5372 3511/1/5372
f 3509/1/5373 1293/1/5373 3511/1/5373
f 3509/1/5374 1294/1/5374 1302/1/5374
f 3512/1/5375 1301/1/5375 979/1/5375
f 3512/1/5376 1302/1/5376 3513/1/5376
f 3514/1/5377 1301/1/5377 3513/1/5377
f 3514/1/5378 1302/1/5378 956/1/5378
f 3512/1/5379 955/1/5379 3514/1/5379
f 3512/1/5380 956/1/5380 980/1/5380
f 3516/1/5381 1339/1/5381 3515/1/5381
f 3515/1/5382 1164/1/5382 3516/1/5382
f 3516/1/5383 1075/1/5383 1163/1/5383
f 3516/1/5384 1076/1/5384 3517/1/5384
f 3518/1/5385 1075/1/5385 3517/1/5385
f 3517/1/5386 1162/1/5386 3518/1/5386
f 3515/1/5387 1161/1/5387 3518/1/5387
f 3515/1/5388 1162/1/5388 1340/1/5388
f 3520/1/5389 1261/1/5389 3519/1/5389
f 3520/1/5390 1262/1/5390 1250/1/5390
f 3520/1/5391 1233/1/5391 1249/1/5391
f 3520/1/5392 1234/1/5392 3521/1/5392
f 3521/1/5393 1261/1/5393 1233/1/5393
f 3521/1/5394 1262/1/5394 3519/1/5394
f 3523/1/5395 1249/1/5395 3522/1/5396
f 3523/1/5397 1250/1/5397 1262/1/5397
f 3523/1/5398 1017/1/5398 1261/1/5398
f 3523/1/5399 1018/1/5399 3524/1/5399
f 3522/1/5400 1017/1/5400 3524/1/5400
f 3522/1/5401 1018/1/5401 1250/1/5401
f 3526/1/5402 1301/1/5402 3525/1/5402
f 3526/1/5403 1302/1/5403 1262/1/5403
f 3527/1/5404 1261/1/5405 3526/1/5404
f 3527/1/5406 1262/1/5406 1234/1/5406
f 3528/1/5407 1233/1/5407 3527/1/5407
f 3528/1/5408 1234/1/5408 956/1/5408
f 3528/1/5409 1301/1/5409 955/1/5409
f 3528/1/5410 1302/1/5410 3525/1/5410
f 3530/1/5411 1263/1/5411 3529/1/5411
f 3530/1/5412 1264/1/5412 976/1/5412
f 3530/1/5413 959/1/5413 975/1/5413
f 3530/1/5414 960/1/5414 3531/1/5414
f 3531/1/5415 1263/1/5415 959/1/5415
f 3531/1/5416 1264/1/5416 3529/1/5416
f 3532/1/5417 1015/1/5417 1251/1/5417
f 3532/1/5418 1016/1/5418 3533/1/5418
f 3534/1/5419 1015/1/5420 3533/1/5420
f 3534/1/5421 1016/1/5421 1236/1/5421
f 3532/1/5422 1235/1/5422 3534/1/5422
f 3532/1/5423 1236/1/5423 1252/1/5423
f 3535/1/5424 1251/1/5424 1015/1/5424
f 3535/1/5425 1252/1/5425 3536/1/5425
f 3536/1/5426 1013/1/5426 1251/1/5426
f 3536/1/5427 1014/1/5427 3537/1/5427
f 3535/1/5428 1013/1/5428 3537/1/5429
f 3535/1/5430 1014/1/5430 1016/1/5430
f 3539/1/5431 975/1/5431 3538/1/5431
f 3539/1/5432 976/1/5432 1264/1/5432
f 3539/1/5433 1303/1/5433 1263/1/5433
f 3539/1/5434 1304/1/5434 3540/1/5434
f 3538/1/5435 1303/1/5435 3540/1/5435
f 3538/1/5436 1304/1/5436 976/1/5436
f 3541/1/5437 977/1/5437 979/1/5437
f 3541/1/5438 978/1/5438 3542/1/5438
f 3542/1/5439 1231/1/5439 977/1/5439
f 3542/1/5440 1232/1/5440 3543/1/5440
f 3543/1/5441 1293/1/5441 1231/1/5441
f 3543/1/5442 1294/1/5442 3544/1/5443
f 3541/1/5444 1293/1/5444 3544/1/5444
f 3541/1/5445 1294/1/5445 980/1/5445
f 3546/1/5446 1303/1/5446 3545/1/5446
f 3546/1/5447 1304/1/5447 1238/1/5447
f 3547/1/5448 1237/1/5448 3546/1/5448
f 3547/1/5449 1238/1/5449 972/1/5449
f 3548/1/5450 971/1/5450 3547/1/5450
f 3548/1/5451 972/1/5451 976/1/5451
f 3548/1/5452 1303/1/5452 975/1/5452
f 3548/1/5453 1304/1/5453 3545/1/5453
f 3550/1/5454 1281/1/5454 3549/1/5454
f 3550/1/5455 1282/1/5455 1242/1/5455
f 3551/1/5456 1241/1/5457 3550/1/5456
f 3551/1/5458 1242/1/5458 1240/1/5458
f 3552/1/5459 1239/1/5459 3551/1/5459
f 3552/1/5460 1240/1/5460 990/1/5460
f 3552/1/5461 1281/1/5461 989/1/5461
f 3552/1/5462 1282/1/5462 3549/1/5462
f 3553/1/5463 1223/1/5463 941/1/5463
f 3553/1/5464 1224/1/5464 3554/1/5464
f 3555/1/5465 1223/1/5465 3554/1/5465
f 3554/1/5466 1222/1/5466 3555/1/5466
f 3556/1/5467 1221/1/5467 3555/1/5467
f 3556/1/5468 1222/1/5468 1330/1/5468
f 3556/1/5469 941/1/5469 1329/1/5469
f 3556/1/5470 942/1/5470 3553/1/5470
f 3557/1/5471 1245/1/5472 1227/1/5473
f 3557/1/5474 1246/1/5475 3558/1/5475
f 3559/1/5476 1245/1/5476 3558/1/5476
f 3559/1/5477 1246/1/5477 1256/1/5477
f 3559/1/5478 937/1/5479 1255/1/5478
f 3560/1/5480 1256/1/5481 938/1/5482
f 3560/1/5483 1227/1/5484 937/1/5485
f 3560/1/5486 1228/1/5487 3557/1/5488
f 3562/1/5489 1289/1/5489 3561/1/5489
f 3562/1/5490 1290/1/5491 1294/1/5490
f 3562/1/5492 1231/1/5492 1293/1/5492
f 3562/1/5493 1232/1/5493 3563/1/5493
f 3564/1/5494 1231/1/5495 3563/1/5495
f 3564/1/5496 1232/1/5497 1292/1/5498
f 3564/1/5499 1289/1/5500 1291/1/5501
f 3564/1/5502 1290/1/5503 3561/1/5504
f 3565/1/5505 1233/1/5505 1005/1/5505
f 3565/1/5506 1234/1/5506 3566/1/5506
f 3567/1/5507 1233/1/5507 3566/1/5507
f 3566/1/5508 1250/1/5508 3567/1/5508
f 3568/1/5509 1249/1/5510 3567/1/5510
f 3568/1/5511 1250/1/5512 1268/1/5513
f 3568/1/5514 1005/1/5515 1267/1/5516
f 3565/1/5517 1268/1/5518 1006/1/5517
f 3570/1/5519 1317/1/5519 3569/1/5519
f 3569/1/5520 1314/1/5520 3570/1/5520
f 3571/1/5521 1313/1/5521 3570/1/5521
f 3570/1/5522 932/1/5522 3571/1/5522
f 3572/1/5523 931/1/5523 3571/1/5523
f 3572/1/5524 932/1/5524 1320/1/5524
f 3572/1/5525 1317/1/5525 1319/1/5525
f 3569/1/5526 1320/1/5526 1318/1/5526
f 3574/1/5527 1311/1/5527 3573/1/5527
f 3573/1/5528 1288/1/5528 3574/1/5528
f 3575/1/5529 1287/1/5530 3574/1/5530
f 3575/1/5531 1288/1/5532 1290/1/5533
f 3575/1/5534 1291/1/5535 1289/1/5536
f 3576/1/5537 1290/1/5538 1292/1/5537
f 3573/1/5539 1291/1/5539 3576/1/5539
f 3573/1/5540 1292/1/5540 1312/1/5540
f 3578/1/5541 1147/1/5541 3577/1/5541
f 3578/1/5542 1148/1/5542 1056/1/5542
f 3579/1/5543 1055/1/5543 3578/1/5543
f 3579/1/5544 1056/1/5544 1058/1/5544
f 3579/1/5545 1151/1/5545 1057/1/5545
f 3579/1/5546 1152/1/5546 3580/1/5546
f 3577/1/5547 1151/1/5547 3580/1/5547
f 3577/1/5548 1152/1/5548 1148/1/5548
f 3582/1/5549 1261/1/5549 3581/1/5549
f 3582/1/5550 1262/1/5550 1302/1/5550
f 3582/1/5551 1299/1/5551 1301/1/5551
f 3582/1/5552 1300/1/5552 3583/1/5552
f 3584/1/5553 1299/1/5553 3583/1/5553
f 3584/1/5554 1300/1/5554 1272/1/5554
f 3581/1/5555 1271/1/5555 3584/1/5555
f 3581/1/5556 1272/1/5556 1262/1/5556
f 3586/1/5557 1175/1/5557 3585/1/5557
f 3585/1/5558 1172/1/5558 3586/1/5558
f 3587/1/5559 1171/1/5559 3586/1/5559
f 3587/1/5560 1172/1/5560 1334/1/5560
f 3588/1/5561 1333/1/5561 3587/1/5561
f 3587/1/5562 1338/1/5562 3588/1/5562
f 3585/1/5563 1337/1/5563 3588/1/5563
f 3588/1/5564 1176/1/5564 3585/1/5564
f 3589/1/5565 957/1/5565 991/1/5565
f 3589/1/5566 958/1/5566 3590/1/5566
f 3591/1/5567 957/1/5567 3590/1/5567
f 3590/1/5568 1006/1/5568 3591/1/5568
f 3591/1/5569 1007/1/5569 1005/1/5569
f 3592/1/5570 1006/1/5570 1008/1/5570
f 3592/1/5571 991/1/5571 1007/1/5571
f 3589/1/5572 1008/1/5572 992/1/5572
f 3594/1/5573 1195/1/5573 3593/1/5573
f 3593/1/5574 1002/1/5574 3594/1/5574
f 3595/1/5575 1001/1/5575 3594/1/5575
f 3594/1/5576 1188/1/5576 3595/1/5576
f 3595/1/5577 1183/1/5577 1187/1/5577
f 3595/1/5578 1184/1/5578 3596/1/5578
f 3596/1/5579 1195/1/5579 1183/1/5579
f 3593/1/5580 1184/1/5580 1196/1/5580
f 3598/1/5581 1223/1/5581 3597/1/5581
f 3597/1/5582 1040/1/5582 3598/1/5582
f 3599/1/5583 1039/1/5583 3598/1/5583
f 3599/1/5584 1040/1/5584 1026/1/5584
f 3599/1/5585 915/1/5585 1025/1/5585
f 3600/1/5586 1026/1/5586 916/1/5586
f 3600/1/5587 1223/1/5587 915/1/5587
f 3600/1/5588 1224/1/5588 3597/1/5588
f 3602/1/5589 1279/1/5590 3601/1/5591
f 3602/1/5592 1280/1/5593 1242/1/5592
f 3603/1/5594 1241/1/5595 3602/1/5595
f 3603/1/5596 1242/1/5597 1282/1/5598
f 3603/1/5599 1283/1/5600 1281/1/5601
f 3603/1/5602 1284/1/5603 3604/1/5604
f 3601/1/5605 1283/1/5606 3604/1/5607
f 3601/1/5608 1284/1/5609 1280/1/5610
f 3606/1/5611 1287/1/5612 3605/1/5611
f 3606/1/5613 1288/1/5613 1312/1/5613
f 3606/1/5614 1237/1/5614 1311/1/5614
f 3606/1/5615 1238/1/5615 3607/1/5615
f 3608/1/5616 1237/1/5617 3607/1/5617
f 3608/1/5618 1238/1/5619 1304/1/5620
f 3608/1/5621 1287/1/5622 1303/1/5623
f 3608/1/5624 1288/1/5625 3605/1/5625
f 3610/1/5626 1029/1/5626 3609/1/5626
f 3610/1/5627 1030/1/5627 1034/1/5627
f 3610/1/5628 999/1/5628 1033/1/5628
f 3610/1/5629 1000/1/5629 3611/1/5629
f 3612/1/5630 999/1/5630 3611/1/5630
f 3612/1/5631 1000/1/5631 998/1/5631
f 3609/1/5632 997/1/5632 3612/1/5632
f 3612/1/5633 1030/1/5633 3609/1/5633
f 3614/1/5634 907/1/5634 3613/1/5634
f 3614/1/5635 908/1/5635 918/1/5635
f 3614/1/5636 909/1/5636 917/1/5636
f 3614/1/5637 910/1/5637 3615/1/5637
f 3615/1/5638 911/1/5638 909/1/5638
f 3615/1/5639 912/1/5639 3616/1/5639
f 3616/1/5640 907/1/5640 911/1/5640
f 3616/1/5641 908/1/5641 3613/1/5641
f 3618/1/5642 1321/1/5642 3617/1/5642
f 3618/1/5643 1322/1/5643 1320/1/5643
f 3618/1/5644 929/1/5644 1319/1/5644
f 3618/1/5645 930/1/5645 3619/1/5645
f 3620/1/5646 929/1/5646 3619/1/5646
f 3620/1/5647 930/1/5647 1324/1/5647
f 3620/1/5648 1321/1/5648 1323/1/5648
f 3620/1/5649 1322/1/5649 3617/1/5649
f 3621/1/5650 1289/1/5651 1293/1/5650
f 3621/1/5652 1290/1/5653 3622/1/5654
f 3622/1/5655 1299/1/5656 1289/1/5657
f 3622/1/5658 1300/1/5659 3623/1/5660
f 3624/1/5661 1299/1/5662 3623/1/5663
f 3624/1/5664 1300/1/5665 1302/1/5666
f 3624/1/5667 1293/1/5668 1301/1/5669
f 3624/1/5670 1294/1/5671 3621/1/5671
f 3626/1/5672 933/1/5672 3625/1/5672
f 3626/1/5673 934/1/5673 936/1/5673
f 3626/1/5674 947/1/5674 935/1/5674
f 3627/1/5675 936/1/5675 948/1/5675
f 3627/1/5676 943/1/5676 947/1/5676
f 3628/1/5677 948/1/5677 944/1/5677
f 3625/1/5678 943/1/5678 3628/1/5678
f 3628/1/5679 934/1/5679 3625/1/5679
f 3630/1/5680 1139/1/5680 3629/1/5680
f 3629/1/5681 1142/1/5681 3630/1/5681
f 3631/1/5682 1141/1/5682 3630/1/5682
f 3630/1/5683 1138/1/5683 3631/1/5683
f 3632/1/5684 1137/1/5684 3631/1/5684
f 3631/1/5685 1132/1/5685 3632/1/5685
f 3629/1/5686 1131/1/5686 3632/1/5686
f 3632/1/5687 1140/1/5687 3629/1/5687
f 3634/1/5688 1027/1/5688 3633/1/5688
f 3634/1/5689 1028/1/5689 1318/1/5689
f 3634/1/5690 1219/1/5690 1317/1/5690
f 3634/1/5691 1220/1/5691 3635/1/5691
f 3636/1/5692 1219/1/5692 3635/1/5692
f 3636/1/5693 1220/1/5693 1310/1/5693
f 3633/1/5694 1309/1/5694 3636/1/5694
f 3633/1/5695 1310/1/5695 1028/1/5695
f 3637/1/5696 1009/1/5696 1015/1/5696
f 3637/1/5697 1010/1/5697 3638/1/5697
f 3638/1/5698 1269/1/5698 1009/1/5698
f 3638/1/5699 1270/1/5700 3639/1/5700
f 3640/1/5701 1269/1/5701 3639/1/5701
f 3640/1/5702 1270/1/5702 1264/1/5702
f 3640/1/5703 1015/1/5703 1263/1/5703
f 3640/1/5704 1016/1/5704 3637/1/5704
f 3642/1/5705 1279/1/5705 3641/1/5705
f 3641/1/5706 1284/1/5706 3642/1/5706
f 3642/1/5707 1305/1/5707 1283/1/5707
f 3642/1/5708 1306/1/5708 3643/1/5708
f 3643/1/5709 1307/1/5709 1305/1/5709
f 3644/1/5710 1306/1/5710 1308/1/5710
f 3644/1/5711 1279/1/5711 1307/1/5711
f 3641/1/5712 1308/1/5712 1280/1/5712
f 3646/1/5713 917/1/5713 3645/1/5713
f 3645/1/5714 968/1/5714 3646/1/5714
f 3646/1/5715 919/1/5715 967/1/5715
f 3647/1/5716 968/1/5716 920/1/5716
f 3647/1/5717 921/1/5717 919/1/5717
f 3648/1/5718 920/1/5718 922/1/5718
f 3645/1/5719 921/1/5719 3648/1/5719
f 3645/1/5720 922/1/5720 918/1/5720
f 3649/1/5721 939/1/5721 961/1/5721
f 3649/1/5722 940/1/5722 3650/1/5722
f 3650/1/5723 1327/1/5723 939/1/5723
f 3650/1/5724 1328/1/5724 3651/1/5724
f 3652/1/5725 1327/1/5725 3651/1/5725
f 3652/1/5726 1328/1/5726 1330/1/5726
f 3652/1/5727 961/1/5727 1329/1/5727
f 3652/1/5728 962/1/5728 3649/1/5728
f 3653/1/5729 1225/1/5729 1313/1/5729
f 3653/1/5730 1226/1/5730 3654/1/5730
f 3655/1/5731 1225/1/5731 3654/1/5731
f 3654/1/5732 1316/1/5732 3655/1/5732
f 3656/1/5733 1315/1/5733 3655/1/5733
f 3656/1/5734 1316/1/5734 932/1/5734
f 3656/1/5735 1313/1/5735 931/1/5735
f 3653/1/5736 932/1/5736 1314/1/5736
f 3658/1/5737 1319/1/5737 3657/1/5737
f 3658/1/5738 1320/1/5738 932/1/5738
f 3659/1/5739 931/1/5739 3658/1/5739
f 3658/1/5740 1326/1/5740 3659/1/5740
f 3660/1/5741 1325/1/5741 3659/1/5741
f 3659/1/5742 930/1/5742 3660/1/5742
f 3660/1/5743 1319/1/5743 929/1/5743
f 3657/1/5744 930/1/5744 1320/1/5744
f 3662/1/5745 973/1/5745 3661/1/5745
f 3662/1/5746 974/1/5746 982/1/5746
f 3662/1/5747 927/1/5747 981/1/5747
f 3663/1/5748 982/1/5748 928/1/5748
f 3664/1/5749 927/1/5749 3663/1/5749
f 3663/1/5750 970/1/5750 3664/1/5750
f 3661/1/5751 969/1/5751 3664/1/5751
f 3664/1/5752 974/1/5753 3661/1/5753
f 3666/1/5754 925/1/5754 3665/1/5754
f 3665/1/5755 910/1/5755 3666/1/5755
f 3667/1/5756 909/1/5756 3666/1/5756
f 3666/1/5757 906/1/5757 3667/1/5757
f 3667/1/5758 915/1/5758 905/1/5758
f 3668/1/5759 906/1/5759 916/1/5759
f 3665/1/5760 915/1/5760 3668/1/5760
f 3668/1/5761 926/1/5761 3665/1/5761
f 3670/1/5762 1007/1/5763 3669/1/5764
f 3669/1/5765 1266/1/5766 3670/1/5766
f 3670/1/5767 1251/1/5768 1265/1/5767
f 3670/1/5769 1252/1/5770 3671/1/5771
f 3671/1/5772 1235/1/5773 1251/1/5774
f 3672/1/5775 1252/1/5776 1236/1/5777
f 3669/1/5778 1235/1/5779 3672/1/5780
f 3669/1/5781 1236/1/5782 1008/1/5783
f 3673/1/5784 1343/1/5784 929/1/5784
f 3673/1/5785 1344/1/5785 3674/1/5785
f 3675/1/5786 1343/1/5786 3674/1/5786
f 3675/1/5787 1344/1/5787 1210/1/5787
f 3675/1/5788 1323/1/5788 1209/1/5788
f 3675/1/5789 1324/1/5789 3676/1/5789
f 3676/1/5790 929/1/5790 1323/1/5790
f 3676/1/5791 930/1/5791 3673/1/5791
f 3678/1/5792 1343/1/5792 3677/1/5792
f 3678/1/5793 1344/1/5793 964/1/5793
f 3679/1/5794 963/1/5794 3678/1/5794
f 3679/1/5795 964/1/5795 1212/1/5795
f 3680/1/5796 1211/1/5796 3679/1/5796
f 3680/1/5797 1212/1/5797 1210/1/5797
f 3680/1/5798 1343/1/5798 1209/1/5798
f 3680/1/5799 1344/1/5799 3677/1/5799
f 3682/1/5800 1325/1/5800 3681/1/5800
f 3682/1/5801 1326/1/5801 942/1/5801
f 3683/1/5802 941/1/5802 3682/1/5802
f 3683/1/5803 942/1/5803 1330/1/5803
f 3683/1/5804 1327/1/5804 1329/1/5804
f 3683/1/5805 1328/1/5805 3684/1/5805
f 3681/1/5806 1327/1/5806 3684/1/5806
f 3681/1/5807 1328/1/5807 1326/1/5807
f 3686/1/5808 917/1/5808 3685/1/5808
f 3685/1/5809 922/1/5809 3686/1/5809
f 3687/1/5810 921/1/5810 3686/1/5810
f 3686/1/5811 906/1/5811 3687/1/5811
f 3687/1/5812 909/1/5812 905/1/5812
f 3688/1/5813 906/1/5813 910/1/5813
f 3688/1/5814 917/1/5814 909/1/5814
f 3685/1/5815 910/1/5815 918/1/5815
f 3690/1/5816 1343/1/5816 3689/1/5816
f 3689/1/5817 1328/1/5817 3690/1/5817
f 3690/1/5818 939/1/5818 1327/1/5818
f 3691/1/5819 1328/1/5819 940/1/5819
f 3691/1/5820 963/1/5820 939/1/5820
f 3692/1/5821 940/1/5821 964/1/5821
f 3689/1/5822 963/1/5822 3692/1/5822
f 3692/1/5823 1344/1/5823 3689/1/5823
f 3693/1/5824 1269/1/5824 1287/1/5824
f 3694/1/5825 1288/1/5825 1270/1/5825
f 3694/1/5826 1299/1/5826 1269/1/5826
f 3694/1/5827 1300/1/5827 3695/1/5827
f 3696/1/5828 1299/1/5828 3695/1/5828
f 3695/1/5829 1290/1/5829 3696/1/5829
f 3696/1/5830 1287/1/5830 1289/1/5830
f 3696/1/5831 1288/1/5831 3693/1/5831
f 3697/1/5832 1189/1/5832 945/1/5832
f 3697/1/5833 1190/1/5833 3698/1/5833
f 3698/1/5834 943/1/5834 1189/1/5834
f 3698/1/5835 944/1/5835 3699/1/5835
f 3700/1/5836 943/1/5836 3699/1/5836
f 3699/1/5837 948/1/5837 3700/1/5837
f 3700/1/5838 945/1/5838 947/1/5838
f 3700/1/5839 946/1/5839 3697/1/5839
f 3701/1/5840 1271/1/5840 1009/1/5840
f 3702/1/5841 1010/1/5841 1272/1/5841
f 3703/1/5842 1271/1/5842 3702/1/5842
f 3702/1/5843 1300/1/5843 3703/1/5843
f 3703/1/5844 1269/1/5844 1299/1/5844
f 3703/1/5845 1270/1/5845 3704/1/5845
f 3704/1/5846 1009/1/5846 1269/1/5846
f 3701/1/5847 1270/1/5847 1010/1/5847
f 3706/1/5848 1257/1/5848 3705/1/5848
f 3706/1/5849 1258/1/5849 1182/1/5849
f 3707/1/5850 1181/1/5850 3706/1/5850
f 3707/1/5851 1182/1/5851 1274/1/5851
f 3708/1/5852 1273/1/5852 3707/1/5852
f 3707/1/5853 1260/1/5853 3708/1/5853
f 3705/1/5854 1259/1/5854 3708/1/5854
f 3708/1/5855 1258/1/5855 3705/1/5855
f 3710/1/5856 1167/1/5856 3709/1/5856
f 3709/1/5857 1164/1/5857 3710/1/5857
f 3711/1/5858 1163/1/5858 3710/1/5858
f 3710/1/5859 1178/1/5859 3711/1/5859
f 3711/1/5860 1341/1/5860 1177/1/5860
f 3711/1/5861 1342/1/5861 3712/1/5861
f 3709/1/5862 1341/1/5862 3712/1/5862
f 3709/1/5863 1342/1/5863 1168/1/5863
f 3714/1/5864 1317/1/5864 3713/1/5864
f 3713/1/5865 1028/1/5865 3714/1/5865
f 3715/1/5866 1027/1/5866 3714/1/5866
f 3715/1/5867 1028/1/5867 1026/1/5867
f 3715/1/5868 1313/1/5868 1025/1/5868
f 3716/1/5869 1026/1/5869 1314/1/5869
f 3716/1/5870 1317/1/5870 1313/1/5870
f 3713/1/5871 1314/1/5871 1318/1/5871
f 1345/1/1 1346/1/1 417/1/1
f 1345/1/5872 436/1/5872 418/1/5872
f 1347/1/5873 439/1/5873 417/1/5873
f 1346/1/5874 418/1/5875 440/1/5875
f 1347/1/5 1348/1/5 437/1/5
f 1348/1/5876 1347/1/5876 440/1/5876
f 1348/1/7 1345/1/7 435/1/7
f 1345/1/5877 1348/1/5877 438/1/5877
f 1350/1/5878 15/1/5878 13/1/5878
f 1350/1/5879 1349/1/5879 14/1/5879
f 1350/1/5880 1351/1/5880 21/1/5880
f 1350/1/12 16/1/12 22/1/12
f 1352/1/5881 23/1/5881 21/1/5881
f 1352/1/5882 1351/1/5882 22/1/5882
f 1349/1/5883 13/1/5883 23/1/5883
f 1349/1/5884 1352/1/5884 24/1/5884
f 1354/1/17 3/1/17 17/1/5885
f 1354/1/5886 1353/1/5886 18/1/5886
f 1354/1/19 1355/1/19 13/1/19
f 1354/1/5887 4/1/5887 14/1/5887
f 1355/1/5888 1356/1/5888 23/1/5888
f 1355/1/5889 14/1/5889 24/1/5889
f 1356/1/23 1353/1/23 17/1/23
f 1356/1/24 24/1/24 18/1/24
f 1357/1/25 1358/1/25 249/1/25
f 1357/1/26 254/1/26 250/1/26
f 1358/1/27 1359/1/27 425/1/27
f 1359/1/5890 1358/1/5890 250/1/5890
f 1359/1/29 1360/1/29 247/1/29
f 1360/1/5891 1359/1/5891 426/1/5891
f 1357/1/5892 253/1/5892 247/1/5892
f 1360/1/32 248/1/32 254/1/32
f 1362/1/33 137/1/33 135/1/33
f 1361/1/5893 136/1/5893 138/1/5893
f 1362/1/5894 1363/1/5894 265/1/5894
f 1362/1/5895 138/1/5895 266/1/5895
f 1364/1/37 363/1/37 265/1/37
f 1364/1/38 1363/1/38 266/1/38
f 1361/1/5896 135/1/5896 363/1/5896
f 1361/1/40 1364/1/40 364/1/40
f 1365/1/5897 1366/1/5897 205/1/5897
f 1365/1/42 282/1/42 206/1/42
f 1367/1/43 203/1/43 205/1/43
f 1366/1/5898 206/1/5898 204/1/5898
f 1368/1/5899 279/1/5899 203/1/5899
f 1368/1/46 1367/1/46 204/1/46
f 1368/1/47 1365/1/47 281/1/47
f 1365/1/5900 1368/1/5900 280/1/5900
f 1370/1/5901 3/1/5901 9/1/5901
f 1370/1/50 1369/1/50 10/1/50
f 1370/1/5902 1371/1/5902 17/1/5902
f 1370/1/5903 4/1/5903 18/1/5903
f 1372/1/5904 87/1/5904 17/1/5904
f 1372/1/54 1371/1/54 18/1/54
f 1369/1/5905 9/1/5905 87/1/5905
f 1369/1/5906 1372/1/5906 88/1/5906
f 1374/1/5907 413/1/5907 401/1/5907
f 1374/1/5908 1373/1/5908 402/1/5908
f 1374/1/5909 1375/1/5909 39/1/5909
f 1374/1/60 414/1/60 40/1/60
f 1376/1/5910 41/1/5910 39/1/5910
f 1376/1/5911 1375/1/5912 40/1/5912
f 1376/1/5913 1373/1/5913 401/1/5913
f 1376/1/64 42/1/64 402/1/64
f 1377/1/5914 1378/1/5914 301/1/5914
f 1377/1/5915 20/1/5915 302/1/5915
f 1378/1/5916 1379/1/5916 305/1/5916
f 1378/1/5917 302/1/5917 306/1/5917
f 1380/1/69 11/1/69 305/1/69
f 1380/1/5918 1379/1/5918 306/1/5918
f 1380/1/5919 1377/1/5919 19/1/5919
f 1380/1/5920 12/1/5920 20/1/5920
f 1381/1/5921 1382/1/5921 127/1/5921
f 1382/1/74 1381/1/74 130/1/74
f 1382/1/5922 1383/1/5922 97/1/5922
f 1383/1/76 1382/1/76 128/1/76
f 1384/1/77 111/1/77 97/1/77
f 1383/1/5923 98/1/5923 112/1/5923
f 1381/1/79 129/1/79 111/1/79
f 1384/1/80 112/1/80 130/1/80
f 1385/1/81 1386/1/81 399/1/81
f 1386/1/82 1385/1/82 404/1/82
f 1387/1/83 411/1/83 399/1/83
f 1386/1/5924 400/1/5924 412/1/5924
f 1387/1/5925 1388/1/5925 25/1/5925
f 1387/1/5926 412/1/5926 26/1/5926
f 1388/1/87 1385/1/87 403/1/87
f 1385/1/88 1388/1/88 26/1/88
f 1390/1/5927 419/1/5927 61/1/5927
f 1390/1/5928 1389/1/5928 62/1/5928
f 1390/1/91 1391/1/91 55/1/91
f 1391/1/92 1390/1/92 420/1/92
f 1391/1/5929 1392/1/5929 63/1/5929
f 1391/1/5930 56/1/5930 64/1/5930
f 1389/1/96 61/1/96 63/1/96
f 1392/1/5931 64/1/5931 62/1/5931
f 1394/1/98 391/1/98 393/1/98
f 1393/1/5932 394/1/5932 392/1/5932
f 1395/1/5933 271/1/5933 391/1/5933
f 1394/1/5934 392/1/5934 272/1/5934
f 1396/1/5935 93/1/5935 271/1/5935
f 1396/1/103 1395/1/103 272/1/103
f 1393/1/5936 393/1/5936 93/1/5936
f 1396/1/5937 94/1/5937 394/1/5937
f 1397/1/5938 1398/1/5938 11/1/5938
f 1398/1/107 1397/1/107 20/1/107
f 1399/1/108 15/1/108 11/1/108
f 1398/1/109 12/1/109 16/1/109
f 1400/1/5939 13/1/5939 15/1/5939
f 1399/1/5940 16/1/5940 14/1/5940
f 1397/1/5941 19/1/5941 13/1/5941
f 1400/1/5942 14/1/5942 20/1/5942
f 1401/1/5943 1402/1/5943 85/1/5943
f 1401/1/115 54/1/115 86/1/115
f 1403/1/5944 99/1/5944 85/1/5944
f 1402/1/5945 86/1/5945 100/1/5945
f 1404/1/118 101/1/118 99/1/118
f 1403/1/5946 100/1/5946 102/1/5946
f 1404/1/120 1401/1/120 53/1/120
f 1401/1/5947 1404/1/5947 102/1/5947
f 1406/1/5948 109/1/5948 361/1/5949
f 1406/1/123 1405/1/123 362/1/123
f 1406/1/5950 1407/1/124 321/1/5950
f 1406/1/5951 110/1/5951 322/1/5951
f 1408/1/126 347/1/126 321/1/126
f 1408/1/127 1407/1/127 322/1/127
f 1408/1/128 1405/1/128 361/1/128
f 1408/1/129 348/1/129 362/1/129
f 1410/1/5952 299/1/5952 37/1/5952
f 1410/1/131 1409/1/131 38/1/131
f 1410/1/132 1411/1/132 417/1/132
f 1410/1/133 300/1/133 418/1/5953
f 1412/1/134 411/1/134 417/1/134
f 1412/1/135 1411/1/135 418/1/135
f 1412/1/5954 1409/1/5955 37/1/5955
f 1412/1/137 412/1/137 38/1/137
f 1414/1/138 71/1/138 33/1/138
f 1413/1/5956 34/1/5956 72/1/5956
f 1414/1/140 1415/1/140 35/1/140
f 1415/1/141 1414/1/141 72/1/141
f 1415/1/5957 1416/1/5957 65/1/5957
f 1416/1/5958 1415/1/5958 36/1/5958
f 1413/1/144 33/1/144 65/1/144
f 1416/1/5959 66/1/5959 34/1/5959
f 1418/1/146 47/1/146 263/1/146
f 1418/1/147 1417/1/147 264/1/147
f 1418/1/5960 1419/1/5960 43/1/5960
f 1418/1/149 48/1/149 44/1/149
f 1420/1/5961 45/1/5961 43/1/5961
f 1419/1/151 44/1/151 46/1/151
f 1417/1/152 263/1/152 45/1/152
f 1420/1/5962 46/1/5962 264/1/5962
f 1421/1/5963 1422/1/5963 189/1/5963
f 1421/1/155 252/1/155 190/1/155
f 1422/1/5964 1423/1/5964 143/1/5964
f 1422/1/157 190/1/157 144/1/157
f 1424/1/5965 145/1/5965 143/1/5965
f 1423/1/5966 144/1/5966 146/1/5966
f 1425/1/5967 147/1/5967 145/1/5967
f 1425/1/5968 1424/1/5968 146/1/5968
f 1426/1/5969 255/1/5969 147/1/5969
f 1426/1/5970 1425/1/5970 148/1/5970
f 1426/1/5971 1427/1/5971 139/1/5971
f 1426/1/165 256/1/165 140/1/165
f 1428/1/5972 141/1/5972 139/1/5972
f 1428/1/167 1427/1/167 140/1/167
f 1421/1/5973 251/1/5973 141/1/5973
f 1421/1/169 1428/1/169 142/1/169
f 1429/1/5974 1430/1/5975 69/1/5976
f 1429/1/5977 36/1/5978 70/1/5979
f 1430/1/176 1431/1/5980 51/1/5980
f 1430/1/179 70/1/5981 52/1/5982
f 1432/1/5983 85/1/5984 51/1/5983
f 1432/1/5985 1431/1/5985 52/1/5985
f 1432/1/5986 1429/1/5987 35/1/5988
f 1432/1/185 86/1/185 36/1/186
f 1434/1/5989 115/1/5989 123/1/5990
f 1434/1/5991 1433/1/5992 124/1/5993
f 1434/1/193 1435/1/5994 113/1/5995
f 1434/1/5996 116/1/5996 114/1/5997
f 1436/1/5998 297/1/5999 113/1/6000
f 1436/1/6001 1435/1/6002 114/1/6003
f 1436/1/6004 1433/1/6005 123/1/205
f 1436/1/6006 298/1/6007 124/1/6008
f 1438/1/210 57/1/210 419/1/210
f 1438/1/6009 1437/1/6009 420/1/6009
f 1438/1/212 1439/1/212 309/1/212
f 1438/1/213 58/1/213 310/1/213
f 1440/1/214 55/1/214 309/1/214
f 1440/1/6010 1439/1/6010 310/1/6010
f 1437/1/6011 419/1/6012 55/1/6011
f 1440/1/217 56/1/217 420/1/217
f 1442/1/6013 9/1/6013 3/1/6013
f 1441/1/6014 4/1/6014 10/1/6014
f 1443/1/6015 7/1/6015 9/1/6015
f 1442/1/221 10/1/221 8/1/221
f 1443/1/6016 1444/1/6016 1/1/6016
f 1444/1/6017 1443/1/6017 8/1/6017
f 1444/1/6018 1441/1/6018 3/1/6018
f 1444/1/225 2/1/225 4/1/225
f 1445/1/226 1446/1/6019 67/1/6020
f 1445/1/229 66/1/6021 68/1/230
f 1447/1/6022 33/1/6023 67/1/6024
f 1447/1/6025 1446/1/6026 68/1/236
f 1445/1/6027 65/1/6028 33/1/6029
f 1445/1/241 1447/1/6030 34/1/242
f 1448/1/6031 1449/1/6032 65/1/6033
f 1448/1/247 68/1/6034 66/1/248
f 1449/1/6035 1450/1/6036 325/1/6037
f 1449/1/6038 66/1/6039 326/1/6040
f 1448/1/6041 67/1/6042 325/1/6043
f 1448/1/6044 1450/1/6045 326/1/260
f 1452/1/6046 315/1/6047 35/1/263
f 1452/1/6048 1451/1/6049 36/1/6050
f 1452/1/6051 1453/1/6052 69/1/269
f 1452/1/6053 316/1/6054 70/1/6055
f 1451/1/6056 35/1/6057 69/1/6058
f 1451/1/6059 1453/1/6060 70/1/278
f 1454/1/6061 1455/1/6062 71/1/6063
f 1454/1/6064 36/1/6065 72/1/6066
f 1455/1/286 1456/1/6067 315/1/6068
f 1455/1/6069 72/1/6070 316/1/6071
f 1454/1/6072 35/1/6073 315/1/6074
f 1454/1/6075 1456/1/6076 316/1/6077
f 1458/1/6078 91/1/6078 379/1/6078
f 1458/1/6079 1457/1/6079 380/1/6079
f 1459/1/6080 7/1/6080 91/1/6080
f 1459/1/6081 1458/1/6081 92/1/6081
f 1460/1/6082 89/1/6082 7/1/6082
f 1460/1/303 1459/1/303 8/1/303
f 1460/1/6083 1457/1/6083 379/1/6083
f 1460/1/6084 90/1/6084 380/1/6084
f 1461/1/306 1462/1/306 49/1/306
f 1461/1/6085 78/1/6085 50/1/6086
f 1462/1/6087 1463/1/6087 73/1/6087
f 1462/1/6088 50/1/6088 74/1/6088
f 1463/1/310 1464/1/310 75/1/310
f 1463/1/311 74/1/311 76/1/311
f 1461/1/6089 77/1/6089 75/1/6089
f 1461/1/313 1464/1/313 76/1/313
f 1466/1/314 439/1/314 437/1/314
f 1466/1/6090 1465/1/6090 438/1/6090
f 1466/1/316 1467/1/316 419/1/316
f 1467/1/6091 1466/1/6091 440/1/6091
f 1468/1/6092 61/1/6092 419/1/6092
f 1467/1/6093 420/1/6093 62/1/6093
f 1465/1/320 437/1/320 61/1/320
f 1468/1/6094 62/1/6094 438/1/6094
f 1470/1/6095 335/1/6095 365/1/6095
f 1470/1/6096 1469/1/6096 366/1/6096
f 1471/1/324 331/1/324 335/1/324
f 1471/1/325 1470/1/325 336/1/325
f 1471/1/6097 1472/1/6097 389/1/6097
f 1471/1/328 332/1/328 390/1/328
f 1469/1/329 365/1/329 389/1/329
f 1469/1/6098 1472/1/6098 390/1/6098
f 1474/1/6099 407/1/6099 377/1/6099
f 1474/1/6100 1473/1/6100 378/1/6100
f 1474/1/6101 1475/1/6101 9/1/6101
f 1474/1/6102 408/1/6102 10/1/6102
f 1475/1/6103 1476/1/6103 87/1/6103
f 1475/1/6104 10/1/6104 88/1/6104
f 1476/1/337 1473/1/337 377/1/337
f 1476/1/6105 88/1/6105 378/1/6105
f 1477/1/339 1478/1/339 223/1/339
f 1477/1/6106 222/1/6106 224/1/6106
f 1478/1/341 1479/1/341 261/1/341
f 1479/1/342 1478/1/342 224/1/342
f 1480/1/6107 259/1/6107 261/1/6107
f 1479/1/6108 262/1/6108 260/1/6108
f 1477/1/6109 221/1/6109 259/1/6109
f 1477/1/346 1480/1/346 260/1/346
f 1482/1/6110 117/1/6110 403/1/6110
f 1481/1/349 404/1/349 118/1/349
f 1483/1/6111 395/1/6111 117/1/6111
f 1483/1/351 1482/1/351 118/1/351
f 1483/1/352 1484/1/352 399/1/352
f 1484/1/353 1483/1/353 396/1/353
f 1481/1/354 403/1/354 399/1/354
f 1484/1/355 400/1/355 404/1/355
f 1485/1/356 1486/1/357 311/1/357
f 1485/1/359 310/1/6112 312/1/360
f 1487/1/6113 345/1/6114 311/1/6115
f 1487/1/363 1486/1/6116 312/1/6116
f 1487/1/6117 1488/1/6117 55/1/6118
f 1488/1/369 1487/1/6119 346/1/370
f 1488/1/6120 1485/1/6121 309/1/6122
f 1488/1/375 56/1/6123 310/1/6124
f 1490/1/6125 341/1/6125 51/1/6125
f 1490/1/6126 1489/1/6126 52/1/6126
f 1491/1/6127 99/1/6127 341/1/6127
f 1491/1/381 1490/1/381 342/1/381
f 1492/1/6128 85/1/6128 99/1/6128
f 1492/1/383 1491/1/383 100/1/383
f 1492/1/6129 1489/1/6129 51/1/6129
f 1492/1/6130 86/1/6130 52/1/6130
f 1494/1/6131 345/1/6131 55/1/6131
f 1493/1/6132 56/1/6132 346/1/6132
f 1494/1/6133 1495/1/6133 337/1/6133
f 1495/1/390 1494/1/390 346/1/390
f 1495/1/6134 1496/1/6134 63/1/6134
f 1496/1/6135 1495/1/6135 338/1/6135
f 1493/1/393 55/1/393 63/1/393
f 1496/1/6136 64/1/6136 56/1/6136
f 1497/1/6137 1498/1/6137 397/1/6137
f 1497/1/6138 400/1/6138 398/1/6138
f 1499/1/6139 37/1/6139 397/1/6139
f 1498/1/398 398/1/398 38/1/398
f 1500/1/6140 411/1/6140 37/1/6140
f 1500/1/400 1499/1/400 38/1/400
f 1500/1/401 1497/1/401 399/1/401
f 1497/1/6141 1500/1/6141 412/1/6141
f 1502/1/403 349/1/403 357/1/403
f 1502/1/404 1501/1/404 358/1/404
f 1502/1/6142 1503/1/6142 105/1/6142
f 1502/1/406 350/1/406 106/1/406
f 1504/1/6143 107/1/6143 105/1/6143
f 1504/1/6144 1503/1/6144 106/1/6144
f 1504/1/6145 1501/1/6145 357/1/6145
f 1504/1/6146 108/1/6146 358/1/6146
f 1505/1/6147 1506/1/6147 1/1/6147
f 1506/1/6148 1505/1/6148 4/1/6148
f 1507/1/6149 19/1/6149 1/1/6149
f 1506/1/6150 2/1/6150 20/1/6150
f 1508/1/417 13/1/417 19/1/417
f 1507/1/6151 20/1/6151 14/1/6151
f 1508/1/6152 1505/1/6152 3/1/6152
f 1505/1/420 1508/1/420 14/1/420
f 1509/1/6153 1510/1/6153 239/1/6153
f 1510/1/422 1509/1/422 244/1/422
f 1510/1/6154 1511/1/6154 429/1/6154
f 1510/1/424 240/1/424 430/1/424
f 1511/1/425 1512/1/425 433/1/425
f 1511/1/426 430/1/426 434/1/426
f 1512/1/6155 1509/1/6155 243/1/6155
f 1512/1/6156 434/1/6156 244/1/6156
f 1514/1/6157 27/1/6157 29/1/6157
f 1513/1/430 30/1/430 28/1/430
f 1515/1/431 47/1/431 27/1/431
f 1515/1/6158 1514/1/6158 28/1/6158
f 1516/1/433 263/1/433 47/1/433
f 1515/1/6159 48/1/6159 264/1/6159
f 1513/1/6160 29/1/6160 263/1/6160
f 1513/1/436 1516/1/436 264/1/436
f 1518/1/6161 403/1/6162 117/1/6163
f 1518/1/439 1517/1/6164 118/1/6164
f 1518/1/442 1519/1/6165 413/1/6166
f 1518/1/445 404/1/6167 414/1/446
f 1520/1/6168 401/1/6168 413/1/449
f 1520/1/6169 1519/1/6170 414/1/452
f 1517/1/453 117/1/453 401/1/453
f 1517/1/6171 1520/1/6171 402/1/6171
f 1522/1/455 381/1/455 121/1/455
f 1522/1/6172 1521/1/6172 122/1/6172
f 1522/1/6173 1523/1/6173 405/1/6173
f 1522/1/458 382/1/458 406/1/458
f 1524/1/6174 119/1/6174 405/1/6174
f 1524/1/460 1523/1/460 406/1/460
f 1524/1/461 1521/1/461 121/1/461
f 1524/1/6175 120/1/6176 122/1/6175
f 1526/1/6177 307/1/6177 305/1/6177
f 1525/1/6178 306/1/6178 308/1/6178
f 1527/1/465 395/1/465 307/1/465
f 1527/1/6179 1526/1/6179 308/1/6179
f 1527/1/467 1528/1/467 11/1/467
f 1528/1/6180 1527/1/6180 396/1/6180
f 1528/1/6181 1525/1/6181 305/1/6181
f 1528/1/6182 12/1/6183 306/1/6182
f 1529/1/471 1530/1/471 407/1/471
f 1530/1/472 1529/1/472 114/1/472
f 1530/1/6184 1531/1/6184 377/1/6184
f 1530/1/6185 408/1/6185 378/1/6185
f 1532/1/6186 297/1/6186 377/1/6186
f 1532/1/476 1531/1/476 378/1/476
f 1532/1/6187 1529/1/6187 113/1/6187
f 1532/1/6188 298/1/6188 114/1/6188
f 1533/1/6189 1534/1/6189 277/1/6189
f 1533/1/6190 96/1/6190 278/1/6190
f 1534/1/482 1535/1/482 131/1/482
f 1534/1/6191 278/1/6191 132/1/6191
f 1536/1/6192 97/1/6192 131/1/6192
f 1536/1/6193 1535/1/6193 132/1/6193
f 1533/1/486 95/1/486 97/1/486
f 1536/1/6194 98/1/6194 96/1/6194
f 1538/1/488 133/1/488 283/1/488
f 1538/1/489 1537/1/489 284/1/489
f 1538/1/6195 1539/1/6195 131/1/6195
f 1539/1/6196 1538/1/6196 134/1/6196
f 1539/1/6197 1540/1/6197 279/1/6197
f 1539/1/493 132/1/493 280/1/493
f 1540/1/6198 1537/1/6198 283/1/6198
f 1540/1/495 280/1/495 284/1/495
f 1541/1/6199 1542/1/6200 333/1/6200
f 1541/1/497 80/1/497 334/1/497
f 1543/1/498 81/1/498 333/1/498
f 1543/1/499 1542/1/499 334/1/499
f 1544/1/500 83/1/500 81/1/500
f 1544/1/6201 1543/1/6201 82/1/6201
f 1541/1/503 79/1/503 83/1/503
f 1541/1/504 1544/1/504 84/1/504
f 1545/1/6202 1546/1/6203 289/1/506
f 1545/1/6204 130/1/6204 290/1/6205
f 1546/1/6206 1547/1/6207 287/1/6207
f 1547/1/6208 1546/1/6208 290/1/6208
f 1548/1/6209 127/1/6209 287/1/6209
f 1548/1/6210 1547/1/6210 288/1/6210
f 1545/1/517 129/1/6211 127/1/6211
f 1548/1/6212 128/1/6212 130/1/6212
f 1549/1/6213 1550/1/6213 35/1/6213
f 1549/1/6214 66/1/6214 36/1/6214
f 1550/1/6215 1551/1/6215 85/1/6215
f 1551/1/522 1550/1/522 36/1/522
f 1551/1/523 1552/1/523 53/1/523
f 1552/1/6216 1551/1/6216 86/1/6216
f 1549/1/6217 65/1/6217 53/1/6217
f 1552/1/6218 54/1/6218 66/1/6218
f 1554/1/527 167/1/527 171/1/527
f 1554/1/528 1553/1/528 172/1/528
f 1555/1/529 237/1/529 167/1/529
f 1555/1/530 1554/1/530 168/1/530
f 1555/1/6219 1556/1/6219 173/1/6219
f 1555/1/6220 238/1/6220 174/1/6220
f 1557/1/6221 241/1/6221 173/1/6221
f 1557/1/6222 1556/1/6222 174/1/6222
f 1557/1/6223 1558/1/6223 169/1/6223
f 1557/1/6224 242/1/6224 170/1/6224
f 1558/1/537 1553/1/537 171/1/537
f 1558/1/538 170/1/6225 172/1/6225
f 1560/1/539 415/1/539 355/1/539
f 1560/1/540 1559/1/540 356/1/540
f 1561/1/6226 329/1/6226 415/1/6226
f 1561/1/542 1560/1/542 416/1/542
f 1562/1/543 351/1/543 329/1/543
f 1562/1/544 1561/1/544 330/1/544
f 1562/1/546 1559/1/546 355/1/546
f 1562/1/6227 352/1/6227 356/1/6227
f 1564/1/6228 163/1/6228 161/1/6228
f 1564/1/549 1563/1/549 162/1/549
f 1565/1/6229 169/1/6229 163/1/6229
f 1565/1/6230 1564/1/6230 164/1/6230
f 1566/1/552 241/1/552 169/1/552
f 1566/1/6231 1565/1/6231 170/1/6231
f 1566/1/554 1567/1/554 157/1/554
f 1566/1/555 242/1/555 158/1/555
f 1568/1/556 159/1/556 157/1/556
f 1568/1/557 1567/1/557 158/1/557
f 1568/1/558 1569/1/558 245/1/558
f 1568/1/6232 160/1/6232 246/1/6232
f 1570/1/6233 237/1/6233 245/1/6233
f 1570/1/561 1569/1/561 246/1/561
f 1570/1/562 1571/1/562 167/1/562
f 1570/1/6234 238/1/6234 168/1/6234
f 1571/1/6235 1572/1/6235 165/1/6235
f 1571/1/6236 168/1/6236 166/1/6236
f 1563/1/566 161/1/566 165/1/566
f 1563/1/567 1572/1/567 166/1/567
f 1574/1/6237 189/1/6237 153/1/6237
f 1574/1/6238 1573/1/6238 154/1/6238
f 1575/1/6239 251/1/6239 189/1/6239
f 1575/1/571 1574/1/571 190/1/571
f 1575/1/6240 1576/1/6240 149/1/6240
f 1575/1/574 252/1/574 150/1/574
f 1576/1/575 1577/1/575 151/1/575
f 1577/1/6241 1576/1/6241 150/1/6241
f 1578/1/6242 255/1/6242 151/1/6242
f 1578/1/578 1577/1/578 152/1/578
f 1578/1/579 1579/1/579 147/1/579
f 1578/1/6243 256/1/6243 148/1/6243
f 1579/1/6244 1580/1/6244 155/1/6244
f 1579/1/6245 148/1/6245 156/1/6245
f 1573/1/583 153/1/583 155/1/583
f 1580/1/584 156/1/584 154/1/584
f 1581/1/585 1582/1/585 163/1/585
f 1581/1/6246 170/1/6246 164/1/6246
f 1582/1/587 1583/1/587 179/1/587
f 1582/1/588 164/1/588 180/1/588
f 1583/1/6247 1584/1/6247 175/1/6247
f 1583/1/6248 180/1/6248 176/1/6248
f 1581/1/591 169/1/591 175/1/591
f 1581/1/6249 1584/1/6249 176/1/6249
f 1585/1/593 1586/1/593 153/1/593
f 1585/1/6250 190/1/6250 154/1/6250
f 1586/1/6251 1587/1/6251 185/1/6251
f 1586/1/6252 154/1/6252 186/1/6252
f 1588/1/597 191/1/597 185/1/597
f 1587/1/6253 186/1/6253 192/1/6253
f 1585/1/599 189/1/599 191/1/599
f 1585/1/600 1588/1/600 192/1/600
f 1589/1/6254 1590/1/6254 185/1/6254
f 1589/1/602 182/1/602 186/1/602
f 1591/1/6255 153/1/6255 185/1/6255
f 1591/1/6256 1590/1/6256 186/1/6256
f 1591/1/605 1592/1/605 155/1/605
f 1591/1/606 154/1/606 156/1/606
f 1592/1/6257 1589/1/6257 181/1/6257
f 1592/1/608 156/1/608 182/1/608
f 1593/1/6258 1594/1/6259 183/1/6258
f 1593/1/6260 148/1/6260 184/1/6260
f 1594/1/611 1595/1/611 181/1/611
f 1595/1/6261 1594/1/6261 184/1/6261
f 1596/1/613 155/1/613 181/1/613
f 1596/1/6262 1595/1/6262 182/1/6262
f 1593/1/616 147/1/616 155/1/616
f 1593/1/617 1596/1/617 156/1/617
f 1598/1/6263 177/1/6263 175/1/6263
f 1598/1/6264 1597/1/6264 176/1/6264
f 1599/1/6265 171/1/6265 177/1/6265
f 1599/1/6266 1598/1/6266 178/1/6266
f 1600/1/622 169/1/622 171/1/622
f 1600/1/624 1599/1/624 172/1/624
f 1600/1/6267 1597/1/6267 175/1/6267
f 1600/1/626 170/1/626 176/1/626
f 1601/1/627 1602/1/627 103/1/627
f 1601/1/6268 102/1/6268 104/1/6268
f 1602/1/6269 1603/1/6269 323/1/6269
f 1602/1/630 104/1/630 324/1/630
f 1604/1/6270 53/1/6270 323/1/6270
f 1604/1/6271 1603/1/6271 324/1/6271
f 1604/1/6272 1601/1/6272 101/1/6272
f 1604/1/634 54/1/634 102/1/634
f 1606/1/6273 143/1/6273 145/1/6273
f 1606/1/6274 1605/1/6274 146/1/6274
f 1606/1/6275 1607/1/6275 229/1/6275
f 1606/1/638 144/1/638 230/1/638
f 1608/1/639 187/1/639 229/1/639
f 1608/1/640 1607/1/640 230/1/640
f 1605/1/641 145/1/641 187/1/641
f 1605/1/643 1608/1/643 188/1/643
f 1609/1/6276 1610/1/6276 233/1/6276
f 1609/1/6277 162/1/6277 234/1/6277
f 1610/1/6278 1611/1/6278 179/1/6278
f 1610/1/6279 234/1/6279 180/1/6279
f 1612/1/648 163/1/648 179/1/648
f 1612/1/6280 1611/1/6280 180/1/6280
f 1612/1/650 1609/1/650 161/1/650
f 1612/1/651 164/1/651 162/1/651
f 1614/1/6281 231/1/6281 235/1/6281
f 1614/1/653 1613/1/653 236/1/653
f 1615/1/654 165/1/654 231/1/654
f 1615/1/6282 1614/1/6282 232/1/6282
f 1616/1/656 167/1/656 165/1/656
f 1616/1/6283 1615/1/6283 166/1/6283
f 1616/1/658 1613/1/658 235/1/658
f 1616/1/659 168/1/659 236/1/659
f 1618/1/660 167/1/660 235/1/660
f 1618/1/6284 1617/1/6284 236/1/6284
f 1618/1/662 1619/1/662 171/1/662
f 1618/1/663 168/1/663 172/1/663
f 1619/1/664 1620/1/664 177/1/664
f 1619/1/6285 172/1/6285 178/1/6285
f 1620/1/6286 1617/1/6286 235/1/6286
f 1620/1/667 178/1/667 236/1/667
f 1621/1/668 1622/1/668 165/1/668
f 1621/1/669 162/1/669 166/1/669
f 1622/1/6287 1623/1/6287 231/1/6287
f 1622/1/6288 166/1/6288 232/1/6288
f 1623/1/672 1624/1/672 233/1/672
f 1623/1/673 232/1/673 234/1/673
f 1621/1/674 161/1/674 233/1/674
f 1621/1/675 1624/1/675 234/1/675
f 1625/1/6289 1626/1/6289 145/1/6289
f 1625/1/677 148/1/677 146/1/677
f 1626/1/6290 1627/1/6290 187/1/6290
f 1626/1/6291 146/1/6291 188/1/6291
f 1628/1/680 183/1/680 187/1/680
f 1627/1/681 188/1/681 184/1/681
f 1625/1/6292 147/1/6292 183/1/6292
f 1625/1/6293 1628/1/6293 184/1/6293
f 1630/1/684 195/1/684 293/1/684
f 1629/1/6294 294/1/6295 196/1/6294
f 1630/1/686 1631/1/686 201/1/686
f 1630/1/6296 196/1/6296 202/1/6296
f 1631/1/688 1632/1/688 199/1/688
f 1632/1/689 1631/1/689 202/1/689
f 1629/1/690 293/1/690 199/1/690
f 1629/1/691 1632/1/691 200/1/691
f 1634/1/692 197/1/692 285/1/692
f 1634/1/6297 1633/1/6297 286/1/6297
f 1634/1/6298 1635/1/6298 201/1/6298
f 1634/1/695 198/1/695 202/1/695
f 1636/1/6299 195/1/6299 201/1/6299
f 1636/1/6300 1635/1/6300 202/1/6300
f 1636/1/6301 1633/1/6301 285/1/6301
f 1636/1/6302 196/1/6302 286/1/6302
f 1637/1/700 1638/1/700 127/1/700
f 1638/1/701 1637/1/701 126/1/701
f 1638/1/702 1639/1/702 287/1/702
f 1638/1/6303 128/1/6303 288/1/6303
f 1640/1/705 291/1/705 287/1/705
f 1640/1/707 1639/1/707 288/1/707
f 1637/1/6304 125/1/6304 291/1/6304
f 1637/1/6305 1640/1/6305 292/1/6305
f 1642/1/6306 133/1/6306 131/1/6306
f 1641/1/6307 132/1/6307 134/1/6307
f 1643/1/6308 111/1/6309 133/1/6310
f 1643/1/6311 1642/1/715 134/1/715
f 1643/1/717 1644/1/718 97/1/718
f 1644/1/720 1643/1/6312 112/1/721
f 1644/1/6313 1641/1/6313 131/1/6313
f 1644/1/723 98/1/723 132/1/723
f 1646/1/6314 353/1/6314 99/1/6314
f 1645/1/725 100/1/725 354/1/725
f 1646/1/6315 1647/1/6315 343/1/6315
f 1646/1/727 354/1/727 344/1/727
f 1647/1/728 1648/1/728 101/1/728
f 1648/1/729 1647/1/729 344/1/729
f 1648/1/6316 1645/1/6316 99/1/6316
f 1645/1/731 1648/1/731 102/1/731
f 1650/1/6317 253/1/6317 257/1/6317
f 1650/1/733 1649/1/733 258/1/733
f 1650/1/6318 1651/1/6318 247/1/6318
f 1650/1/6319 254/1/6319 248/1/6319
f 1652/1/736 431/1/736 247/1/736
f 1651/1/6320 248/1/6320 432/1/6320
f 1649/1/738 257/1/738 431/1/738
f 1652/1/6321 432/1/6321 258/1/6321
f 1654/1/740 363/1/740 393/1/740
f 1654/1/741 1653/1/741 394/1/741
f 1655/1/742 265/1/742 363/1/742
f 1655/1/743 1654/1/743 364/1/743
f 1656/1/6322 391/1/6322 265/1/6322
f 1655/1/745 266/1/745 392/1/745
f 1653/1/746 393/1/746 391/1/746
f 1656/1/6323 392/1/6323 394/1/6323
f 1658/1/6324 267/1/6324 275/1/6324
f 1658/1/749 1657/1/749 276/1/749
f 1658/1/6325 1659/1/6325 269/1/6325
f 1658/1/343 268/1/343 270/1/343
f 1659/1/6326 1657/1/6326 275/1/6326
f 1659/1/6327 270/1/6327 276/1/6327
f 1661/1/754 275/1/754 267/1/754
f 1661/1/6328 1660/1/6328 268/1/6328
f 1661/1/756 1662/1/756 209/1/756
f 1661/1/6329 276/1/6329 210/1/6329
f 1660/1/6330 267/1/6330 209/1/6330
f 1660/1/759 1662/1/759 210/1/759
f 1664/1/6331 211/1/6331 207/1/6331
f 1664/1/6332 1663/1/6332 208/1/6332
f 1664/1/6333 1665/1/6333 213/1/6333
f 1664/1/6334 212/1/6334 214/1/6334
f 1663/1/6335 207/1/6335 213/1/6335
f 1663/1/765 1665/1/765 214/1/765
f 1666/1/6336 1667/1/6336 211/1/6336
f 1666/1/6337 214/1/6337 212/1/6337
f 1667/1/6338 1668/1/6338 215/1/6338
f 1667/1/6339 212/1/6339 216/1/6339
f 1666/1/770 213/1/770 215/1/770
f 1666/1/771 1668/1/771 216/1/771
f 1670/1/772 217/1/772 259/1/772
f 1670/1/773 1669/1/773 260/1/773
f 1670/1/774 1671/1/774 219/1/774
f 1670/1/775 218/1/775 220/1/775
f 1669/1/776 259/1/776 219/1/776
f 1669/1/6340 1671/1/6340 220/1/6340
f 1673/1/778 259/1/778 217/1/778
f 1673/1/6341 1672/1/6341 218/1/6341
f 1673/1/1687 1674/1/1687 261/1/1687
f 1673/1/781 260/1/781 262/1/781
f 1674/1/782 1672/1/782 217/1/782
f 1674/1/6342 262/1/6342 218/1/6342
f 1675/1/6343 1676/1/6343 355/1/6343
f 1676/1/785 1675/1/785 416/1/785
f 1676/1/6344 1677/1/6344 359/1/6344
f 1676/1/787 356/1/787 360/1/787
f 1678/1/788 409/1/788 359/1/788
f 1677/1/6345 360/1/6345 410/1/6345
f 1675/1/790 415/1/790 409/1/790
f 1678/1/6346 410/1/6346 416/1/6346
f 1680/1/6347 221/1/6347 223/1/6347
f 1680/1/6348 1679/1/6348 224/1/6348
f 1680/1/6349 1681/1/6349 225/1/6349
f 1680/1/6350 222/1/6350 226/1/6350
f 1679/1/6351 223/1/6351 225/1/6351
f 1679/1/797 1681/1/797 226/1/797
f 1682/1/6352 1683/1/6352 221/1/6352
f 1682/1/6353 226/1/6353 222/1/6353
f 1683/1/800 1684/1/800 227/1/800
f 1683/1/801 222/1/801 228/1/801
f 1682/1/6354 225/1/6354 227/1/6354
f 1682/1/6355 1684/1/6355 228/1/6355
f 1685/1/804 1686/1/804 97/1/804
f 1686/1/6356 1685/1/6356 96/1/6356
f 1686/1/806 1687/1/806 127/1/806
f 1686/1/6357 98/1/6357 128/1/6357
f 1688/1/808 125/1/808 127/1/808
f 1687/1/6358 128/1/6358 126/1/6358
f 1688/1/6359 1685/1/6359 95/1/6359
f 1688/1/811 126/1/811 96/1/811
f 1689/1/6360 1690/1/6360 181/1/6360
f 1689/1/813 186/1/813 182/1/813
f 1690/1/814 1691/1/814 183/1/814
f 1690/1/815 182/1/815 184/1/815
f 1692/1/816 187/1/816 183/1/816
f 1692/1/817 1691/1/817 184/1/817
f 1692/1/818 1693/1/818 229/1/818
f 1693/1/6361 1692/1/6361 188/1/6361
f 1694/1/820 191/1/820 229/1/820
f 1694/1/821 1693/1/821 230/1/821
f 1689/1/822 185/1/822 191/1/822
f 1694/1/823 192/1/823 186/1/823
f 1696/1/6362 83/1/6362 79/1/6362
f 1695/1/825 80/1/825 84/1/825
f 1697/1/826 49/1/826 83/1/826
f 1696/1/6363 84/1/6363 50/1/6363
f 1697/1/828 1698/1/6364 77/1/6364
f 1698/1/829 1697/1/829 50/1/829
f 1698/1/830 1695/1/830 79/1/830
f 1695/1/6365 1698/1/6365 78/1/6365
f 1700/1/832 179/1/832 175/1/832
f 1699/1/6366 176/1/6366 180/1/6366
f 1700/1/834 1701/1/834 233/1/834
f 1701/1/835 1700/1/835 180/1/835
f 1701/1/836 1702/1/836 231/1/836
f 1702/1/837 1701/1/837 234/1/837
f 1703/1/6367 235/1/6367 231/1/6367
f 1703/1/6368 1702/1/6368 232/1/6368
f 1703/1/840 1704/1/840 177/1/840
f 1704/1/841 1703/1/841 236/1/841
f 1699/1/842 175/1/842 177/1/842
f 1704/1/843 178/1/843 176/1/843
f 1705/1/6369 1706/1/6370 255/1/6370
f 1705/1/847 254/1/6371 256/1/6372
f 1707/1/6373 151/1/6373 255/1/6373
f 1706/1/6374 256/1/6374 152/1/6374
f 1708/1/851 249/1/851 151/1/851
f 1708/1/852 1707/1/852 152/1/852
f 1705/1/853 253/1/853 249/1/853
f 1708/1/6375 250/1/6375 254/1/6376
f 1709/1/6377 1710/1/6377 151/1/6377
f 1709/1/858 250/1/858 152/1/858
f 1711/1/859 149/1/859 151/1/859
f 1710/1/6378 152/1/6378 150/1/6378
f 1712/1/6379 423/1/6379 149/1/6379
f 1712/1/6380 1711/1/6380 150/1/6380
f 1709/1/6381 249/1/6381 423/1/6381
f 1712/1/864 424/1/864 250/1/864
f 1714/1/6382 433/1/6382 141/1/6382
f 1714/1/6383 1713/1/6383 142/1/6383
f 1715/1/6384 429/1/6385 433/1/868
f 1715/1/869 1714/1/870 434/1/870
f 1715/1/6386 1716/1/6387 251/1/6387
f 1715/1/875 430/1/6388 252/1/6389
f 1713/1/877 141/1/877 251/1/877
f 1716/1/878 252/1/878 142/1/878
f 1717/1/879 1718/1/879 257/1/879
f 1718/1/880 1717/1/880 254/1/880
f 1718/1/881 1719/1/881 139/1/881
f 1718/1/6390 258/1/6390 140/1/6390
f 1719/1/883 1720/1/883 255/1/883
f 1719/1/6391 140/1/6391 256/1/6391
f 1717/1/6392 253/1/6392 255/1/6392
f 1717/1/6393 1720/1/6393 256/1/6393
f 1722/1/6394 431/1/6394 243/1/6394
f 1722/1/6395 1721/1/6395 244/1/6395
f 1722/1/6396 1723/1/6396 157/1/6396
f 1722/1/890 432/1/890 158/1/890
f 1724/1/891 241/1/891 157/1/891
f 1724/1/6397 1723/1/6397 158/1/6397
f 1721/1/6398 243/1/6398 241/1/6398
f 1721/1/6399 1724/1/6399 242/1/6399
f 1726/1/895 159/1/895 245/1/895
f 1725/1/896 246/1/896 160/1/896
f 1727/1/897 247/1/897 159/1/897
f 1727/1/6400 1726/1/6400 160/1/6400
f 1728/1/6401 425/1/6401 247/1/6401
f 1728/1/6402 1727/1/6402 248/1/6402
f 1728/1/6403 1725/1/6403 245/1/6403
f 1728/1/6404 426/1/6404 246/1/6404
f 1730/1/903 173/1/903 241/1/903
f 1730/1/6405 1729/1/6405 242/1/6405
f 1731/1/6406 239/1/6406 173/1/6406
f 1731/1/906 1730/1/906 174/1/906
f 1732/1/907 243/1/907 239/1/907
f 1731/1/908 240/1/908 244/1/908
f 1732/1/6407 1729/1/6407 241/1/6407
f 1732/1/6408 244/1/6408 242/1/6408
f 1733/1/6409 1734/1/6409 159/1/6409
f 1733/1/6410 248/1/6410 160/1/6410
f 1735/1/913 157/1/913 159/1/913
f 1734/1/6411 160/1/6411 158/1/6411
f 1736/1/6412 431/1/6412 157/1/6412
f 1736/1/6413 1735/1/6413 158/1/6413
f 1736/1/6414 1733/1/6414 247/1/6414
f 1733/1/6415 1736/1/6415 432/1/6415
f 1738/1/6416 257/1/6416 139/1/6416
f 1738/1/6417 1737/1/6417 140/1/6417
f 1738/1/6418 1739/1/6418 433/1/6418
f 1738/1/922 258/1/922 434/1/922
f 1739/1/6419 1740/1/6419 141/1/6419
f 1739/1/6420 434/1/6420 142/1/6420
f 1737/1/6421 139/1/6421 141/1/6421
f 1740/1/926 142/1/926 140/1/926
f 1742/1/927 335/1/927 331/1/927
f 1742/1/6422 1741/1/6422 332/1/6422
f 1743/1/929 81/1/929 335/1/929
f 1743/1/6423 1742/1/6423 336/1/6423
f 1744/1/931 333/1/931 81/1/931
f 1744/1/932 1743/1/932 82/1/932
f 1744/1/6424 1741/1/6424 331/1/6424
f 1744/1/6425 334/1/6425 332/1/6425
f 1746/1/6426 427/1/6426 237/1/6426
f 1746/1/6427 1745/1/6427 238/1/6427
f 1746/1/6428 1747/1/6428 239/1/6428
f 1747/1/939 1746/1/939 428/1/939
f 1747/1/6429 1748/1/6429 173/1/6429
f 1747/1/941 240/1/941 174/1/941
f 1748/1/942 1745/1/942 237/1/942
f 1745/1/6430 1748/1/6430 174/1/6430
f 1750/1/6431 245/1/6431 237/1/6431
f 1750/1/945 1749/1/945 238/1/945
f 1751/1/6432 425/1/6432 245/1/6432
f 1751/1/6433 1750/1/6433 246/1/6433
f 1752/1/948 427/1/948 425/1/948
f 1752/1/6434 1751/1/6434 426/1/6434
f 1752/1/950 1749/1/950 237/1/950
f 1752/1/6435 428/1/6435 238/1/6435
f 1753/1/952 1754/1/952 393/1/952
f 1753/1/6436 364/1/6436 394/1/6436
f 1754/1/954 1755/1/954 221/1/954
f 1754/1/955 394/1/955 222/1/955
f 1753/1/6437 363/1/6437 221/1/6437
f 1753/1/6438 1755/1/6438 222/1/6438
f 1756/1/6439 1757/1/6439 27/1/6439
f 1757/1/6440 1756/1/6441 270/1/6440
f 1757/1/6442 1758/1/6442 273/1/6442
f 1757/1/961 28/1/961 274/1/961
f 1759/1/6443 275/1/6443 273/1/6443
f 1758/1/6444 274/1/6445 276/1/6445
f 1756/1/6446 269/1/6446 275/1/6446
f 1759/1/6447 276/1/6447 270/1/6447
f 1761/1/968 221/1/968 363/1/968
f 1761/1/6448 1760/1/6448 364/1/6448
f 1761/1/6449 1762/1/6449 259/1/6449
f 1761/1/971 222/1/971 260/1/971
f 1760/1/6450 363/1/6450 259/1/6450
f 1760/1/973 1762/1/973 260/1/973
f 1763/1/974 1764/1/974 137/1/974
f 1764/1/975 1763/1/975 266/1/975
f 1765/1/6451 215/1/6451 137/1/6451
f 1764/1/977 138/1/977 216/1/977
f 1766/1/6452 211/1/6452 215/1/6452
f 1766/1/979 1765/1/979 216/1/979
f 1766/1/6453 1763/1/6453 265/1/6453
f 1763/1/981 1766/1/981 212/1/981
f 1768/1/6454 225/1/6454 93/1/6454
f 1768/1/6455 1767/1/6455 94/1/6455
f 1768/1/985 1769/1/985 227/1/985
f 1768/1/6456 226/1/6456 228/1/6456
f 1767/1/6457 93/1/6457 227/1/6457
f 1767/1/6458 1769/1/6458 228/1/6458
f 1770/1/6459 1771/1/6459 31/1/6459
f 1770/1/990 94/1/990 32/1/990
f 1771/1/991 1772/1/991 225/1/6460
f 1771/1/6461 32/1/6461 226/1/6461
f 1770/1/6462 93/1/6462 225/1/6463
f 1770/1/6464 1772/1/6464 226/1/6464
f 1773/1/6465 1774/1/6465 135/1/6465
f 1773/1/996 46/1/996 136/1/996
f 1774/1/997 1775/1/997 219/1/997
f 1774/1/998 136/1/998 220/1/998
f 1773/1/6466 45/1/6467 219/1/6466
f 1773/1/6468 1775/1/6468 220/1/6468
f 1776/1/6469 1777/1/6469 263/1/6469
f 1777/1/6470 1776/1/6470 262/1/6470
f 1778/1/1003 45/1/1003 263/1/1003
f 1778/1/1004 1777/1/1004 264/1/1004
f 1779/1/6471 217/1/6471 45/1/6471
f 1778/1/1006 46/1/1006 218/1/1006
f 1779/1/1008 1776/1/1008 261/1/1008
f 1779/1/6472 218/1/6472 262/1/6472
f 1781/1/6473 219/1/6473 45/1/6473
f 1781/1/6474 1780/1/6474 46/1/6474
f 1781/1/6475 1782/1/6475 217/1/6475
f 1781/1/6476 220/1/6476 218/1/6476
f 1780/1/6477 45/1/1014 217/1/6477
f 1780/1/6478 1782/1/6478 218/1/6478
f 1783/1/6479 1784/1/6479 219/1/6479
f 1784/1/6480 1783/1/6480 260/1/6480
f 1784/1/1018 1785/1/1018 135/1/1018
f 1785/1/6481 1784/1/6481 220/1/6481
f 1786/1/6482 363/1/6482 135/1/6482
f 1786/1/1021 1785/1/1021 136/1/1021
f 1783/1/6483 259/1/6483 363/1/6483
f 1786/1/1023 364/1/1023 260/1/1023
f 1788/1/1024 261/1/1024 29/1/1024
f 1788/1/6484 1787/1/6484 30/1/6484
f 1788/1/6485 1789/1/6485 223/1/6485
f 1788/1/6486 262/1/6486 224/1/6486
f 1787/1/6487 29/1/6487 223/1/6487
f 1787/1/1029 1789/1/1029 224/1/1029
f 1790/1/6488 1791/1/6488 263/1/6488
f 1790/1/1031 30/1/1031 264/1/1031
f 1791/1/6489 1792/1/6489 261/1/6489
f 1791/1/6490 264/1/6490 262/1/6490
f 1790/1/6491 29/1/6491 261/1/6491
f 1790/1/1035 1792/1/1035 262/1/1035
f 1793/1/1036 1794/1/1036 215/1/1036
f 1793/1/1037 44/1/1037 216/1/1037
f 1795/1/6492 137/1/6492 215/1/6492
f 1795/1/1039 1794/1/1039 216/1/1039
f 1793/1/1040 43/1/1040 137/1/1040
f 1793/1/1041 1795/1/1041 138/1/1041
f 1796/1/6493 1797/1/6493 271/1/6493
f 1797/1/1043 1796/1/1043 210/1/1043
f 1797/1/6494 1798/1/6494 391/1/6494
f 1798/1/1045 1797/1/1045 272/1/1045
f 1799/1/6495 267/1/6495 391/1/6495
f 1798/1/6496 392/1/6496 268/1/6496
f 1799/1/6497 1796/1/6497 209/1/6497
f 1796/1/1050 1799/1/1050 268/1/1050
f 1800/1/6498 1801/1/6498 43/1/6498
f 1800/1/1052 216/1/1052 44/1/1052
f 1801/1/6499 1802/1/6499 213/1/6499
f 1801/1/6500 44/1/6500 214/1/6500
f 1800/1/6501 215/1/6501 213/1/6501
f 1800/1/1056 1802/1/1056 214/1/1056
f 1804/1/6502 93/1/6502 393/1/6502
f 1804/1/6503 1803/1/6503 394/1/6503
f 1805/1/6504 227/1/6504 93/1/6504
f 1804/1/6505 94/1/6505 228/1/6506
f 1805/1/6507 1806/1/6507 221/1/6507
f 1805/1/6508 228/1/6508 222/1/6508
f 1806/1/6509 1803/1/6509 393/1/6509
f 1803/1/1064 1806/1/6510 222/1/6510
f 1807/1/1065 1808/1/1065 265/1/1065
f 1807/1/6511 268/1/6511 266/1/6511
f 1808/1/6512 1809/1/6512 211/1/6512
f 1808/1/6513 266/1/6513 212/1/6513
f 1807/1/6514 267/1/6514 211/1/6514
f 1807/1/1070 1809/1/1070 212/1/1070
f 1810/1/6515 1811/1/6515 267/1/6515
f 1810/1/6516 266/1/6516 268/1/6516
f 1812/1/6517 391/1/6517 267/1/6517
f 1812/1/6518 1811/1/6519 268/1/6519
f 1810/1/6520 265/1/6520 391/1/6520
f 1810/1/1077 1812/1/1077 392/1/1077
f 1813/1/6521 1814/1/6521 207/1/6521
f 1813/1/6522 28/1/6522 208/1/6522
f 1815/1/1080 47/1/1080 207/1/1080
f 1815/1/1081 1814/1/1081 208/1/1081
f 1813/1/6523 27/1/6523 47/1/6523
f 1813/1/6524 1815/1/6524 48/1/6524
f 1817/1/6525 311/1/6525 121/1/6525
f 1817/1/6526 1816/1/6526 122/1/6526
f 1817/1/6527 1818/1/6527 309/1/6527
f 1818/1/6528 1817/1/6528 312/1/6528
f 1819/1/6529 381/1/6529 309/1/6529
f 1819/1/1089 1818/1/1089 310/1/1089
f 1819/1/6530 1816/1/6530 121/1/6530
f 1819/1/6531 382/1/6531 122/1/6531
f 1820/1/6532 1821/1/6532 27/1/6532
f 1820/1/1093 208/1/1093 28/1/1093
f 1821/1/6533 1822/1/6533 269/1/6533
f 1821/1/1095 28/1/1095 270/1/1095
f 1820/1/6534 207/1/6534 269/1/6534
f 1820/1/1097 1822/1/1097 270/1/1097
f 1823/1/6535 1824/1/6535 271/1/6535
f 1823/1/6536 276/1/6536 272/1/6536
f 1824/1/1102 1825/1/1102 209/1/1100
f 1824/1/6537 272/1/6537 210/1/6537
f 1823/1/1104 275/1/1104 209/1/1104
f 1823/1/6538 1825/1/6538 210/1/6538
f 1826/1/6539 1827/1/6539 29/1/6539
f 1827/1/1107 1826/1/1107 32/1/1107
f 1828/1/6540 223/1/6540 29/1/6540
f 1827/1/6541 30/1/6542 224/1/6542
f 1828/1/6543 1829/1/6543 225/1/6543
f 1828/1/6544 224/1/6544 226/1/6544
f 1829/1/6545 1826/1/6545 31/1/6545
f 1826/1/6546 1829/1/6546 226/1/6546
f 1830/1/6547 1831/1/6548 275/1/6547
f 1830/1/6549 272/1/6549 276/1/6549
f 1832/1/6550 273/1/6550 275/1/6550
f 1832/1/6551 1831/1/6551 276/1/6551
f 1830/1/6552 271/1/6552 273/1/6552
f 1830/1/1119 1832/1/1119 274/1/1119
f 1834/1/6553 293/1/6553 195/1/6553
f 1834/1/1121 1833/1/1121 196/1/1121
f 1835/1/1122 291/1/1122 293/1/1122
f 1835/1/1123 1834/1/1123 294/1/1123
f 1836/1/6554 287/1/6554 291/1/6554
f 1836/1/1125 1835/1/1125 292/1/1125
f 1836/1/1126 1833/1/1126 195/1/1126
f 1836/1/6555 288/1/6555 196/1/6555
f 1838/1/1128 195/1/1128 285/1/1128
f 1838/1/6556 1837/1/6556 286/1/6556
f 1839/1/6557 287/1/6557 195/1/6557
f 1839/1/6558 1838/1/1131 196/1/1131
f 1840/1/6559 289/1/6559 287/1/6559
f 1839/1/6560 288/1/1133 290/1/6560
f 1840/1/6561 1837/1/6561 285/1/6561
f 1840/1/1135 290/1/1135 286/1/1135
f 1841/1/1136 1842/1/1136 91/1/1136
f 1841/1/6562 8/1/6562 92/1/6562
f 1842/1/6563 1843/1/6563 5/1/6563
f 1842/1/6564 92/1/6564 6/1/6564
f 1844/1/6565 1/1/6565 5/1/6565
f 1844/1/6566 1843/1/6566 6/1/6566
f 1844/1/6567 1841/1/6568 7/1/6568
f 1844/1/6569 2/1/6569 8/1/6569
f 1846/1/1144 347/1/1144 317/1/1144
f 1846/1/6570 1845/1/6570 318/1/6570
f 1847/1/1146 341/1/1146 347/1/1146
f 1847/1/6571 1846/1/6571 348/1/6571
f 1848/1/6572 51/1/6572 341/1/6572
f 1848/1/6573 1847/1/6573 342/1/6573
f 1848/1/1150 1845/1/1150 317/1/1150
f 1848/1/1151 52/1/1151 318/1/1151
f 1849/1/6574 1850/1/6574 421/1/6574
f 1849/1/6575 296/1/6575 422/1/6575
f 1850/1/6576 1851/1/6576 87/1/6576
f 1850/1/6577 422/1/6577 88/1/6577
f 1849/1/6578 295/1/6578 87/1/6578
f 1849/1/6579 1851/1/6579 88/1/6580
f 1852/1/6581 1853/1/6581 87/1/6581
f 1852/1/6582 378/1/6582 88/1/6582
f 1853/1/6583 1854/1/6583 421/1/6583
f 1853/1/6584 88/1/6584 422/1/6584
f 1852/1/6585 377/1/6585 421/1/6585
f 1852/1/6586 1854/1/6586 422/1/6586
f 1856/1/1166 87/1/1166 295/1/1166
f 1856/1/6587 1855/1/6587 296/1/6587
f 1856/1/6588 1857/1/6588 17/1/6588
f 1856/1/1169 88/1/1169 18/1/1169
f 1855/1/6589 295/1/6589 17/1/6589
f 1855/1/6590 1857/1/6590 18/1/6590
f 1859/1/6591 297/1/6591 421/1/6591
f 1859/1/6592 1858/1/6592 422/1/6592
f 1859/1/6593 1860/1/6593 377/1/6593
f 1859/1/1177 298/1/1177 378/1/1177
f 1858/1/6594 421/1/6594 377/1/6594
f 1858/1/6595 1860/1/6595 378/1/6595
f 1862/1/6596 23/1/6596 17/1/6596
f 1862/1/1181 1861/1/1181 18/1/1181
f 1862/1/6597 1863/1/6597 295/1/6597
f 1862/1/6598 24/1/6598 296/1/6598
f 1861/1/6599 17/1/6599 295/1/6599
f 1861/1/1186 1863/1/1186 296/1/1186
f 1865/1/6600 421/1/6600 297/1/6600
f 1865/1/6601 1864/1/6601 298/1/6601
f 1865/1/6602 1866/1/6602 59/1/6602
f 1865/1/1190 422/1/1190 60/1/1190
f 1866/1/6603 1864/1/6603 297/1/6603
f 1866/1/1192 60/1/1192 298/1/1192
f 1868/1/6604 193/1/6604 203/1/6604
f 1868/1/6605 1867/1/6605 204/1/6605
f 1868/1/6606 1869/1/6607 283/1/6608
f 1868/1/1197 194/1/1197 284/1/1198
f 1870/1/1200 279/1/1200 283/1/6609
f 1870/1/6610 1869/1/6611 284/1/1204
f 1870/1/6612 1867/1/6612 203/1/6612
f 1870/1/1206 280/1/1206 204/1/1206
f 1871/1/1207 1872/1/1207 305/1/1207
f 1871/1/1208 300/1/1208 306/1/1208
f 1873/1/1209 301/1/1209 305/1/1209
f 1872/1/6613 306/1/6613 302/1/6613
f 1874/1/6614 303/1/6614 301/1/6614
f 1874/1/6615 1873/1/6615 302/1/6615
f 1871/1/6616 299/1/6616 303/1/6616
f 1874/1/1214 304/1/1214 300/1/1214
f 1875/1/6617 1876/1/6617 401/1/6617
f 1875/1/6618 22/1/6618 402/1/6618
f 1876/1/6619 1877/1/1217 41/1/6619
f 1876/1/6620 402/1/6620 42/1/6620
f 1875/1/6621 21/1/6621 41/1/6621
f 1875/1/6622 1877/1/6622 42/1/6622
f 1879/1/1223 397/1/1223 37/1/1223
f 1879/1/1224 1878/1/1224 38/1/1224
f 1879/1/1225 1880/1/1225 307/1/1225
f 1879/1/6623 398/1/6624 308/1/6624
f 1881/1/6625 299/1/6625 307/1/6625
f 1881/1/6626 1880/1/6626 308/1/6626
f 1881/1/6627 1878/1/6627 37/1/6627
f 1881/1/1230 300/1/1230 38/1/1230
f 1883/1/1231 325/1/1231 323/1/1231
f 1883/1/1232 1882/1/1232 324/1/1232
f 1884/1/6628 65/1/6628 325/1/6628
f 1884/1/1234 1883/1/1234 326/1/1234
f 1885/1/1235 53/1/1235 65/1/1235
f 1885/1/1236 1884/1/1236 66/1/1236
f 1885/1/6629 1882/1/6629 323/1/6629
f 1885/1/1239 54/1/1239 324/1/1239
f 1886/1/6630 1887/1/6630 5/1/6630
f 1886/1/6631 302/1/6631 6/1/6631
f 1887/1/6632 1888/1/6632 303/1/6633
f 1887/1/1243 6/1/1243 304/1/1243
f 1886/1/6634 301/1/6634 303/1/6634
f 1886/1/6635 1888/1/6635 304/1/6635
f 1889/1/6636 1890/1/6636 303/1/6636
f 1889/1/6637 92/1/6637 304/1/6637
f 1890/1/1249 1891/1/1249 5/1/1249
f 1890/1/6638 304/1/6638 6/1/6638
f 1889/1/6639 91/1/6639 5/1/6639
f 1889/1/6640 1891/1/6640 6/1/6640
f 1893/1/1253 305/1/1253 307/1/1253
f 1893/1/6641 1892/1/6641 308/1/6641
f 1893/1/6642 1894/1/6642 299/1/6643
f 1893/1/6644 306/1/6644 300/1/6644
f 1892/1/6645 307/1/6645 299/1/6645
f 1892/1/1258 1894/1/1258 300/1/1258
f 1896/1/6646 131/1/6646 279/1/6646
f 1896/1/6647 1895/1/6647 280/1/6647
f 1896/1/1261 1897/1/1261 277/1/1261
f 1896/1/6648 132/1/6648 278/1/6648
f 1897/1/1263 1898/1/1263 281/1/1263
f 1897/1/1264 278/1/1264 282/1/1264
f 1898/1/6649 1895/1/6649 279/1/6649
f 1898/1/6650 282/1/6650 280/1/6650
f 1900/1/6651 303/1/6651 57/1/6651
f 1900/1/6652 1899/1/6652 58/1/6652
f 1900/1/1269 1901/1/1269 91/1/1269
f 1900/1/1270 304/1/1270 92/1/1270
f 1899/1/1271 57/1/1271 91/1/1271
f 1899/1/6653 1901/1/6653 92/1/6653
f 1903/1/6654 379/1/6654 91/1/6654
f 1903/1/6655 1902/1/6655 92/1/6655
f 1903/1/6656 1904/1/6656 57/1/6656
f 1903/1/6657 380/1/6657 58/1/6657
f 1902/1/1277 91/1/1277 57/1/1277
f 1902/1/6658 1904/1/6658 58/1/6658
f 1905/1/6659 1906/1/6659 57/1/1280
f 1905/1/6660 382/1/6660 58/1/1281
f 1906/1/6661 1907/1/6661 379/1/6661
f 1906/1/6662 58/1/6662 380/1/6662
f 1905/1/1285 381/1/1285 379/1/1285
f 1905/1/6663 1907/1/6663 380/1/6663
f 1908/1/1287 1909/1/1287 381/1/1287
f 1908/1/6664 58/1/6664 382/1/6664
f 1910/1/6665 309/1/6665 381/1/6665
f 1910/1/1291 1909/1/1291 382/1/1291
f 1908/1/6666 57/1/6666 309/1/6666
f 1908/1/6667 1910/1/6667 310/1/6667
f 1912/1/6668 339/1/6668 59/1/6668
f 1911/1/6669 60/1/6669 340/1/6669
f 1912/1/6670 1913/1/6670 123/1/6670
f 1912/1/6671 340/1/6671 124/1/6671
f 1914/1/6672 297/1/6672 123/1/6672
f 1914/1/6673 1913/1/6673 124/1/6673
f 1914/1/6674 1911/1/6674 59/1/6674
f 1914/1/1302 298/1/1302 60/1/1302
f 1916/1/6675 371/1/6675 329/1/6675
f 1916/1/1304 1915/1/1304 330/1/1304
f 1917/1/1305 67/1/1305 371/1/1305
f 1917/1/6676 1916/1/6676 372/1/6676
f 1918/1/6677 325/1/6677 67/1/6677
f 1918/1/6678 1917/1/6678 68/1/6678
f 1918/1/6679 1915/1/6679 329/1/6679
f 1918/1/6680 326/1/6680 330/1/6680
f 1919/1/1311 1920/1/1311 69/1/1311
f 1919/1/6681 318/1/6681 70/1/6681
f 1920/1/1313 1921/1/1313 383/1/1313
f 1920/1/6682 70/1/6682 384/1/6682
f 1919/1/6683 317/1/6683 383/1/6683
f 1919/1/1316 1921/1/1316 384/1/1316
f 1922/1/6684 1923/1/6684 317/1/6684
f 1922/1/1318 70/1/1318 318/1/1318
f 1924/1/1319 51/1/1319 317/1/1319
f 1924/1/6685 1923/1/6685 318/1/6685
f 1922/1/6686 69/1/6686 51/1/6686
f 1922/1/6687 1924/1/6687 52/1/6687
f 1925/1/6688 1926/1/6688 349/1/6688
f 1925/1/1324 104/1/1324 350/1/1324
f 1926/1/6689 1927/1/6689 351/1/6689
f 1926/1/6690 350/1/6690 352/1/6690
f 1928/1/1327 323/1/1327 351/1/1327
f 1928/1/1328 1927/1/1328 352/1/1328
f 1928/1/6691 1925/1/6691 103/1/6691
f 1928/1/6692 324/1/6692 104/1/6692
f 1930/1/6693 319/1/6693 347/1/6693
f 1930/1/1333 1929/1/1332 348/1/1332
f 1930/1/6694 1931/1/6694 341/1/6694
f 1930/1/1335 320/1/1335 342/1/1335
f 1931/1/6695 1929/1/6695 347/1/6695
f 1931/1/1337 342/1/1337 348/1/1337
f 1933/1/6696 347/1/6696 319/1/6696
f 1933/1/6697 1932/1/6697 320/1/6697
f 1933/1/6698 1934/1/6698 321/1/6698
f 1933/1/6699 348/1/6699 322/1/6699
f 1932/1/1342 319/1/1342 321/1/1342
f 1932/1/6700 1934/1/6700 322/1/6700
f 1935/1/1344 1936/1/1344 251/1/1344
f 1936/1/1345 1935/1/1345 150/1/1345
f 1937/1/6701 429/1/6702 251/1/6703
f 1937/1/6704 1936/1/6705 252/1/6705
f 1938/1/6706 423/1/6706 429/1/6706
f 1937/1/1354 430/1/6707 424/1/1355
f 1938/1/6708 1935/1/6708 149/1/6708
f 1938/1/6709 424/1/6709 150/1/6709
f 1940/1/6710 325/1/1358 351/1/1358
f 1940/1/1360 1939/1/1360 352/1/1360
f 1940/1/6711 1941/1/6711 323/1/6711
f 1940/1/6712 326/1/6712 324/1/6712
f 1941/1/6713 1939/1/6713 351/1/6713
f 1941/1/6714 324/1/6714 352/1/6714
f 1942/1/6715 1943/1/6715 349/1/6715
f 1942/1/6716 328/1/6716 350/1/6716
f 1944/1/6717 103/1/6717 349/1/6717
f 1944/1/1369 1943/1/1369 350/1/1369
f 1942/1/6718 327/1/6718 103/1/6718
f 1942/1/6719 1944/1/6719 104/1/6719
f 1945/1/6720 1946/1/6720 327/1/6720
f 1945/1/1373 350/1/1373 328/1/1373
f 1946/1/6721 1947/1/6721 105/1/6721
f 1946/1/1375 328/1/1375 106/1/1375
f 1945/1/6722 349/1/6722 105/1/6722
f 1945/1/1377 1947/1/1377 106/1/1377
f 1949/1/6723 351/1/6723 325/1/6723
f 1949/1/6724 1948/1/6724 326/1/6724
f 1949/1/1381 1950/1/1381 329/1/1381
f 1949/1/1382 352/1/1382 330/1/1382
f 1948/1/6725 325/1/6725 329/1/6725
f 1948/1/1384 1950/1/1384 330/1/1384
f 1952/1/6726 421/1/6726 59/1/6726
f 1952/1/1386 1951/1/1386 60/1/1386
f 1952/1/1387 1953/1/1387 61/1/1387
f 1952/1/6727 422/1/6727 62/1/6727
f 1953/1/6728 1954/1/6728 63/1/6728
f 1954/1/1390 1953/1/1390 62/1/1390
f 1954/1/6729 1951/1/6729 59/1/6729
f 1954/1/6730 64/1/6730 60/1/6730
f 1956/1/6731 75/1/6731 367/1/6731
f 1956/1/6732 1955/1/6732 368/1/6732
f 1956/1/1395 1957/1/1395 73/1/1395
f 1956/1/6733 76/1/6733 74/1/6733
f 1957/1/6734 1958/1/6734 369/1/6734
f 1957/1/6735 74/1/1398 370/1/6735
f 1958/1/6736 1955/1/6736 367/1/6736
f 1958/1/1400 370/1/1400 368/1/1400
f 1959/1/6737 1960/1/6737 315/1/6737
f 1959/1/1402 70/1/1402 316/1/1402
f 1960/1/6738 1961/1/6738 313/1/6738
f 1960/1/1404 316/1/1404 314/1/1404
f 1961/1/1405 1962/1/1405 383/1/1405
f 1961/1/6739 314/1/6739 384/1/6739
f 1959/1/6740 69/1/6740 383/1/6740
f 1959/1/6741 1962/1/6741 384/1/6741
f 1964/1/6742 63/1/6742 59/1/6742
f 1964/1/6743 1963/1/6743 60/1/6743
f 1965/1/1411 337/1/1411 63/1/1411
f 1964/1/1412 64/1/1412 338/1/1412
f 1965/1/6744 1966/1/6744 339/1/6744
f 1965/1/1414 338/1/1414 340/1/1414
f 1963/1/1415 59/1/1415 339/1/1415
f 1963/1/6745 1966/1/6745 340/1/6745
f 1967/1/6746 1968/1/6746 21/1/6746
f 1968/1/6747 1967/1/6747 24/1/6747
f 1969/1/6748 41/1/6748 21/1/6748
f 1969/1/6749 1968/1/6749 22/1/6749
f 1969/1/1421 1970/1/1421 295/1/1421
f 1970/1/1422 1969/1/1422 42/1/1422
f 1970/1/6750 1967/1/6750 23/1/6750
f 1970/1/1424 296/1/1425 24/1/1425
f 1972/1/6751 343/1/6751 101/1/6751
f 1971/1/6752 102/1/6752 344/1/6752
f 1972/1/6753 1973/1/6753 327/1/6753
f 1972/1/6754 344/1/6754 328/1/6754
f 1973/1/6755 1974/1/6755 103/1/6755
f 1974/1/6756 1973/1/6756 328/1/6756
f 1971/1/1432 101/1/1432 103/1/1432
f 1971/1/1433 1974/1/1433 104/1/1433
f 1976/1/6757 383/1/6757 409/1/6757
f 1976/1/6758 1975/1/6758 410/1/6758
f 1976/1/1436 1977/1/1436 313/1/1436
f 1976/1/1438 384/1/1438 314/1/1438
f 1978/1/1440 375/1/1440 313/1/1440
f 1978/1/6759 1977/1/1441 314/1/6759
f 1978/1/6760 1975/1/6760 409/1/6760
f 1978/1/6761 376/1/6761 410/1/6761
f 1980/1/1444 415/1/1444 373/1/1444
f 1979/1/6762 374/1/6762 416/1/6762
f 1980/1/1446 1981/1/1446 409/1/1446
f 1981/1/6763 1980/1/6763 416/1/6763
f 1981/1/6764 1982/1/6764 375/1/6764
f 1982/1/6765 1981/1/6765 410/1/6765
f 1979/1/1450 373/1/1450 375/1/1450
f 1979/1/6766 1982/1/6766 376/1/6766
f 1984/1/6767 389/1/6767 365/1/6767
f 1983/1/1453 366/1/1453 390/1/1453
f 1985/1/1454 385/1/1454 389/1/1454
f 1984/1/6768 390/1/6768 386/1/6768
f 1985/1/1456 1986/1/1456 387/1/1456
f 1986/1/1457 1985/1/1457 386/1/1457
f 1983/1/1458 365/1/1458 387/1/1458
f 1986/1/6769 388/1/6769 366/1/6769
f 1987/1/6770 1988/1/6770 357/1/6770
f 1987/1/6771 350/1/6771 358/1/6771
f 1988/1/6772 1989/1/6772 355/1/6772
f 1988/1/1463 358/1/1463 356/1/1463
f 1990/1/1464 351/1/1464 355/1/1464
f 1990/1/6773 1989/1/6773 356/1/6773
f 1990/1/1466 1987/1/1466 349/1/1466
f 1990/1/6774 352/1/6774 350/1/6774
f 1992/1/1468 143/1/1468 229/1/1468
f 1992/1/1469 1991/1/1469 230/1/1469
f 1993/1/1470 189/1/1470 143/1/1470
f 1993/1/1471 1992/1/1471 144/1/1471
f 1993/1/1472 1994/1/1472 191/1/1472
f 1993/1/1473 190/1/1473 192/1/1473
f 1991/1/1474 229/1/1474 191/1/1474
f 1991/1/1475 1994/1/1475 192/1/1475
f 1995/1/6775 1996/1/6775 411/1/6775
f 1995/1/1477 26/1/1477 412/1/1477
f 1997/1/6776 417/1/6776 411/1/6776
f 1996/1/6777 412/1/6777 418/1/6777
f 1997/1/6778 1998/1/6778 435/1/6778
f 1997/1/1481 418/1/1481 436/1/1481
f 1998/1/1482 1995/1/1482 25/1/1482
f 1995/1/1483 1998/1/1483 436/1/1483
f 1999/1/6779 2000/1/6779 15/1/6779
f 2000/1/1485 1999/1/1485 118/1/1485
f 2000/1/1486 2001/1/1486 11/1/1486
f 2001/1/1487 2000/1/1487 16/1/1487
f 2002/1/6780 395/1/6780 11/1/6780
f 2001/1/1489 12/1/1489 396/1/1489
f 1999/1/1490 117/1/1490 395/1/1490
f 2002/1/6781 396/1/6781 118/1/6781
f 2004/1/6782 405/1/6782 119/1/6782
f 2003/1/1493 120/1/1493 406/1/1493
f 2004/1/1494 2005/1/1494 113/1/1494
f 2005/1/1495 2004/1/1495 406/1/1495
f 2005/1/6783 2006/1/6783 115/1/6783
f 2006/1/1497 2005/1/1497 114/1/1497
f 2006/1/6784 2003/1/6784 119/1/6784
f 2006/1/1500 116/1/1500 120/1/1500
f 2007/1/6785 2008/1/6785 385/1/6785
f 2007/1/1502 388/1/1502 386/1/1502
f 2009/1/6786 367/1/6786 385/1/6786
f 2009/1/6787 2008/1/6787 386/1/6787
f 2009/1/1505 2010/1/1505 369/1/1505
f 2009/1/6788 368/1/6788 370/1/6788
f 2010/1/6789 2007/1/6789 387/1/6789
f 2010/1/6790 370/1/6790 388/1/6790
f 2012/1/6791 15/1/6791 21/1/6791
f 2012/1/1511 2011/1/1511 22/1/1511
f 2013/1/1512 117/1/1512 15/1/1512
f 2012/1/6792 16/1/6792 118/1/6792
f 2013/1/6793 2014/1/6793 401/1/6793
f 2013/1/6794 118/1/6794 402/1/6794
f 2014/1/6795 2011/1/6795 21/1/6795
f 2011/1/6796 2014/1/6796 402/1/6796
f 2016/1/1518 373/1/1518 415/1/1518
f 2016/1/6797 2015/1/6797 416/1/6797
f 2016/1/6798 2017/1/6798 371/1/6798
f 2016/1/6799 374/1/6799 372/1/6799
f 2018/1/1522 329/1/1522 371/1/1522
f 2018/1/1523 2017/1/1523 372/1/1523
f 2018/1/6800 2015/1/6800 415/1/6800
f 2018/1/6801 330/1/6801 416/1/6801
f 2020/1/6802 381/1/6802 405/1/6802
f 2020/1/6803 2019/1/6803 406/1/6803
f 2020/1/6804 2021/1/6804 379/1/6804
f 2020/1/1529 382/1/1529 380/1/1529
f 2022/1/1530 89/1/1530 379/1/1530
f 2022/1/6805 2021/1/6805 380/1/6805
f 2019/1/6806 405/1/6806 89/1/6806
f 2022/1/6807 90/1/6807 406/1/6807
f 2024/1/1534 301/1/1534 5/1/1534
f 2024/1/6808 2023/1/6808 6/1/6808
f 2025/1/6809 19/1/6809 301/1/6809
f 2025/1/6810 2024/1/6810 302/1/6810
f 2026/1/6811 1/1/6811 19/1/6811
f 2026/1/6812 2025/1/6812 20/1/6812
f 2026/1/6813 2023/1/6813 5/1/6813
f 2026/1/6814 2/1/6814 6/1/6814
f 2028/1/6815 25/1/6816 39/1/6817
f 2028/1/6818 2027/1/6819 40/1/6819
f 2028/1/1547 2029/1/1548 435/1/1548
f 2028/1/6820 26/1/6821 436/1/6822
f 2030/1/6823 41/1/6823 435/1/6823
f 2030/1/1553 2029/1/1553 436/1/1553
f 2030/1/6824 2027/1/6824 39/1/6824
f 2030/1/6825 42/1/6826 40/1/6826
f 2031/1/1556 2032/1/1556 409/1/1556
f 2031/1/6827 384/1/6827 410/1/6827
f 2032/1/6828 2033/1/6829 359/1/6829
f 2032/1/1559 410/1/1559 360/1/1559
f 2034/1/6830 317/1/6830 359/1/6830
f 2034/1/6831 2033/1/6831 360/1/6831
f 2034/1/6832 2031/1/6832 383/1/6832
f 2034/1/1563 318/1/1563 384/1/1563
f 2036/1/1564 273/1/1564 31/1/1564
f 2035/1/1565 32/1/1565 274/1/1565
f 2037/1/6833 27/1/6833 273/1/6833
f 2037/1/6834 2036/1/6834 274/1/6834
f 2038/1/1568 29/1/1568 27/1/1568
f 2037/1/6835 28/1/6835 30/1/6835
f 2038/1/6836 2035/1/6836 31/1/6836
f 2038/1/1571 30/1/1571 32/1/1571
f 2040/1/6837 273/1/6837 271/1/6837
f 2039/1/6838 272/1/6838 274/1/6838
f 2040/1/1574 2041/1/1574 31/1/1574
f 2041/1/6839 2040/1/6839 274/1/6839
f 2042/1/6840 93/1/6840 31/1/6840
f 2041/1/6841 32/1/6841 94/1/6841
f 2042/1/1578 2039/1/1578 271/1/1578
f 2042/1/1579 94/1/1579 272/1/1579
f 2044/1/6842 317/1/6842 347/1/6842
f 2044/1/1581 2043/1/1581 348/1/1581
f 2044/1/6843 2045/1/6844 359/1/6843
f 2044/1/6845 318/1/6845 360/1/6845
f 2046/1/6846 361/1/6846 359/1/6846
f 2046/1/1585 2045/1/1585 360/1/1585
f 2043/1/1586 347/1/1586 361/1/1586
f 2043/1/6847 2046/1/6847 362/1/6847
f 2047/1/6848 2048/1/6848 307/1/6849
f 2047/1/6850 396/1/6850 308/1/6850
f 2048/1/1590 2049/1/1590 397/1/1590
f 2048/1/1591 308/1/1591 398/1/1591
f 2050/1/1592 399/1/1592 397/1/1592
f 2050/1/1593 2049/1/1593 398/1/1593
f 2050/1/6851 2047/1/6851 395/1/6851
f 2050/1/6852 400/1/6852 396/1/6852
f 2051/1/6853 2052/1/6853 413/1/6853
f 2052/1/6854 2051/1/6854 40/1/6854
f 2053/1/6855 403/1/6855 413/1/6855
f 2053/1/6856 2052/1/6856 414/1/6856
f 2054/1/6857 25/1/6857 403/1/6857
f 2053/1/1601 404/1/1601 26/1/1601
f 2054/1/6858 2051/1/6859 39/1/6859
f 2054/1/6860 26/1/6860 40/1/6860
f 2056/1/6861 61/1/6861 437/1/6861
f 2056/1/1605 2055/1/1605 438/1/1605
f 2057/1/6862 421/1/6862 61/1/6862
f 2057/1/6863 2056/1/6863 62/1/6863
f 2058/1/6864 295/1/6864 421/1/6864
f 2058/1/6865 2057/1/6865 422/1/6865
f 2058/1/6866 2055/1/6866 437/1/6866
f 2058/1/6867 296/1/6867 438/1/6867
f 2059/1/1613 2060/1/1613 243/1/1613
f 2060/1/6868 2059/1/6868 432/1/6868
f 2060/1/6869 2061/1/6869 433/1/6869
f 2061/1/6870 2060/1/6870 244/1/6870
f 2061/1/6871 2062/1/6871 257/1/6871
f 2061/1/1618 434/1/1618 258/1/1618
f 2059/1/6872 431/1/6872 257/1/6872
f 2062/1/6873 258/1/6873 432/1/6873
f 2064/1/6874 113/1/6874 407/1/6874
f 2063/1/6875 408/1/6875 114/1/6875
f 2065/1/1623 405/1/1623 113/1/1623
f 2065/1/6876 2064/1/6876 114/1/6876
f 2065/1/6877 2066/1/6877 89/1/6877
f 2066/1/1626 2065/1/1626 406/1/1626
f 2066/1/6878 2063/1/6878 407/1/6878
f 2063/1/1628 2066/1/1628 90/1/1628
f 2068/1/1629 47/1/1629 43/1/1629
f 2068/1/1630 2067/1/1630 44/1/1630
f 2069/1/1631 207/1/1631 47/1/1631
f 2068/1/6879 48/1/6879 208/1/6880
f 2070/1/6881 213/1/6881 207/1/6881
f 2069/1/1634 208/1/1634 214/1/1634
f 2070/1/6882 2067/1/6882 43/1/6882
f 2067/1/6883 2070/1/6883 214/1/6883
f 2072/1/6884 299/1/6884 417/1/6884
f 2072/1/1638 2071/1/1638 418/1/1638
f 2073/1/1639 303/1/1639 299/1/1639
f 2073/1/6885 2072/1/6885 300/1/6885
f 2073/1/6886 2074/1/6886 439/1/6886
f 2073/1/1642 304/1/1642 440/1/1642
f 2071/1/6887 417/1/6887 439/1/6887
f 2071/1/1644 2074/1/1644 440/1/1644
f 2075/1/6888 2076/1/6889 341/1/6890
f 2075/1/6891 100/1/6892 342/1/6893
f 2077/1/1651 319/1/1651 341/1/1652
f 2076/1/1654 342/1/6894 320/1/6895
f 2078/1/6896 353/1/6896 319/1/6896
f 2078/1/6897 2077/1/6897 320/1/6897
f 2078/1/6898 2075/1/6899 99/1/6900
f 2075/1/1661 2078/1/1662 354/1/1662
f 2079/1/1664 2080/1/1664 437/1/1664
f 2079/1/1665 436/1/1665 438/1/1665
f 2081/1/1666 295/1/1666 437/1/1666
f 2081/1/6901 2080/1/6901 438/1/6901
f 2081/1/6902 2082/1/6902 41/1/6902
f 2081/1/1670 296/1/1670 42/1/1670
f 2082/1/6903 2079/1/6903 435/1/6903
f 2082/1/6904 42/1/6904 436/1/6904
f 2083/1/1673 2084/1/1673 419/1/1673
f 2083/1/6905 58/1/6905 420/1/6905
f 2084/1/6906 2085/1/6906 439/1/6906
f 2084/1/1676 420/1/1676 440/1/1676
f 2086/1/6907 303/1/6907 439/1/6907
f 2086/1/6908 2085/1/6908 440/1/6908
f 2086/1/6909 2083/1/6909 57/1/6909
f 2086/1/6910 304/1/6910 58/1/6910
f 2088/1/1681 211/1/1681 267/1/1681
f 2087/1/1682 268/1/1682 212/1/1682
f 2088/1/1683 2089/1/1683 207/1/1683
f 2089/1/6911 2088/1/6911 212/1/6911
f 2090/1/1684 269/1/1684 207/1/1684
f 2089/1/1685 208/1/1685 270/1/1685
f 2087/1/1686 267/1/1686 269/1/1686
f 2090/1/6912 270/1/6912 268/1/6912
f 2092/1/6913 137/1/6913 43/1/6913
f 2091/1/6914 44/1/6914 138/1/6914
f 2093/1/1690 135/1/1690 137/1/1690
f 2093/1/1691 2092/1/1691 138/1/1691
f 2093/1/1692 2094/1/1692 45/1/1692
f 2094/1/1693 2093/1/1693 136/1/1693
f 2094/1/1694 2091/1/1694 43/1/1694
f 2094/1/1695 46/1/1695 44/1/1695
f 2096/1/6915 361/1/6915 109/1/6915
f 2095/1/6916 110/1/6916 362/1/6916
f 2096/1/6917 2097/1/6917 357/1/6917
f 2096/1/6918 362/1/6918 358/1/6918
f 2097/1/6919 2098/1/6919 107/1/6919
f 2098/1/6920 2097/1/6920 358/1/6920
f 2098/1/6921 2095/1/6921 109/1/6921
f 2098/1/1703 108/1/1703 110/1/1703
f 2100/1/6922 361/1/6922 357/1/6922
f 2100/1/1705 2099/1/1705 358/1/1705
f 2101/1/6923 359/1/6923 361/1/6923
f 2100/1/1707 362/1/1707 360/1/1707
f 2102/1/1708 355/1/1708 359/1/1708
f 2102/1/6924 2101/1/6924 360/1/6924
f 2102/1/6925 2099/1/6925 357/1/6925
f 2099/1/6926 2102/1/6926 356/1/6926
f 2104/1/1712 193/1/1712 197/1/1712
f 2104/1/1713 2103/1/1713 198/1/1713
f 2105/1/6927 203/1/6927 193/1/6927
f 2104/1/6928 194/1/6928 204/1/6928
f 2106/1/1716 201/1/1716 203/1/1716
f 2106/1/1717 2105/1/1717 204/1/1717
f 2106/1/6929 2103/1/6929 197/1/6929
f 2103/1/1719 2106/1/1719 202/1/1719
f 2107/1/1720 2108/1/6930 89/1/6930
f 2107/1/6931 408/1/6932 90/1/6931
f 2109/1/6933 7/1/6933 89/1/6933
f 2108/1/6934 90/1/6934 8/1/6934
f 2109/1/1727 2110/1/1727 9/1/1727
f 2109/1/1728 8/1/1728 10/1/1728
f 2110/1/6935 2107/1/6936 407/1/6937
f 2107/1/6938 2110/1/6939 10/1/6939
f 2111/1/6940 2112/1/6940 427/1/6940
f 2111/1/6941 240/1/6941 428/1/6941
f 2112/1/1736 2113/1/1736 423/1/1736
f 2113/1/6942 2112/1/6942 428/1/6942
f 2114/1/1738 429/1/1738 423/1/1738
f 2113/1/1739 424/1/1739 430/1/1739
f 2114/1/1740 2111/1/1740 239/1/1740
f 2111/1/1741 2114/1/1741 430/1/1741
f 2115/1/6943 2116/1/6943 205/1/6943
f 2116/1/1743 2115/1/1743 204/1/1743
f 2117/1/1744 199/1/1744 205/1/1744
f 2117/1/6944 2116/1/6944 206/1/6944
f 2118/1/6945 201/1/6945 199/1/6945
f 2117/1/1747 200/1/1747 202/1/1747
f 2115/1/1748 203/1/1748 201/1/1748
f 2115/1/6946 2118/1/6946 202/1/6946
f 2120/1/6947 423/1/6947 249/1/6947
f 2120/1/1751 2119/1/1751 250/1/1751
f 2121/1/6948 427/1/6948 423/1/6948
f 2120/1/1753 424/1/1753 428/1/1753
f 2121/1/6949 2122/1/6949 425/1/6949
f 2121/1/1755 428/1/1755 426/1/1755
f 2122/1/6950 2119/1/6950 249/1/6950
f 2122/1/1757 426/1/1757 250/1/1757
f 2124/1/6951 441/1/6951 459/1/6951
f 2124/1/1759 2123/1/1759 460/1/1759
f 2125/1/1760 511/1/1760 441/1/1760
f 2125/1/1761 2124/1/1761 442/1/1761
f 2125/1/6952 2126/1/6952 471/1/6952
f 2125/1/6953 512/1/6953 472/1/6953
f 2123/1/6954 459/1/6954 471/1/6954
f 2126/1/1765 472/1/1765 460/1/1765
f 2127/1/1766 2128/1/6955 571/1/1767
f 2127/1/6956 548/1/6957 572/1/6958
f 2129/1/1772 681/1/6959 571/1/6960
f 2129/1/6961 2128/1/6962 572/1/6963
f 2130/1/1778 565/1/6964 681/1/6965
f 2130/1/1781 2129/1/6966 682/1/1782
f 2127/1/6967 547/1/6968 565/1/6969
f 2127/1/6970 2130/1/6971 566/1/6972
f 2132/1/6973 877/1/6973 879/1/6973
f 2131/1/6974 880/1/6974 878/1/6974
f 2133/1/6975 899/1/6975 877/1/6975
f 2132/1/6976 878/1/6976 900/1/6976
f 2133/1/6977 2134/1/6977 885/1/6977
f 2134/1/1795 2133/1/1795 900/1/1795
f 2134/1/6978 2131/1/6978 879/1/6978
f 2134/1/6979 886/1/6979 880/1/6979
f 2136/1/6980 903/1/6981 889/1/6982
f 2135/1/6983 890/1/6984 904/1/6985
f 2137/1/1803 467/1/1803 903/1/1803
f 2136/1/1804 904/1/1804 468/1/1804
f 2137/1/1805 2138/1/1805 901/1/1805
f 2138/1/1806 2137/1/1806 468/1/1806
f 2138/1/1807 2135/1/6986 889/1/6987
f 2135/1/1809 2138/1/1810 902/1/1810
f 2140/1/6988 445/1/6988 487/1/6988
f 2139/1/6989 488/1/6989 446/1/6989
f 2140/1/1814 2141/1/1814 443/1/1814
f 2141/1/6990 2140/1/6990 446/1/6990
f 2141/1/6991 2142/1/6991 489/1/6991
f 2142/1/1817 2141/1/1817 444/1/1817
f 2139/1/6992 487/1/6992 489/1/6992
f 2142/1/1819 490/1/1819 488/1/1819
f 2144/1/1820 493/1/1820 483/1/1820
f 2143/1/6993 484/1/6993 494/1/6993
f 2144/1/6994 2145/1/6994 489/1/6994
f 2145/1/6995 2144/1/6996 494/1/6995
f 2145/1/1824 2146/1/1824 443/1/1824
f 2146/1/6997 2145/1/6997 490/1/6997
f 2143/1/1826 483/1/1826 443/1/1826
f 2146/1/6998 444/1/6998 484/1/6998
f 2148/1/1828 521/1/1828 513/1/1828
f 2148/1/6999 2147/1/6999 514/1/6999
f 2148/1/1830 2149/1/1830 515/1/1830
f 2148/1/1831 522/1/1831 516/1/1831
f 2150/1/1832 851/1/1832 515/1/1832
f 2150/1/7000 2149/1/7000 516/1/7000
f 2150/1/1835 2147/1/1835 513/1/1835
f 2150/1/7001 852/1/7001 514/1/7001
f 2152/1/1837 527/1/1837 465/1/1837
f 2152/1/7002 2151/1/7002 466/1/7002
f 2152/1/7003 2153/1/7003 743/1/7003
f 2152/1/1840 528/1/1840 744/1/1840
f 2154/1/7004 451/1/7004 743/1/7004
f 2154/1/1842 2153/1/1842 744/1/1842
f 2154/1/1843 2151/1/1843 465/1/1843
f 2154/1/1844 452/1/1844 466/1/1844
f 2156/1/1845 455/1/1845 463/1/1845
f 2156/1/1846 2155/1/1846 464/1/1846
f 2156/1/1847 2157/1/1847 751/1/1847
f 2156/1/1848 456/1/1848 752/1/1848
f 2158/1/7005 453/1/7005 751/1/7005
f 2158/1/1850 2157/1/1850 752/1/1850
f 2158/1/7006 2155/1/7006 463/1/7006
f 2158/1/7007 454/1/7007 464/1/7007
f 2160/1/1853 441/1/7008 457/1/7009
f 2160/1/1856 2159/1/7010 458/1/1857
f 2160/1/7011 2161/1/7012 459/1/7013
f 2160/1/7014 442/1/7015 460/1/7016
f 2162/1/7017 461/1/7018 459/1/7019
f 2162/1/7020 2161/1/7021 460/1/7022
f 2162/1/7023 2159/1/7024 457/1/1872
f 2162/1/1874 462/1/7025 458/1/7026
f 2164/1/7027 515/1/7027 469/1/7027
f 2164/1/1878 2163/1/1878 470/1/1878
f 2164/1/1879 2165/1/1879 467/1/1879
f 2164/1/7028 516/1/7028 468/1/7028
f 2165/1/1881 2166/1/1881 903/1/1881
f 2166/1/7029 2165/1/7029 468/1/7029
f 2163/1/7030 469/1/7030 903/1/7030
f 2163/1/1884 2166/1/1884 904/1/1884
f 2167/1/1885 2168/1/1885 525/1/1885
f 2167/1/1886 472/1/1886 526/1/1886
f 2169/1/7031 473/1/7031 525/1/7031
f 2168/1/7032 526/1/7032 474/1/7032
f 2169/1/7033 2170/1/7033 449/1/7033
f 2169/1/7034 474/1/7034 450/1/7034
f 2170/1/1891 2167/1/1891 471/1/1891
f 2167/1/7035 2170/1/7035 450/1/7035
f 2171/1/1893 2172/1/1893 455/1/1893
f 2172/1/1894 2171/1/1894 768/1/1894
f 2173/1/1895 463/1/1895 455/1/1895
f 2173/1/1896 2172/1/1896 456/1/1896
f 2174/1/7036 483/1/7036 463/1/7036
f 2173/1/1898 464/1/1898 484/1/1898
f 2171/1/1899 767/1/1899 483/1/1899
f 2171/1/1900 2174/1/1900 484/1/1900
f 2175/1/7037 2176/1/7037 455/1/7037
f 2175/1/1902 898/1/1902 456/1/1902
f 2176/1/7038 2177/1/7038 767/1/7038
f 2176/1/7039 456/1/7039 768/1/7039
f 2175/1/1905 897/1/1905 767/1/1905
f 2175/1/7040 2177/1/7040 768/1/7040
f 2179/1/7041 455/1/7041 521/1/7041
f 2179/1/7042 2178/1/7042 522/1/7042
f 2179/1/1909 2180/1/1909 897/1/1909
f 2179/1/7043 456/1/7043 898/1/7043
f 2178/1/7044 521/1/7044 897/1/7044
f 2178/1/7045 2180/1/7045 898/1/7045
f 2182/1/7046 759/1/7046 451/1/7046
f 2182/1/7047 2181/1/7047 452/1/7047
f 2182/1/7048 2183/1/7048 495/1/7048
f 2182/1/7049 760/1/7049 496/1/7049
f 2181/1/7050 451/1/7050 495/1/7050
f 2181/1/7051 2183/1/7051 496/1/7051
f 2184/1/1919 2185/1/1919 887/1/1919
f 2184/1/7052 480/1/7052 888/1/7052
f 2185/1/7053 2186/1/7053 607/1/7053
f 2186/1/1923 2185/1/1923 888/1/1922
f 2186/1/1924 2187/1/1924 481/1/1924
f 2186/1/1925 608/1/1925 482/1/1925
f 2184/1/1926 479/1/7054 481/1/1926
f 2187/1/7055 482/1/7055 480/1/7055
f 2189/1/7056 451/1/7056 759/1/7056
f 2189/1/7057 2188/1/7057 760/1/7057
f 2189/1/7058 2190/1/7058 517/1/7058
f 2189/1/7059 452/1/7059 518/1/7059
f 2190/1/7060 2188/1/7060 759/1/7060
f 2190/1/1933 518/1/1933 760/1/1933
f 2192/1/7061 731/1/7061 775/1/7061
f 2192/1/7062 2191/1/7062 776/1/7062
f 2192/1/7063 2193/1/7063 627/1/7063
f 2192/1/7064 732/1/7064 628/1/7064
f 2194/1/7065 779/1/7065 627/1/7065
f 2194/1/1939 2193/1/1939 628/1/1939
f 2194/1/1940 2191/1/1940 775/1/1940
f 2194/1/1941 780/1/1941 776/1/7066
f 2195/1/7067 2196/1/7067 607/1/7067
f 2196/1/1943 2195/1/1943 606/1/1943
f 2196/1/1944 2197/1/1944 887/1/1944
f 2196/1/7068 608/1/7068 888/1/7068
f 2198/1/7069 881/1/7069 887/1/7069
f 2197/1/7070 888/1/7070 882/1/7070
f 2195/1/7071 605/1/7071 881/1/7071
f 2195/1/1949 2198/1/1949 882/1/1949
f 2200/1/1950 465/1/1950 463/1/1950
f 2199/1/1951 464/1/1951 466/1/1951
f 2200/1/7072 2201/1/7072 493/1/7072
f 2200/1/1953 466/1/1953 494/1/1953
f 2202/1/7073 483/1/7073 493/1/7073
f 2202/1/1955 2201/1/1955 494/1/1955
f 2199/1/7074 463/1/7074 483/1/7074
f 2199/1/7075 2202/1/7075 484/1/7075
f 2204/1/7076 881/1/7076 605/1/7076
f 2203/1/7077 606/1/7077 882/1/7077
f 2205/1/1960 477/1/1960 881/1/1960
f 2205/1/1961 2204/1/1961 882/1/1961
f 2205/1/1962 2206/1/1962 523/1/1962
f 2206/1/7078 2205/1/7078 478/1/7078
f 2203/1/7079 605/1/7079 523/1/7079
f 2203/1/1965 2206/1/1966 524/1/1966
f 2207/1/1967 2208/1/1967 451/1/1967
f 2207/1/1968 466/1/1968 452/1/1968
f 2209/1/1970 495/1/1970 451/1/1970
f 2208/1/1971 452/1/1971 496/1/1971
f 2209/1/7080 2210/1/7080 493/1/7080
f 2209/1/7081 496/1/7081 494/1/7081
f 2210/1/7082 2207/1/7082 465/1/7082
f 2207/1/7083 2210/1/7083 494/1/7083
f 2211/1/1976 2212/1/1976 473/1/1976
f 2211/1/7084 478/1/7084 474/1/7084
f 2213/1/7085 525/1/7085 473/1/7085
f 2213/1/7086 2212/1/7086 474/1/7086
f 2211/1/1981 477/1/1981 525/1/1981
f 2211/1/1982 2213/1/1982 526/1/1982
f 2215/1/7087 525/1/7087 477/1/7087
f 2215/1/1984 2214/1/1984 478/1/1984
f 2215/1/7088 2216/1/7088 523/1/7088
f 2215/1/7089 526/1/7089 524/1/7089
f 2216/1/1987 2214/1/1987 477/1/1987
f 2216/1/7090 524/1/7090 478/1/7090
f 2217/1/1989 2218/1/1989 461/1/1989
f 2217/1/1990 480/1/1990 462/1/1990
f 2218/1/1991 2219/1/1991 475/1/1991
f 2218/1/7091 462/1/7091 476/1/7091
f 2217/1/1993 479/1/1993 475/1/1993
f 2217/1/7092 2219/1/7092 476/1/7092
f 2220/1/1995 2221/1/1995 467/1/1995
f 2220/1/1996 898/1/1996 468/1/1996
f 2221/1/7093 2222/1/7093 515/1/7093
f 2222/1/1998 2221/1/1998 468/1/1998
f 2222/1/7094 2223/1/7094 521/1/7094
f 2222/1/7095 516/1/7095 522/1/7095
f 2220/1/2002 897/1/2002 521/1/2002
f 2223/1/7096 522/1/7096 898/1/7096
f 2224/1/7097 2225/1/7097 479/1/7097
f 2224/1/2005 462/1/7098 480/1/7098
f 2226/1/2006 481/1/2006 479/1/2006
f 2226/1/7099 2225/1/7099 480/1/7099
f 2224/1/7100 461/1/7100 481/1/7100
f 2224/1/7101 2226/1/7101 482/1/7101
f 2228/1/7102 903/1/7102 469/1/7102
f 2227/1/2012 470/1/2012 904/1/2012
f 2229/1/7103 759/1/7103 903/1/7103
f 2229/1/7104 2228/1/2015 904/1/2015
f 2229/1/2016 2230/1/2016 517/1/2016
f 2230/1/2017 2229/1/2017 760/1/2017
f 2227/1/7105 469/1/7105 517/1/7105
f 2227/1/2019 2230/1/2019 518/1/2019
f 2232/1/7106 503/1/7106 753/1/7106
f 2232/1/7107 2231/1/7107 754/1/7107
f 2233/1/7108 499/1/7108 503/1/7108
f 2232/1/7109 504/1/7109 500/1/7109
f 2233/1/2024 2234/1/2024 501/1/2024
f 2233/1/2025 500/1/2025 502/1/2025
f 2234/1/7110 2231/1/7110 753/1/7110
f 2234/1/2027 502/1/2027 754/1/2027
f 2235/1/2028 2236/1/2028 665/1/2028
f 2236/1/2029 2235/1/2029 664/1/2029
f 2236/1/2030 2237/1/2030 693/1/2030
f 2236/1/7111 666/1/7111 694/1/7111
f 2238/1/2032 695/1/2032 693/1/2032
f 2237/1/7112 694/1/7112 696/1/7112
f 2238/1/2034 2235/1/2034 663/1/2034
f 2238/1/2035 696/1/2035 664/1/2035
f 2239/1/7113 2240/1/2037 623/1/2037
f 2239/1/2039 688/1/7114 624/1/2040
f 2240/1/2041 2241/1/7115 621/1/7116
f 2240/1/2043 624/1/2043 622/1/7117
f 2241/1/7118 2242/1/7119 637/1/2047
f 2241/1/7120 622/1/7121 638/1/2050
f 2239/1/7122 687/1/7123 637/1/2053
f 2239/1/7124 2242/1/7125 638/1/7126
f 2244/1/7127 767/1/7127 769/1/7127
f 2243/1/7128 770/1/7128 768/1/7128
f 2244/1/7129 2245/1/7130 483/1/2061
f 2245/1/2062 2244/1/7131 768/1/7131
f 2245/1/2065 2246/1/7132 443/1/7132
f 2246/1/2068 2245/1/7133 484/1/2069
f 2246/1/7134 2243/1/7134 769/1/7134
f 2246/1/2071 444/1/2071 770/1/2071
f 2248/1/7135 443/1/7136 769/1/2073
f 2248/1/7137 2247/1/2075 770/1/2075
f 2249/1/2077 445/1/2077 443/1/2078
f 2248/1/7138 444/1/7139 446/1/2081
f 2249/1/7140 2250/1/7140 771/1/7140
f 2249/1/7141 446/1/7141 772/1/7141
f 2250/1/7142 2247/1/7142 769/1/7142
f 2250/1/7143 772/1/7143 770/1/7143
f 2251/1/7144 2252/1/7145 485/1/7145
f 2252/1/2089 2251/1/7146 496/1/2090
f 2253/1/7147 489/1/7147 485/1/7147
f 2253/1/7148 2252/1/7148 486/1/7148
f 2254/1/7149 493/1/7149 489/1/7149
f 2253/1/7150 490/1/7150 494/1/7150
f 2251/1/2096 495/1/7151 493/1/7152
f 2254/1/7153 494/1/7153 496/1/7154
f 2256/1/2101 491/1/2101 485/1/2101
f 2256/1/2103 2255/1/2103 486/1/2103
f 2256/1/7155 2257/1/7155 487/1/7155
f 2257/1/2105 2256/1/2105 492/1/2105
f 2257/1/7156 2258/1/7157 489/1/7156
f 2258/1/7158 2257/1/7158 488/1/7158
f 2258/1/7159 2255/1/7159 485/1/7159
f 2258/1/2109 490/1/2109 486/1/2109
f 2260/1/7160 473/1/7160 449/1/7160
f 2259/1/7161 450/1/7161 474/1/7161
f 2260/1/7162 2261/1/7162 763/1/7162
f 2261/1/7163 2260/1/7163 474/1/7163
f 2262/1/2114 447/1/2114 763/1/2114
f 2262/1/7164 2261/1/7164 764/1/7164
f 2259/1/2116 449/1/2116 447/1/7165
f 2262/1/2117 448/1/2117 450/1/2117
f 2263/1/2118 2264/1/2118 559/1/2118
f 2264/1/2119 2263/1/2119 556/1/2119
f 2265/1/2120 577/1/2120 559/1/2120
f 2264/1/2121 560/1/2121 578/1/2121
f 2266/1/2122 575/1/7166 577/1/2123
f 2265/1/7167 578/1/7167 576/1/7168
f 2263/1/2127 555/1/2127 575/1/7169
f 2266/1/7170 576/1/7171 556/1/2131
f 2267/1/2132 2268/1/2132 545/1/2132
f 2268/1/2133 2267/1/2133 542/1/2133
f 2268/1/7172 2269/1/7172 581/1/7172
f 2269/1/2135 2268/1/2135 546/1/2135
f 2269/1/2136 2270/1/2136 563/1/2136
f 2269/1/2137 582/1/2137 564/1/2137
f 2267/1/2138 541/1/2138 563/1/2138
f 2270/1/2139 564/1/2139 542/1/2139
f 2272/1/7173 841/1/7173 607/1/7174
f 2272/1/7175 2271/1/7175 608/1/7175
f 2272/1/7176 2273/1/7176 735/1/7176
f 2272/1/2143 842/1/2143 736/1/2143
f 2274/1/2144 481/1/2144 735/1/2144
f 2274/1/2145 2273/1/2145 736/1/2145
f 2274/1/7177 2271/1/7177 607/1/7177
f 2274/1/7178 482/1/7178 608/1/7178
f 2276/1/2148 523/1/2148 605/1/2148
f 2276/1/2149 2275/1/2149 606/1/2149
f 2276/1/2150 2277/1/2150 747/1/2150
f 2276/1/2152 524/1/2152 748/1/2152
f 2278/1/7179 845/1/7179 747/1/7179
f 2278/1/2154 2277/1/2154 748/1/2154
f 2278/1/2155 2275/1/2155 605/1/2155
f 2278/1/2156 846/1/2156 606/1/2156
f 2280/1/2157 459/1/2157 505/1/2157
f 2280/1/7180 2279/1/7180 506/1/7180
f 2280/1/2159 2281/1/2159 471/1/2159
f 2280/1/2160 460/1/2160 472/1/2160
f 2281/1/2161 2282/1/2161 449/1/2161
f 2281/1/7181 472/1/7181 450/1/7181
f 2282/1/2163 2279/1/2163 505/1/2163
f 2282/1/2164 450/1/2164 506/1/2164
f 2284/1/2165 603/1/2165 519/1/2165
f 2284/1/2166 2283/1/2166 520/1/2166
f 2284/1/2167 2285/1/2167 469/1/2167
f 2284/1/2168 604/1/2168 470/1/2168
f 2286/1/2169 517/1/2169 469/1/2169
f 2286/1/2170 2285/1/2170 470/1/2170
f 2286/1/2171 2283/1/2171 519/1/2171
f 2286/1/7182 518/1/7182 520/1/7182
f 2288/1/2173 517/1/2173 743/1/2173
f 2288/1/2174 2287/1/2174 744/1/2174
f 2288/1/7183 2289/1/7183 451/1/7183
f 2288/1/7184 518/1/7184 452/1/7184
f 2287/1/7185 743/1/7185 451/1/7185
f 2287/1/7186 2289/1/7186 452/1/7186
f 2291/1/7187 743/1/7187 517/1/7187
f 2291/1/7188 2290/1/7188 518/1/7188
f 2291/1/2181 2292/1/2181 519/1/2181
f 2291/1/2182 744/1/2182 520/1/2182
f 2292/1/7189 2290/1/7189 517/1/7189
f 2292/1/2184 520/1/2184 518/1/2184
f 2294/1/2185 751/1/2185 513/1/2185
f 2294/1/2186 2293/1/2186 514/1/2186
f 2294/1/2188 2295/1/2188 521/1/2188
f 2294/1/7190 752/1/7190 522/1/7190
f 2293/1/7191 513/1/7191 521/1/7191
f 2293/1/7192 2295/1/7192 522/1/7192
f 2296/1/7193 2297/1/7193 751/1/7193
f 2296/1/7194 522/1/7194 752/1/7194
f 2297/1/7195 2298/1/7195 455/1/7195
f 2297/1/7196 752/1/7196 456/1/7196
f 2296/1/2196 521/1/2196 455/1/2196
f 2296/1/7197 2298/1/7197 456/1/7197
f 2299/1/2198 2300/1/2198 481/1/2198
f 2299/1/7198 458/1/2199 482/1/7198
f 2301/1/7199 735/1/7199 481/1/7199
f 2301/1/7200 2300/1/7201 482/1/7201
f 2299/1/2202 457/1/2202 735/1/2202
f 2299/1/2203 2301/1/2203 736/1/2203
f 2302/1/7202 2303/1/7202 457/1/7202
f 2302/1/7203 482/1/7203 458/1/7203
f 2303/1/2206 2304/1/2206 461/1/2206
f 2303/1/2208 458/1/2208 462/1/2208
f 2302/1/7204 481/1/7204 461/1/7204
f 2302/1/7205 2304/1/7205 462/1/7205
f 2305/1/2211 2306/1/2211 747/1/2211
f 2305/1/2212 538/1/2212 748/1/2212
f 2306/1/7206 2307/1/7206 523/1/7206
f 2306/1/7207 748/1/7207 524/1/7208
f 2305/1/7209 537/1/7209 523/1/7209
f 2305/1/2216 2307/1/2216 524/1/2216
f 2309/1/2217 523/1/2217 537/1/2217
f 2309/1/7210 2308/1/7210 538/1/7210
f 2309/1/2219 2310/1/2219 525/1/2219
f 2309/1/7211 524/1/7211 526/1/7211
f 2308/1/7212 537/1/7212 525/1/7212
f 2308/1/2222 2310/1/2222 526/1/2222
f 2312/1/2223 529/1/2223 751/1/2223
f 2311/1/2224 752/1/2224 530/1/2224
f 2313/1/2225 531/1/2225 529/1/2225
f 2313/1/2226 2312/1/2226 530/1/2226
f 2313/1/7213 2314/1/7213 453/1/7213
f 2314/1/7214 2313/1/7214 532/1/7214
f 2314/1/2229 2311/1/2229 751/1/2229
f 2314/1/2230 454/1/2230 752/1/2230
f 2315/1/2231 2316/1/2231 457/1/2231
f 2315/1/2232 442/1/2232 458/1/2232
f 2317/1/2233 533/1/2233 457/1/2233
f 2316/1/2234 458/1/2234 534/1/2234
f 2318/1/2235 509/1/2235 533/1/2235
f 2318/1/7215 2317/1/7215 534/1/7215
f 2318/1/2237 2315/1/2237 441/1/2237
f 2315/1/2238 2318/1/2238 510/1/2238
f 2319/1/7216 2320/1/7216 537/1/7216
f 2320/1/7217 2319/1/7217 750/1/7217
f 2321/1/2241 511/1/2241 537/1/2241
f 2321/1/7218 2320/1/7218 538/1/7218
f 2322/1/2243 535/1/2243 511/1/2243
f 2321/1/2244 512/1/2244 536/1/2244
f 2322/1/2245 2319/1/2245 749/1/2245
f 2322/1/2246 536/1/2246 750/1/2246
f 2324/1/2247 837/1/7219 801/1/2248
f 2324/1/2250 2323/1/7220 802/1/2251
f 2324/1/7221 2325/1/7222 725/1/2254
f 2325/1/7223 2324/1/7224 838/1/2257
f 2326/1/2259 723/1/7225 725/1/2260
f 2326/1/2262 2325/1/7226 726/1/7227
f 2326/1/2265 2323/1/7228 801/1/2266
f 2326/1/2268 724/1/7229 802/1/2269
f 2327/1/2271 2328/1/2271 601/1/2271
f 2328/1/7230 2327/1/7230 600/1/7230
f 2328/1/7231 2329/1/7231 633/1/7231
f 2328/1/2274 602/1/2274 634/1/2274
f 2330/1/2275 549/1/2275 633/1/2276
f 2329/1/7232 634/1/7233 550/1/2279
f 2327/1/7234 599/1/7234 549/1/7234
f 2330/1/2281 550/1/2281 600/1/2281
f 2331/1/2282 2332/1/2282 587/1/2282
f 2332/1/2283 2331/1/2283 626/1/2283
f 2333/1/2284 569/1/2284 587/1/2284
f 2332/1/2285 588/1/2285 570/1/2285
f 2334/1/7235 637/1/7235 569/1/7235
f 2333/1/2287 570/1/2287 638/1/2287
f 2331/1/2288 625/1/2288 637/1/2288
f 2334/1/7236 638/1/7236 626/1/7236
f 2336/1/2290 817/1/2290 815/1/2290
f 2336/1/7237 2335/1/7237 816/1/7237
f 2337/1/2292 807/1/2292 817/1/2292
f 2336/1/7238 818/1/7238 808/1/7238
f 2338/1/2294 811/1/2294 807/1/2294
f 2338/1/2295 2337/1/2295 808/1/2295
f 2338/1/7239 2335/1/7239 815/1/7239
f 2335/1/2297 2338/1/7240 812/1/7240
f 2339/1/7241 2340/1/2299 813/1/2299
f 2339/1/2300 810/1/7242 814/1/2301
f 2340/1/2302 2341/1/2302 811/1/2302
f 2341/1/7243 2340/1/7243 814/1/7243
f 2342/1/2304 807/1/2304 811/1/2304
f 2341/1/2305 812/1/2305 808/1/2305
f 2339/1/7244 809/1/7245 807/1/7246
f 2342/1/7247 808/1/7247 810/1/2309
f 2344/1/2311 535/1/2311 509/1/2311
f 2343/1/2312 510/1/2312 536/1/2312
f 2344/1/2313 2345/1/2313 511/1/2313
f 2345/1/7248 2344/1/7248 536/1/7248
f 2345/1/2315 2346/1/2315 441/1/2315
f 2346/1/2316 2345/1/2316 512/1/2316
f 2343/1/2317 509/1/2317 441/1/2317
f 2346/1/2318 442/1/2318 510/1/2318
f 2347/1/2319 2348/1/2319 851/1/2319
f 2348/1/7249 2347/1/7249 850/1/7249
f 2348/1/7250 2349/1/7250 603/1/7250
f 2348/1/2322 852/1/2322 604/1/2322
f 2350/1/7251 847/1/7251 603/1/7251
f 2349/1/7252 604/1/7252 848/1/7252
f 2347/1/2325 849/1/2325 847/1/2325
f 2350/1/7253 848/1/7253 850/1/7253
f 2351/1/2327 2352/1/2327 855/1/2327
f 2351/1/2328 706/1/2328 856/1/2328
f 2353/1/2329 853/1/2329 855/1/2329
f 2352/1/2330 856/1/2330 854/1/2330
f 2354/1/2331 865/1/2331 853/1/2331
f 2353/1/2332 854/1/2332 866/1/2332
f 2354/1/7254 2351/1/7254 705/1/7254
f 2351/1/7255 2354/1/7255 866/1/7255
f 2355/1/7256 2356/1/7256 619/1/7256
f 2356/1/2336 2355/1/2336 636/1/2336
f 2357/1/7257 669/1/7257 619/1/7257
f 2357/1/2338 2356/1/2338 620/1/2338
f 2358/1/7258 631/1/7258 669/1/7258
f 2357/1/2340 670/1/2340 632/1/2340
f 2355/1/2341 635/1/2341 631/1/2341
f 2355/1/2342 2358/1/2342 632/1/2342
f 2360/1/2343 581/1/2343 563/1/2343
f 2359/1/2344 564/1/2344 582/1/2344
f 2360/1/7259 2361/1/7259 577/1/7259
f 2361/1/2346 2360/1/2346 582/1/2346
f 2362/1/2347 559/1/2347 577/1/2347
f 2362/1/2348 2361/1/2348 578/1/2348
f 2359/1/7260 563/1/7260 559/1/7260
f 2362/1/2350 560/1/2350 564/1/2350
f 2364/1/7261 645/1/7261 659/1/7261
f 2363/1/2352 660/1/2352 646/1/2352
f 2365/1/2353 667/1/2353 645/1/2353
f 2365/1/7262 2364/1/7262 646/1/7262
f 2365/1/2355 2366/1/2355 651/1/2355
f 2366/1/2356 2365/1/2356 668/1/2356
f 2363/1/7263 659/1/7263 651/1/7263
f 2366/1/7264 652/1/7264 660/1/7264
f 2367/1/7265 2368/1/7266 599/1/7265
f 2367/1/2360 602/1/2360 600/1/2360
f 2368/1/2362 2369/1/2362 597/1/2362
f 2369/1/2363 2368/1/2363 600/1/2363
f 2369/1/2364 2370/1/2364 717/1/2364
f 2369/1/7267 598/1/7267 718/1/7268
f 2367/1/7269 601/1/7269 717/1/7269
f 2367/1/2367 2370/1/2367 718/1/2367
f 2371/1/2368 2372/1/2368 557/1/2368
f 2372/1/7270 2371/1/7270 556/1/7270
f 2372/1/2370 2373/1/2370 551/1/2370
f 2373/1/7271 2372/1/7271 558/1/7271
f 2374/1/2372 553/1/2372 551/1/2372
f 2374/1/2373 2373/1/2373 552/1/2373
f 2371/1/7272 555/1/7272 553/1/7272
f 2374/1/7273 554/1/7273 556/1/7273
f 2375/1/2376 2376/1/2376 635/1/2376
f 2375/1/2377 620/1/2377 636/1/2377
f 2377/1/2378 719/1/2378 635/1/2378
f 2377/1/2379 2376/1/2379 636/1/2379
f 2377/1/2380 2378/1/2380 657/1/2380
f 2377/1/7274 720/1/7274 658/1/7274
f 2375/1/7275 619/1/7275 657/1/7275
f 2375/1/7276 2378/1/7276 658/1/7276
f 2380/1/2384 703/1/2384 579/1/7277
f 2380/1/2387 2379/1/7278 580/1/2388
f 2381/1/7279 575/1/7279 703/1/7279
f 2380/1/2390 704/1/2390 576/1/2390
f 2382/1/2391 577/1/7280 575/1/2392
f 2382/1/2393 2381/1/2394 576/1/2394
f 2382/1/2396 2379/1/7281 579/1/2397
f 2382/1/2399 578/1/7282 580/1/2400
f 2383/1/2402 2384/1/2402 821/1/2402
f 2383/1/7283 820/1/7283 822/1/7283
f 2384/1/2404 2385/1/2404 817/1/2404
f 2385/1/2405 2384/1/2405 822/1/2405
f 2385/1/7284 2386/1/7284 815/1/7284
f 2385/1/2407 818/1/2407 816/1/2407
f 2383/1/7285 819/1/7285 815/1/7285
f 2386/1/2409 816/1/2409 820/1/2409
f 2387/1/2410 2388/1/2410 773/1/2410
f 2387/1/2411 772/1/2411 774/1/2411
f 2388/1/2412 2389/1/2412 893/1/2412
f 2388/1/2413 774/1/7286 894/1/2413
f 2390/1/2414 769/1/2414 893/1/2414
f 2390/1/7287 2389/1/7287 894/1/7287
f 2390/1/2416 2387/1/2416 771/1/2416
f 2390/1/7288 770/1/7288 772/1/7288
f 2391/1/7289 2392/1/7290 711/1/7291
f 2391/1/2421 594/1/7292 712/1/7293
f 2393/1/7294 543/1/7295 711/1/2425
f 2393/1/7296 2392/1/7297 712/1/2428
f 2393/1/7298 2394/1/7299 595/1/7300
f 2393/1/2433 544/1/7301 596/1/2434
f 2394/1/7302 2391/1/7303 593/1/7304
f 2394/1/2439 596/1/7305 594/1/2440
f 2396/1/2442 599/1/2442 597/1/2442
f 2395/1/7306 598/1/7306 600/1/7306
f 2396/1/2444 2397/1/7307 543/1/7308
f 2397/1/7309 2396/1/7310 600/1/7310
f 2397/1/7311 2398/1/7312 711/1/7313
f 2398/1/7314 2397/1/7315 544/1/2453
f 2395/1/7316 597/1/7316 711/1/2456
f 2398/1/2458 712/1/7317 598/1/2459
f 2400/1/2460 587/1/2460 545/1/2460
f 2400/1/2462 2399/1/2462 546/1/2462
f 2400/1/7318 2401/1/7318 733/1/7318
f 2400/1/7319 588/1/7319 734/1/7319
f 2402/1/2465 585/1/2465 733/1/2465
f 2402/1/7320 2401/1/7320 734/1/7320
f 2399/1/2467 545/1/2467 585/1/2467
f 2402/1/7321 586/1/7321 546/1/2468
f 2404/1/2469 559/1/7322 675/1/2470
f 2404/1/7323 2403/1/7324 676/1/2473
f 2404/1/7325 2405/1/2476 555/1/2476
f 2404/1/7326 560/1/7327 556/1/7328
f 2405/1/2480 2406/1/2480 553/1/2480
f 2406/1/7329 2405/1/7329 556/1/7329
f 2406/1/2482 2403/1/7330 675/1/2483
f 2406/1/2484 554/1/2484 676/1/2485
f 2407/1/2487 2408/1/7331 677/1/7331
f 2407/1/7332 676/1/7333 678/1/7334
f 2409/1/2492 563/1/7335 677/1/7336
f 2409/1/7337 2408/1/7338 678/1/7338
f 2409/1/2497 2410/1/7339 559/1/2498
f 2409/1/2500 564/1/7340 560/1/7341
f 2410/1/2503 2407/1/7342 675/1/2504
f 2410/1/2506 560/1/7343 676/1/2507
f 2411/1/7344 2412/1/7344 539/1/7344
f 2412/1/7345 2411/1/7345 592/1/7345
f 2412/1/2512 2413/1/7346 707/1/2513
f 2413/1/2514 2412/1/2515 540/1/2515
f 2414/1/2517 589/1/2517 707/1/7347
f 2414/1/7348 2413/1/7349 708/1/7350
f 2411/1/7351 591/1/7351 589/1/7351
f 2414/1/2523 590/1/2523 592/1/2523
f 2416/1/2524 497/1/2524 447/1/2524
f 2415/1/2525 448/1/2525 498/1/2525
f 2416/1/7352 2417/1/7352 499/1/7352
f 2417/1/2527 2416/1/2527 498/1/2527
f 2417/1/2528 2418/1/2528 503/1/2528
f 2418/1/7353 2417/1/7353 500/1/7353
f 2418/1/7354 2415/1/7354 447/1/7354
f 2418/1/2531 504/1/2531 448/1/2531
f 2420/1/2532 569/1/2532 689/1/2532
f 2420/1/7355 2419/1/7355 690/1/7355
f 2420/1/7356 2421/1/7357 541/1/7357
f 2420/1/7358 570/1/7358 542/1/7358
f 2421/1/2537 2422/1/2537 567/1/2537
f 2422/1/2538 2421/1/2538 542/1/2538
f 2422/1/7359 2419/1/7359 689/1/7359
f 2422/1/7360 568/1/7360 690/1/7360
f 2423/1/7361 2424/1/7361 671/1/7361
f 2424/1/7362 2423/1/2542 562/1/7362
f 2424/1/7363 2425/1/7363 551/1/7363
f 2424/1/7364 672/1/7365 552/1/7365
f 2426/1/2545 557/1/2545 551/1/2545
f 2425/1/2546 552/1/2546 558/1/2546
f 2423/1/7366 561/1/7366 557/1/7366
f 2426/1/7367 558/1/7367 562/1/7367
f 2428/1/2549 565/1/7368 561/1/2550
f 2428/1/2551 2427/1/2552 562/1/2552
f 2428/1/7369 2429/1/7370 681/1/2555
f 2428/1/2557 566/1/7371 682/1/2558
f 2430/1/2560 671/1/2560 681/1/2561
f 2430/1/2563 2429/1/7372 682/1/2564
f 2427/1/7373 561/1/7373 671/1/7373
f 2430/1/2566 672/1/2566 562/1/2566
f 2432/1/2567 579/1/7374 583/1/7375
f 2432/1/2570 2431/1/7376 584/1/7377
f 2433/1/2573 577/1/7378 579/1/2574
f 2433/1/7379 2432/1/7380 580/1/7381
f 2434/1/2579 581/1/7382 577/1/7383
f 2434/1/7384 2433/1/7385 578/1/2583
f 2434/1/7386 2431/1/7387 583/1/2586
f 2434/1/2588 582/1/7388 584/1/7389
f 2436/1/2591 545/1/2591 581/1/7390
f 2435/1/7391 582/1/7392 546/1/7393
f 2436/1/2596 2437/1/2596 585/1/2596
f 2437/1/2597 2436/1/2597 546/1/2597
f 2437/1/2598 2438/1/7394 583/1/2599
f 2438/1/2600 2437/1/7395 586/1/7395
f 2435/1/7396 581/1/7397 583/1/2604
f 2438/1/7398 584/1/7399 582/1/2607
f 2440/1/7400 633/1/7401 549/1/7400
f 2440/1/7402 2439/1/7402 550/1/7402
f 2440/1/7403 2441/1/7403 609/1/7403
f 2440/1/2613 634/1/2613 610/1/2613
f 2442/1/2614 573/1/2614 609/1/2614
f 2442/1/7404 2441/1/7404 610/1/7404
f 2439/1/2616 549/1/2616 573/1/2616
f 2442/1/2617 574/1/2617 550/1/2617
f 2444/1/7405 463/1/7405 465/1/7405
f 2444/1/2619 2443/1/2619 466/1/2619
f 2445/1/7406 453/1/7406 463/1/7406
f 2445/1/7407 2444/1/7407 464/1/7407
f 2445/1/2622 2446/1/2622 527/1/2622
f 2445/1/2623 454/1/2623 528/1/2623
f 2446/1/2624 2443/1/2624 465/1/2624
f 2446/1/7408 528/1/7408 466/1/7408
f 2448/1/7409 851/1/7409 603/1/7409
f 2448/1/2627 2447/1/2627 604/1/2627
f 2448/1/2628 2449/1/2628 515/1/2628
f 2448/1/2629 852/1/2629 516/1/2629
f 2450/1/2630 469/1/2630 515/1/2630
f 2450/1/7410 2449/1/7410 516/1/7410
f 2447/1/2632 603/1/2632 469/1/2632
f 2447/1/7411 2450/1/7411 470/1/7411
f 2451/1/2634 2452/1/2635 591/1/2635
f 2451/1/2637 596/1/7412 592/1/2638
f 2452/1/2639 2453/1/2639 589/1/2639
f 2453/1/2640 2452/1/2640 592/1/2640
f 2453/1/7413 2454/1/7414 593/1/7415
f 2453/1/7416 590/1/7416 594/1/7417
f 2451/1/2646 595/1/7418 593/1/2647
f 2451/1/2649 2454/1/7419 594/1/2650
f 2455/1/7420 2456/1/7420 719/1/7420
f 2455/1/2653 716/1/2653 720/1/2653
f 2456/1/2654 2457/1/2654 635/1/2654
f 2456/1/7421 720/1/7421 636/1/7421
f 2457/1/2656 2458/1/7422 617/1/7423
f 2457/1/2658 636/1/2658 618/1/2659
f 2455/1/2661 715/1/2661 617/1/7424
f 2455/1/7425 2458/1/7426 618/1/7427
f 2460/1/7428 665/1/7428 693/1/7428
f 2460/1/7429 2459/1/7429 694/1/7429
f 2460/1/7430 2461/1/7431 621/1/2669
f 2460/1/7432 666/1/7432 622/1/2671
f 2462/1/7433 623/1/7433 621/1/7434
f 2462/1/7435 2461/1/7436 622/1/2677
f 2462/1/2678 2459/1/2678 693/1/2678
f 2462/1/2679 624/1/2679 694/1/2679
f 2464/1/2680 633/1/7437 609/1/7438
f 2464/1/2683 2463/1/2684 610/1/2684
f 2465/1/2686 611/1/7439 633/1/7440
f 2464/1/7441 634/1/7442 612/1/2690
f 2465/1/7443 2466/1/7444 613/1/7444
f 2466/1/7445 2465/1/7446 612/1/2696
f 2466/1/7447 2463/1/7447 609/1/7447
f 2463/1/2698 2466/1/2698 614/1/2698
f 2468/1/2699 649/1/2699 639/1/7448
f 2468/1/2702 2467/1/7449 640/1/2703
f 2468/1/7450 2469/1/7451 629/1/7452
f 2468/1/2706 650/1/2706 630/1/7453
f 2470/1/7454 627/1/7454 629/1/2710
f 2470/1/7455 2469/1/7456 630/1/7457
f 2470/1/7458 2467/1/7459 639/1/2715
f 2470/1/7460 628/1/7460 640/1/2717
f 2472/1/2719 715/1/2719 717/1/2719
f 2471/1/7461 718/1/7461 716/1/7461
f 2473/1/7462 617/1/7463 715/1/7464
f 2472/1/7465 716/1/7465 618/1/7466
f 2473/1/7467 2474/1/7468 601/1/7468
f 2474/1/2729 2473/1/7469 618/1/2730
f 2474/1/2731 2471/1/2731 717/1/2731
f 2474/1/2733 602/1/2733 718/1/2733
f 2476/1/2734 627/1/2734 639/1/2734
f 2476/1/7470 2475/1/7470 640/1/7470
f 2477/1/7471 731/1/7472 627/1/7473
f 2477/1/7474 2476/1/7475 628/1/7475
f 2477/1/7476 2478/1/7477 625/1/7478
f 2477/1/2745 732/1/7479 626/1/7480
f 2475/1/2748 639/1/2748 625/1/7481
f 2475/1/2751 2478/1/7482 626/1/7483
f 2480/1/2753 525/1/2753 537/1/2753
f 2480/1/7484 2479/1/7484 538/1/7484
f 2480/1/7485 2481/1/7485 471/1/7485
f 2480/1/2756 526/1/2756 472/1/2756
f 2482/1/2757 511/1/2757 471/1/7486
f 2482/1/2758 2481/1/2758 472/1/2758
f 2482/1/2759 2479/1/2759 537/1/2759
f 2482/1/7487 512/1/7487 538/1/7487
f 2483/1/7488 2484/1/2762 569/1/7489
f 2484/1/2764 2483/1/7490 638/1/2765
f 2484/1/2766 2485/1/2766 689/1/2766
f 2484/1/7491 570/1/7491 690/1/7491
f 2486/1/7492 687/1/7493 689/1/7494
f 2485/1/2770 690/1/2770 688/1/2771
f 2483/1/7495 637/1/7496 687/1/2774
f 2486/1/2776 688/1/7497 638/1/7498
f 2488/1/7499 613/1/7499 615/1/7499
f 2488/1/7500 2487/1/7500 616/1/7500
f 2488/1/7501 2489/1/7502 611/1/2782
f 2488/1/7503 614/1/7503 612/1/7504
f 2490/1/2786 631/1/7505 611/1/2787
f 2490/1/7506 2489/1/7507 612/1/2790
f 2487/1/2792 615/1/2792 631/1/2793
f 2487/1/2795 2490/1/7508 632/1/7509
f 2492/1/7510 669/1/7510 631/1/2798
f 2492/1/2800 2491/1/7511 632/1/7512
f 2492/1/2802 2493/1/2802 647/1/2802
f 2492/1/2803 670/1/2803 648/1/2803
f 2494/1/2804 615/1/2804 647/1/2804
f 2494/1/2805 2493/1/2805 648/1/2805
f 2494/1/2806 2491/1/7513 631/1/2807
f 2494/1/2808 616/1/2808 632/1/2809
f 2496/1/2811 799/1/2811 835/1/2811
f 2495/1/2812 836/1/2812 800/1/2812
f 2497/1/2813 831/1/2813 799/1/2813
f 2496/1/2814 800/1/2814 832/1/2814
f 2498/1/2815 833/1/2815 831/1/2815
f 2497/1/2816 832/1/2816 834/1/2816
f 2498/1/7514 2495/1/7514 835/1/7514
f 2495/1/7515 2498/1/7515 834/1/7515
f 2499/1/2819 2500/1/2819 793/1/2819
f 2500/1/2820 2499/1/2820 806/1/2820
f 2500/1/7516 2501/1/7516 827/1/7516
f 2500/1/2823 794/1/2823 828/1/2823
f 2502/1/2824 837/1/2824 827/1/2824
f 2501/1/2825 828/1/2825 838/1/2825
f 2502/1/2826 2499/1/2826 805/1/2826
f 2502/1/7517 838/1/7517 806/1/7517
f 2504/1/7518 649/1/7518 665/1/7518
f 2503/1/2829 666/1/2829 650/1/2829
f 2505/1/7519 639/1/7519 649/1/7519
f 2504/1/7520 650/1/7520 640/1/7520
f 2505/1/2832 2506/1/2832 621/1/2832
f 2506/1/7521 2505/1/7521 640/1/7521
f 2506/1/2834 2503/1/2834 665/1/2834
f 2503/1/2835 2506/1/2835 622/1/2835
f 2508/1/2836 561/1/2836 591/1/2836
f 2507/1/2837 592/1/2837 562/1/2837
f 2508/1/7522 2509/1/7522 557/1/7522
f 2509/1/7523 2508/1/7523 562/1/7523
f 2510/1/7524 539/1/7525 557/1/2841
f 2509/1/2842 558/1/2842 540/1/7526
f 2507/1/2845 591/1/2845 539/1/7527
f 2510/1/7528 540/1/7529 592/1/7530
f 2512/1/2850 813/1/2850 853/1/2850
f 2511/1/2851 854/1/2851 814/1/2851
f 2513/1/2852 809/1/7531 813/1/2853
f 2512/1/2854 814/1/2854 810/1/7532
f 2513/1/2856 2514/1/7533 863/1/7533
f 2514/1/2859 2513/1/7534 810/1/2860
f 2514/1/2861 2511/1/2861 853/1/2861
f 2511/1/2862 2514/1/2862 864/1/2862
f 2516/1/2863 793/1/2863 827/1/2863
f 2516/1/2864 2515/1/2864 828/1/2864
f 2517/1/2865 825/1/2865 793/1/2865
f 2516/1/2866 794/1/2866 826/1/2866
f 2517/1/2867 2518/1/2867 823/1/2867
f 2518/1/2868 2517/1/2868 826/1/2868
f 2518/1/7535 2515/1/7535 827/1/2869
f 2515/1/7536 2518/1/7536 824/1/7536
f 2519/1/2872 2520/1/2872 607/1/2872
f 2519/1/2873 842/1/2873 608/1/2873
f 2521/1/7537 605/1/7537 607/1/7537
f 2520/1/2875 608/1/2875 606/1/2875
f 2522/1/7538 845/1/7538 605/1/7538
f 2522/1/7539 2521/1/7539 606/1/7539
f 2522/1/2878 2519/1/2878 841/1/2878
f 2522/1/7540 846/1/7540 842/1/7540
f 2524/1/2880 663/1/7541 659/1/7542
f 2523/1/2883 660/1/7543 664/1/2884
f 2525/1/7544 695/1/7544 663/1/7545
f 2525/1/7546 2524/1/7547 664/1/2890
f 2525/1/2891 2526/1/2891 641/1/2891
f 2525/1/2892 696/1/2892 642/1/2892
f 2523/1/7548 659/1/7549 641/1/7550
f 2523/1/2895 2526/1/2896 642/1/2896
f 2527/1/2898 2528/1/7551 619/1/7551
f 2528/1/2901 2527/1/7552 668/1/2902
f 2528/1/7553 2529/1/7554 657/1/2904
f 2528/1/2905 620/1/2905 658/1/2906
f 2530/1/2908 655/1/7555 657/1/2908
f 2529/1/2910 658/1/7556 656/1/7557
f 2530/1/2913 2527/1/7558 667/1/2914
f 2530/1/7559 656/1/7560 668/1/7561
f 2532/1/2919 729/1/2919 661/1/2919
f 2532/1/7562 2531/1/7562 662/1/7562
f 2532/1/2921 2533/1/2921 629/1/2921
f 2533/1/2922 2532/1/2922 730/1/2922
f 2534/1/2923 649/1/7563 629/1/7564
f 2534/1/2925 2533/1/2926 630/1/2926
f 2531/1/7565 661/1/7565 649/1/2929
f 2534/1/2931 650/1/7566 662/1/7567
f 2536/1/7568 479/1/7568 883/1/7568
f 2535/1/7569 884/1/7569 480/1/7569
f 2536/1/2935 2537/1/2935 475/1/2935
f 2536/1/7570 480/1/7570 476/1/7570
f 2537/1/2937 2538/1/2937 753/1/2937
f 2538/1/2939 2537/1/2939 476/1/2939
f 2538/1/2940 2535/1/2940 883/1/2940
f 2538/1/2941 754/1/2941 884/1/2941
f 2539/1/2942 2540/1/2942 659/1/2942
f 2540/1/2943 2539/1/2943 646/1/2943
f 2540/1/7571 2541/1/7571 641/1/7571
f 2540/1/7572 660/1/7572 642/1/7572
f 2542/1/2946 643/1/2946 641/1/2946
f 2542/1/2947 2541/1/2947 642/1/2947
f 2542/1/2948 2539/1/2948 645/1/2948
f 2542/1/2949 644/1/2949 646/1/2949
f 2543/1/7573 2544/1/7573 653/1/7573
f 2543/1/2951 652/1/2951 654/1/2951
f 2545/1/2952 729/1/2952 653/1/2952
f 2545/1/7574 2544/1/7574 654/1/7574
f 2545/1/2954 2546/1/7575 661/1/2955
f 2545/1/7576 730/1/7576 662/1/7577
f 2546/1/2959 2543/1/2960 651/1/2960
f 2543/1/2962 2546/1/7578 662/1/2963
f 2548/1/7579 645/1/7580 669/1/7581
f 2547/1/2966 670/1/2966 646/1/2967
f 2549/1/2969 643/1/2969 645/1/2970
f 2549/1/2972 2548/1/7582 646/1/7583
f 2549/1/2974 2550/1/7584 647/1/2975
f 2550/1/2976 2549/1/2977 644/1/2977
f 2547/1/7585 669/1/7585 647/1/2980
f 2547/1/2982 2550/1/7586 648/1/2983
f 2552/1/2984 869/1/2984 673/1/2984
f 2551/1/3843 674/1/3843 870/1/3843
f 2553/1/2986 867/1/2986 869/1/2986
f 2553/1/2987 2552/1/2987 870/1/2987
f 2553/1/2988 2554/1/2988 859/1/2988
f 2554/1/2989 2553/1/2989 868/1/2989
f 2551/1/2990 673/1/2990 859/1/2990
f 2551/1/2991 2554/1/2991 860/1/2991
f 2556/1/2861 871/1/2861 869/1/2861
f 2555/1/2862 870/1/2862 872/1/2862
f 2556/1/2992 2557/1/2992 865/1/2992
f 2556/1/2993 872/1/2993 866/1/2993
f 2558/1/2995 867/1/2995 865/1/2995
f 2557/1/2996 866/1/2996 868/1/2996
f 2558/1/2998 2555/1/2998 869/1/2998
f 2555/1/2999 2558/1/2999 868/1/2999
f 2560/1/3000 651/1/3000 659/1/3000
f 2560/1/3001 2559/1/3001 660/1/3001
f 2561/1/3002 661/1/3002 651/1/3002
f 2560/1/3004 652/1/3004 662/1/3004
f 2562/1/3005 663/1/3005 661/1/3005
f 2561/1/3006 662/1/3006 664/1/3006
f 2562/1/7587 2559/1/7587 659/1/7587
f 2559/1/3008 2562/1/3008 664/1/3008
f 2564/1/2327 705/1/2327 709/1/2327
f 2563/1/2328 710/1/2328 706/1/2328
f 2565/1/2329 865/1/2329 705/1/2329
f 2564/1/2330 706/1/2330 866/1/2330
f 2566/1/2331 871/1/2331 865/1/2331
f 2565/1/2332 866/1/2332 872/1/2332
f 2566/1/7588 2563/1/7588 709/1/7588
f 2563/1/7255 2566/1/7255 872/1/7255
f 2567/1/7589 2568/1/7590 707/1/3011
f 2567/1/7591 704/1/7591 708/1/7592
f 2569/1/7593 539/1/7593 707/1/3016
f 2568/1/3018 708/1/7594 540/1/3019
f 2570/1/7595 575/1/7595 539/1/7595
f 2569/1/3021 540/1/3021 576/1/3021
f 2570/1/3022 2567/1/3022 703/1/3022
f 2567/1/3023 2570/1/3023 576/1/3023
f 2572/1/7596 537/1/7596 747/1/7596
f 2572/1/3025 2571/1/3025 748/1/3025
f 2573/1/3026 749/1/3026 537/1/3026
f 2572/1/3028 538/1/3028 750/1/3028
f 2574/1/3029 745/1/3029 749/1/3029
f 2574/1/3030 2573/1/3030 750/1/3030
f 2574/1/3031 2571/1/3031 747/1/3031
f 2571/1/3032 2574/1/3032 746/1/3032
f 2576/1/3033 613/1/3033 685/1/3033
f 2576/1/3034 2575/1/3034 686/1/3034
f 2576/1/7597 2577/1/7597 615/1/7597
f 2576/1/3036 614/1/3036 616/1/3036
f 2578/1/3037 701/1/3037 615/1/3037
f 2578/1/3038 2577/1/3038 616/1/3038
f 2578/1/7598 2575/1/7598 685/1/7598
f 2578/1/3040 702/1/3040 686/1/3040
f 2580/1/3041 757/1/3041 761/1/3041
f 2580/1/7599 2579/1/7600 762/1/7599
f 2580/1/3043 2581/1/3043 889/1/3043
f 2580/1/3044 758/1/3044 890/1/3044
f 2581/1/3045 2582/1/3045 891/1/3045
f 2582/1/3046 2581/1/3046 890/1/3046
f 2579/1/7601 761/1/7601 891/1/7601
f 2582/1/7602 892/1/7602 762/1/7602
f 2584/1/3049 667/1/7603 651/1/3050
f 2583/1/3051 652/1/3051 668/1/3052
f 2585/1/3054 655/1/7604 667/1/7605
f 2585/1/7606 2584/1/7607 668/1/7608
f 2585/1/3060 2586/1/7609 653/1/7610
f 2585/1/3063 656/1/7611 654/1/3064
f 2583/1/3066 651/1/3066 653/1/3067
f 2583/1/7612 2586/1/7613 654/1/3070
f 2587/1/3071 2588/1/7614 731/1/7615
f 2588/1/3074 2587/1/7616 626/1/3075
f 2588/1/7617 2589/1/7618 733/1/7618
f 2589/1/3080 2588/1/7619 732/1/3081
f 2590/1/7620 587/1/7620 733/1/7620
f 2590/1/7621 2589/1/7621 734/1/7621
f 2587/1/3084 625/1/7622 587/1/7623
f 2590/1/3086 588/1/3086 626/1/3087
f 2591/1/3089 2592/1/3089 553/1/3089
f 2591/1/3090 676/1/3090 554/1/3090
f 2593/1/7624 551/1/7624 553/1/7624
f 2593/1/7625 2592/1/7625 554/1/7625
f 2593/1/7626 2594/1/7626 671/1/7626
f 2593/1/7627 552/1/7627 672/1/7627
f 2595/1/3089 681/1/3089 671/1/3089
f 2595/1/3095 2594/1/7628 672/1/3095
f 2596/1/3096 571/1/3096 681/1/3096
f 2595/1/7629 682/1/7629 572/1/7629
f 2596/1/3099 2597/1/7630 573/1/3098
f 2596/1/7631 572/1/7631 574/1/7631
f 2598/1/7632 609/1/7632 573/1/7632
f 2598/1/7633 2597/1/7633 574/1/7633
f 2598/1/3104 2599/1/3104 613/1/3104
f 2598/1/7634 610/1/7634 614/1/7634
f 2599/1/3106 2600/1/3106 685/1/3106
f 2600/1/7635 2599/1/7635 614/1/7635
f 2600/1/3108 2601/1/3108 679/1/3108
f 2600/1/7636 686/1/7636 680/1/7636
f 2601/1/7637 2602/1/7638 673/1/7639
f 2602/1/7640 2601/1/7640 680/1/7640
f 2603/1/3112 859/1/3112 673/1/3112
f 2603/1/3113 2602/1/3113 674/1/3113
f 2604/1/3112 857/1/3112 859/1/3112
f 2603/1/3113 860/1/3113 858/1/3113
f 2604/1/3115 2605/1/3115 785/1/3115
f 2604/1/3117 858/1/3117 786/1/3117
f 2606/1/7641 683/1/7641 785/1/7641
f 2606/1/7642 2605/1/7642 786/1/7642
f 2607/1/7643 787/1/7643 683/1/7643
f 2607/1/3121 2606/1/3121 684/1/3121
f 2607/1/3122 2608/1/3122 691/1/3122
f 2607/1/3123 788/1/3123 692/1/3123
f 2609/1/3124 789/1/3124 691/1/3124
f 2609/1/3125 2608/1/3125 692/1/3125
f 2610/1/3126 791/1/3126 789/1/3126
f 2610/1/3127 2609/1/3127 790/1/3127
f 2610/1/3128 2611/1/3128 697/1/3128
f 2610/1/7644 792/1/7644 698/1/7644
f 2611/1/7645 2612/1/7645 699/1/7645
f 2611/1/3131 698/1/3131 700/1/3131
f 2613/1/7646 701/1/7646 699/1/7646
f 2613/1/3133 2612/1/3133 700/1/3133
f 2613/1/3134 2614/1/3134 615/1/3134
f 2613/1/7647 702/1/7647 616/1/7647
f 2614/1/7648 2615/1/7648 647/1/7648
f 2615/1/3137 2614/1/3137 616/1/3137
f 2615/1/3138 2616/1/3138 643/1/3138
f 2615/1/3139 648/1/3139 644/1/3139
f 2617/1/7649 641/1/7649 643/1/7649
f 2617/1/3141 2616/1/3141 644/1/3141
f 2617/1/7650 2618/1/7650 695/1/7650
f 2617/1/3143 642/1/3143 696/1/3143
f 2619/1/3144 693/1/3144 695/1/3144
f 2619/1/7651 2618/1/7651 696/1/7651
f 2619/1/3146 2620/1/3146 623/1/3146
f 2619/1/7652 694/1/7652 624/1/7652
f 2621/1/7653 687/1/7653 623/1/7653
f 2621/1/3149 2620/1/3149 624/1/3149
f 2622/1/7654 689/1/7654 687/1/7654
f 2622/1/7655 2621/1/7655 688/1/7655
f 2622/1/7656 2623/1/7656 567/1/7656
f 2622/1/3153 690/1/3153 568/1/3153
f 2624/1/7657 677/1/7658 567/1/7657
f 2624/1/7659 2623/1/7659 568/1/7659
f 2624/1/7660 2591/1/7660 675/1/7660
f 2591/1/3157 2624/1/3157 678/1/3157
f 2626/1/7661 829/1/7661 513/1/7661
f 2625/1/3159 514/1/3159 830/1/3159
f 2626/1/3160 2627/1/3160 529/1/3160
f 2626/1/3161 830/1/3161 530/1/3161
f 2627/1/3162 2628/1/3162 751/1/3162
f 2628/1/7662 2627/1/7662 530/1/7662
f 2628/1/3164 2625/1/3164 513/1/3164
f 2628/1/7663 752/1/7663 514/1/7663
f 2629/1/7664 2630/1/7664 881/1/7664
f 2630/1/7665 2629/1/7665 478/1/7665
f 2630/1/3170 2631/1/7666 877/1/3169
f 2631/1/7667 2630/1/7668 882/1/7668
f 2632/1/3174 875/1/3174 877/1/3175
f 2632/1/3177 2631/1/7669 878/1/3178
f 2629/1/7670 477/1/7670 875/1/7670
f 2632/1/3180 876/1/3180 478/1/3180
f 2634/1/3181 737/1/3181 735/1/3181
f 2633/1/3182 736/1/3182 738/1/3182
f 2634/1/7671 2635/1/7671 533/1/7671
f 2634/1/7672 738/1/7672 534/1/7672
f 2635/1/7673 2636/1/7673 457/1/7673
f 2636/1/3187 2635/1/3187 534/1/3187
f 2636/1/7674 2633/1/7674 735/1/7674
f 2636/1/3189 458/1/3189 736/1/3189
f 2638/1/3190 743/1/3190 519/1/3190
f 2638/1/3191 2637/1/3191 520/1/3191
f 2639/1/3192 739/1/3192 743/1/3192
f 2638/1/3193 744/1/3193 740/1/3193
f 2640/1/3194 741/1/3194 739/1/3194
f 2640/1/7675 2639/1/7675 740/1/7675
f 2640/1/3196 2637/1/3196 519/1/3196
f 2637/1/3197 2640/1/3197 742/1/3197
f 2642/1/3198 485/1/3198 757/1/3198
f 2642/1/3199 2641/1/3199 758/1/3199
f 2643/1/3200 495/1/7676 485/1/3200
f 2642/1/3201 486/1/3201 496/1/3201
f 2644/1/7677 759/1/7677 495/1/7677
f 2644/1/7678 2643/1/7678 496/1/7678
f 2644/1/3204 2641/1/3204 757/1/3204
f 2641/1/7679 2644/1/7679 760/1/7679
f 2646/1/3206 827/1/3206 783/1/3206
f 2646/1/3207 2645/1/3207 784/1/3207
f 2647/1/7680 823/1/7681 827/1/7682
f 2646/1/3210 828/1/3210 824/1/7683
f 2648/1/7684 727/1/7685 823/1/3214
f 2648/1/7686 2647/1/7687 824/1/3217
f 2648/1/3219 2645/1/3220 783/1/3220
f 2648/1/3222 728/1/7688 784/1/7689
f 2650/1/7690 763/1/7690 875/1/7690
f 2650/1/3225 2649/1/3225 876/1/3225
f 2651/1/3226 473/1/7691 763/1/3226
f 2650/1/7692 764/1/7692 474/1/7692
f 2652/1/7693 477/1/7693 473/1/7693
f 2652/1/7694 2651/1/7694 474/1/7694
f 2652/1/7695 2649/1/7695 875/1/7695
f 2649/1/7696 2652/1/7696 478/1/7696
f 2653/1/3232 2654/1/3232 755/1/3232
f 2653/1/3233 502/1/3233 756/1/3233
f 2654/1/7697 2655/1/7697 883/1/7697
f 2654/1/7698 756/1/7698 884/1/7698
f 2656/1/3237 753/1/3237 883/1/3237
f 2656/1/3238 2655/1/3238 884/1/3238
f 2656/1/7699 2653/1/7699 501/1/7699
f 2656/1/7700 754/1/7700 502/1/7700
f 2658/1/3241 897/1/3241 893/1/3241
f 2657/1/7701 894/1/7701 898/1/7701
f 2658/1/7702 2659/1/7702 767/1/7702
f 2658/1/7703 898/1/7703 768/1/7703
f 2659/1/7704 2660/1/7705 769/1/7705
f 2660/1/3246 2659/1/3246 768/1/3246
f 2660/1/7706 2657/1/7706 893/1/7706
f 2660/1/7707 770/1/7707 894/1/7707
f 2661/1/3249 2662/1/3249 799/1/3249
f 2662/1/7708 2661/1/7708 832/1/7708
f 2662/1/3251 2663/1/3251 721/1/3251
f 2663/1/7709 2662/1/7709 800/1/7709
f 2664/1/7710 713/1/7710 721/1/7710
f 2664/1/7711 2663/1/7711 722/1/7711
f 2664/1/3255 2661/1/3255 831/1/3255
f 2664/1/3256 714/1/3256 832/1/3256
f 2666/1/7712 873/1/7712 875/1/7712
f 2666/1/3258 2665/1/3258 876/1/3258
f 2667/1/3259 765/1/3259 873/1/3259
f 2667/1/3260 2666/1/3260 874/1/3260
f 2668/1/3261 763/1/3261 765/1/3261
f 2668/1/7713 2667/1/7713 766/1/7713
f 2668/1/3263 2665/1/3263 875/1/3263
f 2668/1/7714 764/1/7714 876/1/7714
f 2670/1/3265 807/1/3265 809/1/3265
f 2670/1/3266 2669/1/3266 810/1/3266
f 2671/1/3267 683/1/3267 807/1/3267
f 2671/1/3268 2670/1/3268 808/1/3268
f 2672/1/3269 785/1/3269 683/1/3269
f 2672/1/3270 2671/1/3270 684/1/3270
f 2672/1/7715 2669/1/7715 809/1/7715
f 2672/1/3272 786/1/3272 810/1/3272
f 2673/1/3273 2674/1/3273 817/1/3273
f 2674/1/7716 2673/1/7716 808/1/7716
f 2674/1/3275 2675/1/7717 787/1/3276
f 2675/1/3277 2674/1/7718 818/1/7718
f 2676/1/3280 683/1/3280 787/1/3281
f 2676/1/7719 2675/1/7720 788/1/3284
f 2676/1/3285 2673/1/3285 807/1/3285
f 2676/1/7721 684/1/7722 808/1/7721
f 2678/1/7723 699/1/7724 701/1/3288
f 2678/1/3290 2677/1/7725 702/1/3291
f 2678/1/7726 2679/1/7727 803/1/3294
f 2678/1/7728 700/1/7729 804/1/7730
f 2679/1/3299 2680/1/3300 835/1/3300
f 2680/1/7731 2679/1/7732 804/1/7733
f 2680/1/3304 2677/1/7734 701/1/3305
f 2677/1/3306 2680/1/3307 836/1/3307
f 2682/1/7735 825/1/7736 821/1/7737
f 2682/1/7738 2681/1/7739 822/1/3313
f 2682/1/7740 2683/1/7741 789/1/3316
f 2683/1/3318 2682/1/7742 826/1/7743
f 2684/1/3321 691/1/7744 789/1/3322
f 2684/1/3324 2683/1/7745 790/1/3325
f 2684/1/7746 2681/1/7747 821/1/3328
f 2684/1/7748 692/1/7749 822/1/7750
f 2685/1/7751 2686/1/7752 827/1/3334
f 2686/1/3336 2685/1/7753 838/1/3337
f 2686/1/3339 2687/1/7754 783/1/3340
f 2686/1/3342 828/1/7755 784/1/3343
f 2688/1/3345 725/1/7756 783/1/3346
f 2688/1/7757 2687/1/7758 784/1/7759
f 2688/1/3351 2685/1/7760 837/1/7761
f 2688/1/3354 726/1/7762 838/1/3355
f 2690/1/3357 797/1/3357 713/1/3357
f 2690/1/3358 2689/1/3358 714/1/3358
f 2690/1/3359 2691/1/3359 795/1/3359
f 2690/1/3360 798/1/3360 796/1/3360
f 2692/1/7763 831/1/7763 795/1/7763
f 2692/1/7764 2691/1/7764 796/1/7764
f 2689/1/3363 713/1/3363 831/1/3363
f 2689/1/3364 2692/1/3364 832/1/3364
f 2694/1/7765 679/1/7765 673/1/7765
f 2694/1/3366 2693/1/3366 674/1/3366
f 2694/1/3367 2695/1/3367 861/1/3367
f 2694/1/3368 680/1/3368 862/1/3368
f 2695/1/7766 2696/1/7767 869/1/7767
f 2696/1/3371 2695/1/3371 862/1/3371
f 2696/1/2988 2693/1/2988 673/1/2988
f 2693/1/2989 2696/1/2989 870/1/2989
f 2698/1/7768 781/1/7769 779/1/3374
f 2698/1/3376 2697/1/7770 780/1/7771
f 2698/1/3379 2699/1/7772 819/1/3380
f 2698/1/3382 782/1/7773 820/1/3383
f 2699/1/7774 2700/1/3386 815/1/3386
f 2700/1/7775 2699/1/7776 820/1/3389
f 2700/1/3390 2697/1/7777 779/1/3391
f 2697/1/7778 2700/1/3393 816/1/3393
f 2701/1/3395 2702/1/7779 803/1/7780
f 2701/1/3398 806/1/7781 804/1/3399
f 2703/1/3401 699/1/7782 803/1/3402
f 2703/1/7783 2702/1/7784 804/1/3405
f 2703/1/3407 2704/1/7785 697/1/7786
f 2703/1/3410 700/1/7787 698/1/3411
f 2701/1/7788 805/1/7789 697/1/3414
f 2704/1/3416 698/1/7790 806/1/3417
f 2706/1/7791 805/1/7792 793/1/3420
f 2705/1/3421 794/1/3421 806/1/3422
f 2707/1/7793 697/1/7794 805/1/3425
f 2707/1/3427 2706/1/7795 806/1/3428
f 2707/1/3430 2708/1/7796 791/1/3431
f 2707/1/3433 698/1/7797 792/1/3434
f 2705/1/3436 793/1/3436 791/1/3437
f 2705/1/3439 2708/1/7798 792/1/3440
f 2709/1/7799 2710/1/7799 833/1/7799
f 2709/1/3442 686/1/3442 834/1/3442
f 2710/1/3443 2711/1/3443 861/1/3443
f 2710/1/7800 834/1/7800 862/1/7800
f 2712/1/3445 679/1/3445 861/1/3445
f 2712/1/3446 2711/1/3446 862/1/3446
f 2712/1/3447 2709/1/3447 685/1/3447
f 2712/1/7801 680/1/7801 686/1/7801
f 2714/1/3449 835/1/3449 701/1/3449
f 2713/1/7802 702/1/7802 836/1/7802
f 2715/1/3451 833/1/3451 835/1/3451
f 2714/1/7803 836/1/7803 834/1/7803
f 2716/1/3453 685/1/3453 833/1/3453
f 2716/1/3455 2715/1/3454 834/1/3454
f 2716/1/7804 2713/1/7804 701/1/7804
f 2716/1/7805 686/1/7805 702/1/7805
f 2717/1/7806 2718/1/7806 775/1/7806
f 2718/1/7807 2717/1/7807 732/1/7807
f 2718/1/3460 2719/1/3460 777/1/3460
f 2718/1/7808 776/1/7809 778/1/7809
f 2720/1/3465 855/1/3465 777/1/3465
f 2720/1/3466 2719/1/3466 778/1/3466
f 2721/1/3468 705/1/3468 855/1/3468
f 2720/1/7810 856/1/3469 706/1/7811
f 2721/1/3471 2722/1/7812 709/1/3470
f 2722/1/3473 2721/1/7813 706/1/7814
f 2722/1/3475 2723/1/3475 797/1/3475
f 2722/1/7815 710/1/7815 798/1/7816
f 2724/1/3477 713/1/3477 797/1/3477
f 2724/1/3478 2723/1/3478 798/1/3478
f 2725/1/3479 721/1/3479 713/1/3479
f 2725/1/3480 2724/1/3480 714/1/3480
f 2725/1/3481 2726/1/3481 723/1/3481
f 2725/1/3482 722/1/3482 724/1/3482
f 2727/1/3483 725/1/3483 723/1/3483
f 2727/1/7817 2726/1/7817 724/1/7817
f 2728/1/3485 783/1/3485 725/1/3485
f 2728/1/7818 2727/1/7818 726/1/7818
f 2728/1/3487 2729/1/3487 727/1/3487
f 2728/1/3488 784/1/3488 728/1/3488
f 2729/1/3489 2730/1/3489 781/1/3489
f 2729/1/7819 728/1/7819 782/1/7819
f 2731/1/7820 779/1/7820 781/1/7820
f 2731/1/7821 2730/1/7821 782/1/7821
f 2731/1/7822 2732/1/7822 627/1/7822
f 2731/1/3494 780/1/3494 628/1/3494
f 2732/1/7823 2733/1/7823 629/1/7823
f 2733/1/3496 2732/1/3496 628/1/3496
f 2733/1/3497 2734/1/3497 729/1/3497
f 2733/1/3498 630/1/3498 730/1/3498
f 2735/1/3499 653/1/3499 729/1/3499
f 2735/1/3500 2734/1/3500 730/1/3500
f 2735/1/3501 2736/1/3501 655/1/3501
f 2735/1/3502 654/1/3502 656/1/3502
f 2737/1/3503 657/1/3503 655/1/3503
f 2737/1/7824 2736/1/7824 656/1/7824
f 2737/1/7825 2738/1/7825 719/1/7825
f 2737/1/3506 658/1/3506 720/1/3506
f 2739/1/7826 715/1/7826 719/1/7826
f 2739/1/7827 2738/1/7827 720/1/7827
f 2740/1/7828 717/1/7828 715/1/7828
f 2740/1/3510 2739/1/3510 716/1/3510
f 2740/1/7829 2741/1/7829 597/1/7829
f 2740/1/3513 718/1/3513 598/1/3513
f 2742/1/7830 711/1/7830 597/1/7830
f 2742/1/3516 2741/1/3515 598/1/3516
f 2742/1/7831 2743/1/7831 593/1/7831
f 2743/1/7832 2742/1/7832 712/1/7832
f 2743/1/3519 2744/1/3519 589/1/3519
f 2743/1/3520 594/1/3520 590/1/3520
f 2745/1/7833 707/1/7833 589/1/7833
f 2745/1/3522 2744/1/3522 590/1/3522
f 2745/1/7834 2746/1/7834 703/1/7834
f 2745/1/7835 708/1/7835 704/1/7835
f 2747/1/3519 579/1/3519 703/1/3519
f 2747/1/7836 2746/1/7836 704/1/7836
f 2748/1/3526 583/1/3526 579/1/3526
f 2747/1/3527 580/1/3527 584/1/3527
f 2748/1/7837 2749/1/7838 585/1/3528
f 2748/1/7839 584/1/3529 586/1/3529
f 2749/1/7840 2750/1/7840 733/1/7840
f 2750/1/7841 2749/1/7841 586/1/7842
f 2750/1/3534 2717/1/3534 731/1/3534
f 2750/1/3535 734/1/3535 732/1/3535
f 2752/1/3536 823/1/7843 727/1/3537
f 2751/1/3539 728/1/7844 824/1/7845
f 2752/1/7846 2753/1/7847 819/1/3543
f 2752/1/7848 824/1/7849 820/1/7850
f 2754/1/3548 781/1/7851 819/1/7852
f 2754/1/7853 2753/1/7854 820/1/3552
f 2754/1/7855 2751/1/7856 727/1/7857
f 2754/1/3557 782/1/7858 728/1/7859
f 2755/1/3560 2756/1/7860 793/1/3561
f 2756/1/7861 2755/1/7862 826/1/3564
f 2756/1/7863 2757/1/7864 791/1/7865
f 2756/1/7866 794/1/7867 792/1/3570
f 2758/1/7868 789/1/7869 791/1/7870
f 2758/1/3575 2757/1/7871 792/1/7872
f 2758/1/7873 2755/1/7874 825/1/7875
f 2758/1/7876 790/1/7877 826/1/7878
f 2759/1/7879 2760/1/7879 461/1/7879
f 2760/1/3585 2759/1/3585 476/1/3585
f 2761/1/3586 459/1/3586 461/1/3586
f 2761/1/7880 2760/1/7880 462/1/7880
f 2762/1/3588 505/1/3588 459/1/3588
f 2761/1/7881 460/1/7881 506/1/7881
f 2759/1/7882 475/1/7882 505/1/7882
f 2759/1/3591 2762/1/3591 506/1/3591
f 2764/1/3592 815/1/3592 779/1/7883
f 2763/1/3595 780/1/7884 816/1/7885
f 2765/1/3597 811/1/3597 815/1/3597
f 2764/1/7886 816/1/7886 812/1/7886
f 2766/1/3599 775/1/3599 811/1/3599
f 2766/1/3600 2765/1/3600 812/1/3600
f 2766/1/3601 2763/1/7887 779/1/7888
f 2766/1/3603 776/1/3603 780/1/7889
f 2768/1/7890 723/1/7891 801/1/7892
f 2768/1/7893 2767/1/7894 802/1/3610
f 2768/1/3612 2769/1/7895 721/1/7895
f 2768/1/7896 724/1/7897 722/1/3616
f 2770/1/7898 799/1/7898 721/1/7898
f 2769/1/7899 722/1/7899 800/1/7899
f 2767/1/7900 801/1/7901 799/1/3620
f 2770/1/3621 800/1/3621 802/1/3622
f 2771/1/7902 2772/1/3625 845/1/3625
f 2772/1/7903 2771/1/7904 844/1/7905
f 2772/1/7906 2773/1/7907 747/1/7908
f 2772/1/7909 846/1/7909 748/1/7910
f 2774/1/7911 745/1/7911 747/1/3635
f 2773/1/7912 748/1/7913 746/1/3638
f 2774/1/7914 2771/1/7915 843/1/7916
f 2774/1/3641 746/1/3641 844/1/7917
f 2776/1/3644 777/1/3644 813/1/3644
f 2776/1/3645 2775/1/3645 814/1/3645
f 2776/1/3646 2777/1/3646 775/1/3646
f 2776/1/3647 778/1/3647 776/1/3647
f 2777/1/3648 2778/1/3648 811/1/3648
f 2777/1/7918 776/1/7918 812/1/7918
f 2778/1/3650 2775/1/3650 813/1/3650
f 2778/1/7919 812/1/7919 814/1/7919
f 2780/1/7920 841/1/7920 735/1/7920
f 2780/1/3653 2779/1/3653 736/1/3653
f 2781/1/7921 839/1/7921 841/1/7921
f 2780/1/3655 842/1/3655 840/1/3655
f 2782/1/3656 737/1/3656 839/1/3656
f 2782/1/3657 2781/1/3657 840/1/3657
f 2782/1/3658 2779/1/3658 735/1/3658
f 2779/1/3659 2782/1/3659 738/1/3659
f 2784/1/3660 849/1/3660 851/1/3660
f 2783/1/3661 852/1/3661 850/1/3661
f 2785/1/3662 829/1/3662 849/1/3662
f 2785/1/3663 2784/1/3663 850/1/3663
f 2785/1/3664 2786/1/3664 513/1/3664
f 2786/1/7922 2785/1/7922 830/1/7922
f 2783/1/7923 851/1/7923 513/1/7923
f 2783/1/3668 2786/1/3668 514/1/3668
f 2788/1/3669 639/1/3669 621/1/3669
f 2788/1/3670 2787/1/3670 622/1/3670
f 2788/1/3671 2789/1/3671 625/1/3671
f 2789/1/7924 2788/1/7924 640/1/7924
f 2790/1/3673 637/1/3673 625/1/3673
f 2790/1/3674 2789/1/3674 626/1/3674
f 2787/1/7925 621/1/7925 637/1/7925
f 2790/1/3676 638/1/3676 622/1/3676
f 2792/1/3677 601/1/3677 633/1/3677
f 2792/1/7926 2791/1/7927 634/1/3680
f 2793/1/7928 617/1/7928 601/1/7928
f 2792/1/3682 602/1/3682 618/1/3682
f 2794/1/3683 611/1/3683 617/1/3683
f 2793/1/7929 618/1/7929 612/1/7929
f 2794/1/7930 2791/1/7931 633/1/7932
f 2791/1/3687 2794/1/7933 612/1/7933
f 2795/1/3690 2796/1/7934 571/1/3691
f 2796/1/7935 2795/1/7936 574/1/7936
f 2797/1/7937 547/1/7938 571/1/7939
f 2796/1/3698 572/1/7940 548/1/3699
f 2798/1/3701 549/1/3701 547/1/3702
f 2797/1/7941 548/1/7942 550/1/3705
f 2798/1/3706 2795/1/3706 573/1/3706
f 2795/1/3707 2798/1/3707 550/1/3707
f 2800/1/2992 853/1/2992 865/1/2992
f 2799/1/2993 866/1/2993 854/1/2993
f 2801/1/2995 863/1/2995 853/1/2995
f 2800/1/2996 854/1/2996 864/1/2996
f 2802/1/2998 867/1/2998 863/1/2998
f 2801/1/2999 864/1/2999 868/1/2999
f 2799/1/2861 865/1/2861 867/1/2861
f 2799/1/2862 2802/1/2862 868/1/2862
f 2803/1/3708 2804/1/7943 539/1/7944
f 2804/1/3711 2803/1/7945 576/1/7946
f 2805/1/3714 557/1/7947 539/1/3715
f 2804/1/3717 540/1/7948 558/1/3718
f 2806/1/7949 555/1/7949 557/1/7950
f 2805/1/7951 558/1/7952 556/1/7953
f 2803/1/7954 575/1/7955 555/1/3725
f 2806/1/3726 556/1/3726 576/1/7956
f 2808/1/3728 741/1/7957 519/1/3729
f 2807/1/3731 520/1/7958 742/1/3732
f 2808/1/3734 2809/1/3735 847/1/3735
f 2808/1/7959 742/1/7960 848/1/3738
f 2809/1/3739 2810/1/7961 603/1/3740
f 2810/1/3741 2809/1/3742 848/1/3742
f 2810/1/7962 2807/1/7963 519/1/7964
f 2810/1/7965 604/1/7966 520/1/3748
f 2812/1/7967 475/1/7968 753/1/7969
f 2811/1/3752 754/1/3752 476/1/3753
f 2812/1/3755 2813/1/7970 505/1/7970
f 2813/1/7971 2812/1/7972 476/1/7973
f 2813/1/3760 2814/1/3760 503/1/3760
f 2814/1/3761 2813/1/3761 506/1/3761
f 2814/1/7974 2811/1/7974 753/1/7974
f 2814/1/3763 504/1/3763 754/1/3763
f 2815/1/3764 2816/1/3764 565/1/3764
f 2816/1/3765 2815/1/3765 596/1/3765
f 2817/1/7975 561/1/7975 565/1/7975
f 2816/1/3767 566/1/3767 562/1/3767
f 2818/1/3768 591/1/3768 561/1/3768
f 2817/1/3769 562/1/3769 592/1/3769
f 2818/1/3770 2815/1/3770 595/1/3770
f 2815/1/3771 2818/1/3771 592/1/3771
f 2820/1/7976 599/1/7976 543/1/7976
f 2819/1/3773 544/1/3773 600/1/3773
f 2821/1/2133 549/1/2133 599/1/2133
f 2820/1/2132 600/1/2132 550/1/2132
f 2821/1/3774 2822/1/3774 547/1/3774
f 2822/1/3775 2821/1/3775 550/1/3775
f 2822/1/3776 2819/1/3776 543/1/3776
f 2822/1/3777 548/1/3777 544/1/3777
f 2824/1/7977 567/1/7977 677/1/7978
f 2823/1/7979 678/1/7980 568/1/3782
f 2825/1/3783 541/1/3783 567/1/3783
f 2824/1/7981 568/1/7981 542/1/7981
f 2825/1/7982 2826/1/7983 563/1/7984
f 2826/1/3787 2825/1/3788 542/1/3788
f 2826/1/3790 2823/1/7985 677/1/3791
f 2823/1/3793 2826/1/7986 564/1/3794
f 2828/1/7987 825/1/7987 823/1/7987
f 2827/1/7988 824/1/7988 826/1/7988
f 2829/1/7989 821/1/7989 825/1/7989
f 2828/1/7990 826/1/7990 822/1/7990
f 2829/1/3800 2830/1/3800 819/1/3800
f 2830/1/7991 2829/1/7991 822/1/7991
f 2830/1/3802 2827/1/3802 823/1/3802
f 2827/1/7992 2830/1/7992 820/1/7992
f 2831/1/3804 2832/1/3804 547/1/3804
f 2831/1/3805 544/1/3805 548/1/3805
f 2832/1/3806 2833/1/3806 565/1/3806
f 2833/1/7993 2832/1/7993 548/1/7993
f 2834/1/3808 595/1/3808 565/1/3808
f 2833/1/3809 566/1/3809 596/1/3809
f 2831/1/7994 543/1/7994 595/1/7994
f 2834/1/7995 596/1/7995 544/1/7995
f 2836/1/3812 635/1/3812 617/1/3812
f 2835/1/7996 618/1/7996 636/1/7996
f 2836/1/7997 2837/1/7997 631/1/7997
f 2837/1/3815 2836/1/3815 636/1/3815
f 2837/1/3816 2838/1/3816 611/1/3816
f 2838/1/7998 2837/1/7998 632/1/7998
f 2835/1/3818 617/1/3818 611/1/3818
f 2838/1/3819 612/1/3819 618/1/3819
f 2840/1/7999 845/1/7999 841/1/7999
f 2839/1/3821 842/1/3821 846/1/3821
f 2841/1/3823 843/1/3823 845/1/3823
f 2840/1/3824 846/1/3824 844/1/3824
f 2841/1/3825 2842/1/3825 839/1/3825
f 2842/1/8000 2841/1/8000 844/1/8000
f 2842/1/8001 2839/1/8001 841/1/8001
f 2839/1/3828 2842/1/3828 840/1/3828
f 2844/1/8002 587/1/8002 569/1/8002
f 2843/1/8003 570/1/8003 588/1/8003
f 2845/1/8004 545/1/8004 587/1/8004
f 2844/1/8005 588/1/8005 546/1/8005
f 2846/1/8006 541/1/8006 545/1/8006
f 2845/1/7234 546/1/7234 542/1/7234
f 2846/1/8007 2843/1/8007 569/1/8007
f 2843/1/3834 2846/1/3834 542/1/3834
f 2848/1/8008 531/1/8008 453/1/8008
f 2847/1/8009 454/1/8009 532/1/8009
f 2849/1/3837 507/1/3837 531/1/3837
f 2849/1/8010 2848/1/8010 532/1/8010
f 2849/1/8011 2850/1/8011 527/1/8011
f 2850/1/3840 2849/1/3840 508/1/3840
f 2847/1/3841 453/1/3841 527/1/3841
f 2847/1/3842 2850/1/3842 528/1/3842
f 2852/1/2984 863/1/2984 857/1/2984
f 2851/1/3843 858/1/3843 864/1/3843
f 2853/1/3844 809/1/3844 863/1/3844
f 2852/1/8012 864/1/8012 810/1/8012
f 2854/1/3847 785/1/3847 809/1/3847
f 2854/1/3848 2853/1/3848 810/1/3848
f 2854/1/3849 2851/1/3849 857/1/3849
f 2854/1/3850 786/1/3850 858/1/3850
f 2856/1/8013 777/1/8013 855/1/8013
f 2856/1/8014 2855/1/3852 856/1/3852
f 2856/1/3853 2857/1/3853 813/1/3853
f 2856/1/3854 778/1/3854 814/1/3854
f 2857/1/3855 2858/1/3855 853/1/3855
f 2858/1/3856 2857/1/3856 814/1/3856
f 2858/1/7588 2855/1/7588 855/1/7588
f 2855/1/7255 2858/1/7255 854/1/7255
f 2860/1/3858 691/1/3858 821/1/3859
f 2860/1/8015 2859/1/8016 822/1/8017
f 2860/1/3863 2861/1/3863 787/1/3863
f 2860/1/8018 692/1/8018 788/1/8018
f 2862/1/3865 817/1/3865 787/1/3865
f 2861/1/8019 788/1/8019 818/1/8019
f 2859/1/3867 821/1/8020 817/1/3868
f 2862/1/8021 818/1/8021 822/1/8022
f 2864/1/3872 801/1/3872 803/1/3872
f 2864/1/3873 2863/1/3873 804/1/3873
f 2864/1/3874 2865/1/3874 799/1/3874
f 2865/1/3875 2864/1/3875 802/1/3875
f 2866/1/8023 835/1/8023 799/1/8023
f 2866/1/3877 2865/1/3877 800/1/3877
f 2863/1/8024 803/1/8024 835/1/8024
f 2866/1/3879 836/1/3879 804/1/3879
f 2868/1/2990 859/1/2990 857/1/2990
f 2868/1/2991 2867/1/2991 858/1/2991
f 2869/1/3880 867/1/3880 859/1/3880
f 2868/1/3843 860/1/3843 868/1/3843
f 2870/1/2986 863/1/2986 867/1/2986
f 2870/1/2987 2869/1/2987 868/1/2987
f 2870/1/2988 2867/1/2988 857/1/2988
f 2867/1/2989 2870/1/2989 864/1/2989
f 2871/1/8025 2872/1/8025 709/1/8025
f 2871/1/3882 798/1/3882 710/1/3882
f 2873/1/2329 871/1/2329 709/1/2329
f 2872/1/2330 710/1/2330 872/1/2330
f 2874/1/8026 795/1/8026 871/1/8026
f 2873/1/3884 872/1/3884 796/1/3884
f 2871/1/3885 797/1/3885 795/1/3885
f 2871/1/3886 2874/1/3886 796/1/3886
f 2875/1/8027 2876/1/3888 795/1/3888
f 2876/1/3890 2875/1/8028 862/1/3890
f 2876/1/3892 2877/1/3892 871/1/3892
f 2877/1/3893 2876/1/3893 796/1/3893
f 2878/1/2995 869/1/2995 871/1/2995
f 2877/1/2996 872/1/2996 870/1/2996
f 2875/1/3894 861/1/8029 869/1/3895
f 2878/1/3896 870/1/3896 862/1/8030
f 2880/1/3899 795/1/3899 831/1/3899
f 2879/1/8031 832/1/8031 796/1/8031
f 2881/1/3901 861/1/8032 795/1/3902
f 2880/1/3903 796/1/3903 862/1/8033
f 2881/1/8034 2882/1/8035 833/1/8035
f 2882/1/8036 2881/1/8037 862/1/8038
f 2879/1/3911 831/1/3911 833/1/3911
f 2879/1/3912 2882/1/3912 834/1/3912
f 2883/1/8039 2884/1/8039 837/1/8039
f 2883/1/8040 806/1/8040 838/1/8040
f 2885/1/8041 801/1/8041 837/1/8041
f 2884/1/3916 838/1/3916 802/1/3916
f 2886/1/3917 803/1/3917 801/1/3917
f 2885/1/8042 802/1/8042 804/1/8042
f 2886/1/8043 2883/1/8043 805/1/8043
f 2883/1/8044 2886/1/8044 804/1/8044
f 2887/1/8045 2888/1/8045 665/1/8045
f 2888/1/3922 2887/1/3922 650/1/3922
f 2889/1/3923 663/1/3923 665/1/3923
f 2888/1/3924 666/1/3924 664/1/3924
f 2890/1/8046 661/1/8046 663/1/8046
f 2889/1/3926 664/1/3926 662/1/3926
f 2890/1/3927 2887/1/3927 649/1/3927
f 2887/1/3928 2890/1/3928 662/1/3928
f 2892/1/8047 765/1/8047 763/1/8047
f 2892/1/3930 2891/1/3930 764/1/3930
f 2893/1/8048 497/1/8048 765/1/8048
f 2893/1/3932 2892/1/3932 766/1/3932
f 2893/1/8049 2894/1/8049 447/1/8049
f 2894/1/8050 2893/1/8050 498/1/8050
f 2894/1/3935 2891/1/3935 763/1/8051
f 2894/1/8052 448/1/8052 764/1/8052
f 2896/1/8053 467/1/3937 901/1/8053
f 2895/1/3939 902/1/3939 468/1/3939
f 2897/1/3941 897/1/3941 467/1/3941
f 2896/1/8054 468/1/8054 898/1/8054
f 2897/1/3944 2898/1/8055 893/1/8055
f 2898/1/3945 2897/1/3945 898/1/3945
f 2898/1/8056 2895/1/8056 901/1/8056
f 2898/1/3947 894/1/3947 902/1/3947
f 2899/1/3948 2900/1/3948 879/1/3948
f 2900/1/3949 2899/1/3949 878/1/3949
f 2901/1/3950 873/1/3950 879/1/3950
f 2901/1/8057 2900/1/8057 880/1/8057
f 2902/1/3952 875/1/3952 873/1/3952
f 2902/1/3953 2901/1/3953 874/1/3953
f 2902/1/8058 2899/1/8058 877/1/8058
f 2902/1/8059 876/1/8059 878/1/8059
f 2904/1/8060 507/1/3956 527/1/8060
f 2903/1/8061 528/1/8061 508/1/8061
f 2904/1/8062 2905/1/8062 739/1/8062
f 2904/1/3959 508/1/3959 740/1/3959
f 2905/1/3960 2906/1/3960 743/1/3960
f 2906/1/3961 2905/1/3961 740/1/3961
f 2903/1/8063 527/1/8063 743/1/8063
f 2903/1/3963 2906/1/3963 744/1/3963
f 2908/1/3964 901/1/3964 895/1/3964
f 2907/1/8064 896/1/8064 902/1/8064
f 2909/1/8065 893/1/8065 901/1/8065
f 2909/1/3967 2908/1/3967 902/1/3967
f 2909/1/8066 2910/1/8066 773/1/8066
f 2909/1/3969 894/1/3969 774/1/3969
f 2910/1/8067 2907/1/8067 895/1/8067
f 2910/1/3971 774/1/3971 896/1/3971
f 2912/1/3972 887/1/3972 899/1/3972
f 2911/1/3973 900/1/3973 888/1/3973
f 2913/1/3974 479/1/3974 887/1/3974
f 2912/1/8068 888/1/8068 480/1/8068
f 2913/1/8069 2914/1/8069 883/1/8069
f 2914/1/8070 2913/1/8071 480/1/8072
f 2914/1/3978 2911/1/3978 899/1/3978
f 2914/1/3979 884/1/3979 900/1/3979
f 2915/1/8073 2916/1/8074 885/1/8074
f 2915/1/3983 756/1/8075 886/1/8076
f 2917/1/8077 899/1/8077 885/1/8077
f 2916/1/3986 886/1/3986 900/1/3986
f 2918/1/3987 883/1/3987 899/1/3987
f 2918/1/3988 2917/1/3988 900/1/3988
f 2918/1/3989 2915/1/8078 755/1/3990
f 2918/1/8079 884/1/8079 756/1/8080
f 2919/1/8081 2920/1/8081 903/1/8081
f 2920/1/8082 2919/1/8082 760/1/8082
f 2920/1/3996 2921/1/3996 889/1/3996
f 2921/1/8083 2920/1/8083 904/1/8083
f 2922/1/3998 757/1/3998 889/1/3998
f 2922/1/8084 2921/1/8084 890/1/8084
f 2919/1/8085 759/1/8085 757/1/8085
f 2922/1/4001 758/1/4001 760/1/4001
f 2924/1/4002 901/1/4002 889/1/4003
f 2923/1/8086 890/1/8087 902/1/8088
f 2924/1/4007 2925/1/4007 895/1/4007
f 2925/1/8089 2924/1/8089 902/1/8089
f 2926/1/8090 891/1/8090 895/1/8090
f 2926/1/8091 2925/1/8091 896/1/8091
f 2923/1/8092 889/1/8093 891/1/8094
f 2926/1/4013 892/1/4013 890/1/4014
f 2928/1/8095 505/1/8095 503/1/8095
f 2927/1/8096 504/1/8096 506/1/8096
f 2928/1/8097 2929/1/8097 449/1/8097
f 2929/1/8098 2928/1/8098 506/1/8098
f 2929/1/4020 2930/1/4020 447/1/4020
f 2930/1/4021 2929/1/4021 450/1/4021
f 2927/1/4022 503/1/4022 447/1/4022
f 2927/1/8099 2930/1/8099 448/1/8099
f 2931/1/8100 2932/1/8100 899/1/8101
f 2932/1/4025 2931/1/4025 888/1/4025
f 2932/1/8102 2933/1/8102 877/1/8102
f 2932/1/4027 900/1/4027 878/1/4027
f 2934/1/4028 881/1/4028 877/1/4028
f 2933/1/4029 878/1/4029 882/1/4029
f 2931/1/4030 887/1/4030 881/1/4030
f 2934/1/8103 882/1/8103 888/1/8103
f 2935/1/4032 2936/1/4032 669/1/4032
f 2936/1/8104 2935/1/8104 646/1/8104
f 2937/1/8105 619/1/8106 669/1/8107
f 2936/1/8108 670/1/8108 620/1/8109
f 2938/1/8110 667/1/8110 619/1/4040
f 2937/1/8111 620/1/8112 668/1/8113
f 2938/1/8114 2935/1/8114 645/1/8114
f 2935/1/8115 2938/1/8115 668/1/8115
f 2939/1/4046 2940/1/4046 1021/1/4046
f 2940/1/4047 2939/1/4047 1048/1/4047
f 2941/1/8116 1003/1/8116 1021/1/8116
f 2941/1/4049 2940/1/4049 1022/1/4049
f 2942/1/8117 1041/1/8117 1003/1/8117
f 2941/1/4051 1004/1/4051 1042/1/4051
f 2942/1/8118 2939/1/8118 1047/1/8118
f 2939/1/8119 2942/1/8119 1042/1/8119
f 2944/1/8120 1221/1/8120 913/1/8120
f 2944/1/8121 2943/1/8121 914/1/8121
f 2945/1/8122 905/1/8122 1221/1/8122
f 2945/1/8123 2944/1/8123 1222/1/8123
f 2946/1/8124 921/1/8124 905/1/8124
f 2946/1/8125 2945/1/8125 906/1/8125
f 2946/1/8126 2943/1/8126 913/1/8126
f 2946/1/4061 922/1/4061 914/1/4061
f 2947/1/8127 2948/1/8127 1221/1/8127
f 2947/1/8128 906/1/8128 1222/1/8128
f 2948/1/8129 2949/1/8129 1223/1/8129
f 2948/1/8130 1222/1/8130 1224/1/8130
f 2950/1/4066 915/1/4066 1223/1/4066
f 2950/1/8131 2949/1/8131 1224/1/8131
f 2950/1/8132 2947/1/8132 905/1/8132
f 2950/1/8133 916/1/8133 906/1/8133
f 2951/1/4070 2952/1/4070 1115/1/4070
f 2952/1/4071 2951/1/4071 1102/1/4071
f 2952/1/8134 2953/1/8134 1113/1/8134
f 2953/1/8135 2952/1/8135 1116/1/8135
f 2954/1/8136 1109/1/8136 1113/1/8136
f 2953/1/4075 1114/1/4075 1110/1/4075
f 2954/1/8137 2951/1/8137 1101/1/8137
f 2954/1/8138 1110/1/8138 1102/1/8138
f 2955/1/4078 2956/1/4078 1003/1/4078
f 2956/1/8139 2955/1/8139 1024/1/8139
f 2957/1/8140 1021/1/8140 1003/1/8140
f 2956/1/4081 1004/1/4081 1022/1/4081
f 2958/1/8141 1051/1/8141 1021/1/8141
f 2957/1/8142 1022/1/8142 1052/1/8142
f 2958/1/4084 2955/1/4084 1023/1/4084
f 2958/1/4085 1052/1/4085 1024/1/4085
f 2959/1/8143 2960/1/8143 1113/1/8143
f 2960/1/4087 2959/1/4087 1110/1/4087
f 2961/1/8144 1107/1/8144 1113/1/8144
f 2961/1/4089 2960/1/4089 1114/1/4089
f 2962/1/8145 1111/1/8145 1107/1/8145
f 2961/1/8146 1108/1/8146 1112/1/8146
f 2962/1/8147 2959/1/4092 1109/1/4092
f 2962/1/8148 1112/1/8148 1110/1/8148
f 2964/1/8149 917/1/8149 967/1/8149
f 2964/1/8150 2963/1/8150 968/1/8150
f 2964/1/8151 2965/1/8151 907/1/8151
f 2964/1/8152 918/1/8152 908/1/8152
f 2966/1/4098 993/1/4098 907/1/4098
f 2966/1/8153 2965/1/8153 908/1/8153
f 2963/1/8154 967/1/8154 993/1/8154
f 2963/1/4101 2966/1/4101 994/1/4101
f 2968/1/4102 925/1/4102 909/1/4102
f 2968/1/8155 2967/1/8155 910/1/8155
f 2968/1/8156 2969/1/8156 1037/1/8156
f 2968/1/4105 926/1/4105 1038/1/4105
f 2970/1/8157 911/1/8157 1037/1/8157
f 2970/1/8158 2969/1/8158 1038/1/8158
f 2967/1/4108 909/1/4108 911/1/4108
f 2967/1/8159 2970/1/8159 912/1/8159
f 2972/1/4110 1225/1/4110 1315/1/4110
f 2972/1/8160 2971/1/8160 1316/1/8160
f 2972/1/8161 2973/1/8161 1039/1/8161
f 2972/1/8162 1226/1/8162 1040/1/8162
f 2974/1/8163 941/1/8163 1039/1/8163
f 2974/1/4115 2973/1/4115 1040/1/4115
f 2974/1/8164 2971/1/8164 1315/1/8164
f 2974/1/8165 942/1/8166 1316/1/8165
f 2976/1/8167 1001/1/8167 1187/1/8167
f 2975/1/4119 1188/1/4119 1002/1/4119
f 2976/1/8168 2977/1/8168 935/1/8168
f 2976/1/8169 1002/1/8169 936/1/8169
f 2978/1/8170 933/1/8170 935/1/8170
f 2978/1/4123 2977/1/4123 936/1/4123
f 2978/1/8171 2975/1/8171 1187/1/8171
f 2978/1/8172 934/1/8172 1188/1/8172
f 2979/1/8173 2980/1/8173 1127/1/8173
f 2979/1/8174 1122/1/8174 1128/1/8174
f 2980/1/4128 2981/1/4128 1193/1/4128
f 2981/1/4129 2980/1/4129 1128/1/4129
f 2982/1/8175 1123/1/8175 1193/1/8175
f 2981/1/8176 1194/1/8176 1124/1/8176
f 2982/1/4132 2979/1/4132 1121/1/4132
f 2982/1/4133 1124/1/4133 1122/1/4133
f 2984/1/4134 1267/1/4134 1005/1/4134
f 2983/1/8177 1006/1/8177 1268/1/8177
f 2984/1/4136 2985/1/4136 1265/1/4136
f 2985/1/4137 2984/1/4137 1268/1/4137
f 2985/1/4138 2986/1/4138 1007/1/4138
f 2986/1/8178 2985/1/8178 1266/1/8178
f 2983/1/4140 1005/1/4140 1007/1/4140
f 2983/1/4141 2986/1/4141 1008/1/4141
f 2987/1/4142 2988/1/4142 1335/1/4142
f 2987/1/8179 1340/1/8179 1336/1/8179
f 2988/1/4144 2989/1/4144 1331/1/4144
f 2989/1/4145 2988/1/4145 1336/1/4145
f 2989/1/8180 2990/1/8180 1169/1/8180
f 2989/1/4147 1332/1/4147 1170/1/4147
f 2987/1/4148 1339/1/4148 1169/1/4148
f 2990/1/8181 1170/1/8181 1340/1/8181
f 2991/1/4150 2992/1/4150 1119/1/4150
f 2992/1/4151 2991/1/4151 1118/1/4151
f 2993/1/8182 1101/1/8182 1119/1/8182
f 2992/1/8183 1120/1/8183 1102/1/8183
f 2993/1/4154 2994/1/4154 1109/1/4154
f 2994/1/4155 2993/1/4155 1102/1/4155
f 2994/1/8184 2991/1/8184 1117/1/8184
f 2991/1/8185 2994/1/8185 1110/1/8185
f 2995/1/4158 2996/1/4158 947/1/4158
f 2995/1/4159 946/1/4159 948/1/4159
f 2997/1/8186 1193/1/8186 947/1/8186
f 2996/1/8187 948/1/8187 1194/1/8187
f 2997/1/4162 2998/1/4162 1191/1/4162
f 2998/1/8188 2997/1/8188 1194/1/8188
f 2998/1/4164 2995/1/4164 945/1/4164
f 2995/1/8189 2998/1/8189 1192/1/8189
f 3000/1/4166 1019/1/4166 1271/1/4166
f 3000/1/4167 2999/1/4167 1272/1/4167
f 3000/1/8190 3001/1/8190 1017/1/8190
f 3000/1/4169 1020/1/4169 1018/1/4169
f 3002/1/8191 1261/1/8191 1017/1/8191
f 3002/1/4171 3001/1/4171 1018/1/4171
f 3002/1/8192 2999/1/8192 1271/1/8192
f 3002/1/8193 1262/1/8193 1272/1/8193
f 3004/1/8194 941/1/8194 1315/1/8194
f 3004/1/4175 3003/1/4175 1316/1/4175
f 3004/1/8195 3005/1/8195 1325/1/8195
f 3004/1/4177 942/1/4177 1326/1/4177
f 3006/1/8196 931/1/8196 1325/1/8196
f 3006/1/4180 3005/1/4180 1326/1/4180
f 3006/1/8197 3003/1/8197 1315/1/8197
f 3006/1/4182 932/1/4182 1316/1/4182
f 3007/1/8198 3008/1/8198 987/1/8198
f 3008/1/8199 3007/1/8199 952/1/8199
f 3009/1/8200 949/1/8200 987/1/8200
f 3008/1/4186 988/1/4186 950/1/4186
f 3010/1/8201 953/1/8201 949/1/8201
f 3009/1/4188 950/1/4188 954/1/4188
f 3010/1/4189 3007/1/4189 951/1/4189
f 3007/1/8202 3010/1/8202 954/1/8202
f 3012/1/8203 1259/1/8203 1257/1/8203
f 3011/1/8204 1258/1/8204 1260/1/8204
f 3013/1/4193 1195/1/4193 1259/1/4193
f 3012/1/8205 1260/1/8205 1196/1/8205
f 3014/1/8206 1183/1/8206 1195/1/8206
f 3013/1/8207 1196/1/8207 1184/1/8207
f 3011/1/4197 1257/1/4197 1183/1/4197
f 3014/1/4198 1184/1/4198 1258/1/4198
f 3015/1/8208 3016/1/8208 1077/1/8208
f 3016/1/4200 3015/1/4200 1072/1/4200
f 3017/1/4201 1081/1/4201 1077/1/4201
f 3017/1/4202 3016/1/4202 1078/1/4202
f 3018/1/4203 1161/1/4203 1081/1/4203
f 3018/1/4205 3017/1/4205 1082/1/4205
f 3018/1/8209 3019/1/8209 1075/1/8209
f 3018/1/8210 1162/1/8210 1076/1/8210
f 3020/1/8211 1067/1/8211 1075/1/8211
f 3020/1/4209 3019/1/4209 1076/1/4209
f 3020/1/8212 3021/1/8212 1069/1/8212
f 3020/1/4211 1068/1/4211 1070/1/4211
f 3022/1/4212 1165/1/4212 1069/1/4212
f 3021/1/8213 1070/1/8213 1166/1/8213
f 3023/1/8214 1079/1/8214 1165/1/8214
f 3023/1/8215 3022/1/8215 1166/1/8215
f 3023/1/8216 3024/1/8216 1083/1/8216
f 3023/1/4217 1080/1/4217 1084/1/4217
f 3024/1/4218 3025/1/4218 1073/1/4218
f 3024/1/4219 1084/1/4219 1074/1/4219
f 3026/1/8217 1085/1/8217 1073/1/8217
f 3026/1/4221 3025/1/4221 1074/1/4221
f 3026/1/8218 3015/1/8218 1071/1/8218
f 3015/1/8219 3026/1/8219 1086/1/8219
f 3027/1/8220 3028/1/8220 979/1/8220
f 3027/1/8221 928/1/8221 980/1/8221
f 3028/1/8222 3029/1/8222 955/1/8222
f 3028/1/8223 980/1/8223 956/1/8223
f 3030/1/8224 957/1/8224 955/1/8225
f 3030/1/8226 3029/1/8226 956/1/8226
f 3030/1/4231 3027/1/4231 927/1/4231
f 3030/1/4232 958/1/4232 928/1/4232
f 3031/1/4233 3032/1/4233 965/1/4233
f 3032/1/4234 3031/1/4234 964/1/4234
f 3032/1/8227 3033/1/8227 1215/1/8227
f 3032/1/8228 966/1/8228 1216/1/8228
f 3034/1/8229 1211/1/8230 1215/1/8230
f 3034/1/8231 3033/1/8231 1216/1/8231
f 3034/1/8232 3031/1/8232 963/1/8232
f 3034/1/8233 1212/1/8233 964/1/8233
f 3036/1/4242 1035/1/4242 1217/1/4242
f 3036/1/8234 3035/1/8234 1218/1/8234
f 3036/1/8235 3037/1/8235 1297/1/8235
f 3036/1/4246 1036/1/4246 1298/1/4246
f 3038/1/4247 1295/1/4247 1297/1/4247
f 3038/1/4248 3037/1/4248 1298/1/4248
f 3038/1/4249 3035/1/4249 1217/1/4249
f 3038/1/8236 1296/1/8237 1218/1/8236
f 3039/1/8238 3040/1/8238 1339/1/8238
f 3039/1/4252 1164/1/4252 1340/1/4252
f 3041/1/8239 1169/1/8239 1339/1/8239
f 3040/1/8240 1340/1/8240 1170/1/8240
f 3042/1/8241 1177/1/8241 1169/1/8241
f 3041/1/4256 1170/1/4256 1178/1/4256
f 3039/1/8242 1163/1/8242 1177/1/8242
f 3042/1/8243 1178/1/8243 1164/1/8243
f 3043/1/8244 3044/1/8245 971/1/4260
f 3043/1/8246 970/1/8247 972/1/8248
f 3045/1/8249 973/1/8250 971/1/4266
f 3045/1/8251 3044/1/8252 972/1/8253
f 3043/1/8254 969/1/8255 973/1/8256
f 3043/1/8257 3045/1/8258 974/1/8259
f 3046/1/8260 3047/1/8261 969/1/8262
f 3046/1/4280 972/1/8263 970/1/4281
f 3047/1/8264 3048/1/8265 975/1/8266
f 3047/1/4286 970/1/8267 976/1/4287
f 3046/1/4289 971/1/8268 975/1/4290
f 3046/1/4292 3048/1/8269 976/1/8270
f 3050/1/4295 977/1/8271 927/1/4296
f 3050/1/8272 3049/1/8273 928/1/8274
f 3050/1/8275 3051/1/8276 979/1/4302
f 3050/1/8277 978/1/8278 980/1/4305
f 3049/1/8279 927/1/8280 979/1/4308
f 3049/1/8281 3051/1/8282 980/1/8283
f 3052/1/4313 3053/1/8284 981/1/8285
f 3052/1/4316 928/1/8286 982/1/8287
f 3053/1/8288 3054/1/8289 977/1/8290
f 3053/1/8291 982/1/8292 978/1/4323
f 3052/1/8293 927/1/8294 977/1/8295
f 3052/1/8296 3054/1/8297 978/1/8298
f 3055/1/4331 3056/1/4331 989/1/4331
f 3055/1/4332 950/1/4332 990/1/4332
f 3057/1/4333 1239/1/4333 989/1/4333
f 3057/1/4334 3056/1/4334 990/1/4334
f 3058/1/8299 953/1/8299 1239/1/8299
f 3058/1/8300 3057/1/8300 1240/1/8300
f 3055/1/8301 949/1/8301 953/1/8301
f 3055/1/4339 3058/1/4339 954/1/4339
f 3060/1/8302 923/1/8302 999/1/8302
f 3060/1/4341 3059/1/4341 1000/1/4341
f 3061/1/4342 919/1/4342 923/1/4342
f 3061/1/8303 3060/1/8303 924/1/8303
f 3062/1/8304 997/1/8304 919/1/8304
f 3062/1/8305 3061/1/8305 920/1/8305
f 3062/1/8306 3059/1/8306 999/1/8306
f 3062/1/8307 998/1/8307 1000/1/8307
f 3063/1/4349 3064/1/4349 1175/1/4349
f 3063/1/8308 1342/1/8308 1176/1/8308
f 3065/1/8309 1337/1/8309 1175/1/8309
f 3065/1/4352 3064/1/4352 1176/1/4352
f 3065/1/4353 3066/1/4353 1167/1/4353
f 3066/1/4354 3065/1/4354 1338/1/4354
f 3066/1/4355 3063/1/4355 1341/1/4355
f 3063/1/8310 3066/1/8310 1168/1/8310
f 3067/1/4357 3068/1/8311 1305/1/4358
f 3067/1/4359 1308/1/4359 1306/1/8312
f 3069/1/8313 1243/1/8314 1305/1/8315
f 3069/1/8316 3068/1/8317 1306/1/4366
f 3069/1/8318 3070/1/8319 1285/1/8320
f 3069/1/8321 1244/1/8322 1286/1/8323
f 3070/1/8324 3067/1/8325 1307/1/8325
f 3070/1/4377 1286/1/8326 1308/1/4378
f 3072/1/4379 995/1/4379 1213/1/4379
f 3072/1/4380 3071/1/4380 1214/1/4380
f 3072/1/8327 3073/1/8327 967/1/8327
f 3072/1/8328 996/1/8328 968/1/8328
f 3073/1/8329 3074/1/8329 993/1/8329
f 3073/1/4384 968/1/4384 994/1/4384
f 3074/1/8330 3071/1/8330 1213/1/8330
f 3074/1/4386 994/1/4386 1214/1/4386
f 3076/1/8331 1277/1/8331 945/1/8331
f 3075/1/8332 946/1/8332 1278/1/8332
f 3077/1/4389 1275/1/4389 1277/1/4389
f 3076/1/4390 1278/1/4390 1276/1/4390
f 3077/1/4391 3078/1/4391 1189/1/4391
f 3078/1/8333 3077/1/8333 1276/1/8333
f 3075/1/4393 945/1/4393 1189/1/4393
f 3078/1/4394 1190/1/4394 946/1/4394
f 3080/1/4395 1271/1/4395 1019/1/4395
f 3079/1/4396 1020/1/4396 1272/1/4396
f 3081/1/8334 1009/1/8334 1271/1/8334
f 3080/1/4398 1272/1/4398 1010/1/4398
f 3081/1/4399 3082/1/4399 1011/1/4399
f 3082/1/8335 3081/1/8335 1010/1/8335
f 3082/1/4402 3079/1/4402 1019/1/4402
f 3082/1/4403 1012/1/4403 1020/1/4403
f 3083/1/8336 3084/1/8336 1235/1/8336
f 3083/1/4405 1008/1/4405 1236/1/4405
f 3084/1/4406 3085/1/4406 959/1/4406
f 3084/1/8337 1236/1/8337 960/1/8337
f 3086/1/8338 991/1/8338 959/1/8338
f 3086/1/8339 3085/1/8339 960/1/8339
f 3086/1/8340 3083/1/8340 1007/1/8340
f 3086/1/4411 992/1/4411 1008/1/4411
f 3088/1/4412 965/1/4412 1215/1/4412
f 3088/1/4413 3087/1/4413 1216/1/4413
f 3089/1/8341 1253/1/8341 965/1/8341
f 3088/1/8342 966/1/8342 1254/1/8342
f 3089/1/8343 3090/1/8343 1247/1/8343
f 3089/1/8344 1254/1/8345 1248/1/8344
f 3087/1/8346 1215/1/8346 1247/1/8346
f 3087/1/8347 3090/1/8347 1248/1/8347
f 3091/1/4420 3092/1/4420 997/1/4420
f 3091/1/4421 996/1/4421 998/1/4421
f 3093/1/8348 919/1/8348 997/1/8348
f 3092/1/8349 998/1/8349 920/1/4423
f 3093/1/8350 3094/1/8351 967/1/8352
f 3093/1/8353 920/1/8353 968/1/8354
f 3094/1/8355 3091/1/8356 995/1/8356
f 3091/1/4432 3094/1/8357 968/1/4433
f 3095/1/4434 3096/1/4434 1219/1/4434
f 3096/1/4435 3095/1/4435 1322/1/4435
f 3097/1/4436 1317/1/4436 1219/1/4436
f 3097/1/8358 3096/1/8358 1220/1/8358
f 3098/1/8359 1319/1/8359 1317/1/8359
f 3097/1/8360 1318/1/8360 1320/1/8360
f 3098/1/8361 3095/1/8361 1321/1/8361
f 3098/1/4441 1320/1/4441 1322/1/4441
f 3100/1/8362 1015/1/8362 1009/1/8362
f 3100/1/8363 3099/1/8363 1010/1/8363
f 3100/1/8364 3101/1/8364 1013/1/8364
f 3100/1/8365 1016/1/8365 1014/1/8365
f 3102/1/8366 1011/1/8366 1013/1/8366
f 3102/1/4447 3101/1/4447 1014/1/4447
f 3102/1/8367 3099/1/8367 1009/1/8367
f 3102/1/8368 1012/1/8368 1010/1/8368
f 3104/1/8369 927/1/8369 969/1/8369
f 3104/1/8370 3103/1/8370 970/1/8370
f 3104/1/8371 3105/1/8371 957/1/8371
f 3105/1/8372 3104/1/8372 928/1/8372
f 3105/1/4454 3106/1/4454 991/1/4454
f 3106/1/8373 3105/1/8373 958/1/8373
f 3103/1/8374 969/1/8374 991/1/8374
f 3106/1/8375 992/1/8375 970/1/8375
f 3108/1/8376 1297/1/8376 995/1/8376
f 3107/1/8377 996/1/8377 1298/1/8377
f 3108/1/8378 3109/1/8378 1029/1/8378
f 3109/1/8379 3108/1/8379 1298/1/8379
f 3109/1/4462 3110/1/4462 997/1/4462
f 3110/1/8380 3109/1/8380 1030/1/8380
f 3107/1/4464 995/1/4464 997/1/4464
f 3110/1/4465 998/1/4465 996/1/4465
f 3112/1/4466 939/1/4466 963/1/4466
f 3112/1/4467 3111/1/4467 964/1/4467
f 3112/1/4468 3113/1/4468 937/1/4468
f 3113/1/8381 3112/1/8381 940/1/8381
f 3114/1/8382 965/1/8382 937/1/8382
f 3113/1/4471 938/1/4471 966/1/4471
f 3111/1/8383 963/1/8383 965/1/8383
f 3114/1/8384 966/1/8384 964/1/8384
f 3115/1/4474 3116/1/4474 1039/1/4474
f 3115/1/8385 1026/1/8385 1040/1/8385
f 3116/1/4476 3117/1/4476 1225/1/4476
f 3116/1/8386 1040/1/8386 1226/1/8386
f 3118/1/4478 1313/1/4478 1225/1/4478
f 3118/1/8387 3117/1/8387 1226/1/8387
f 3118/1/8388 3115/1/8388 1025/1/8388
f 3118/1/8389 1314/1/8389 1026/1/8389
f 3120/1/8390 1033/1/8391 1229/1/4483
f 3120/1/8392 3119/1/4485 1230/1/4485
f 3120/1/8393 3121/1/8394 1029/1/8394
f 3120/1/8395 1034/1/8396 1030/1/8397
f 3122/1/8398 1031/1/8399 1029/1/8400
f 3122/1/4494 3121/1/4495 1030/1/4495
f 3122/1/8401 3119/1/8402 1229/1/8403
f 3122/1/8404 1032/1/8405 1230/1/8406
f 3123/1/8407 3124/1/8407 995/1/8407
f 3124/1/4503 3123/1/4503 1298/1/4503
f 3124/1/8408 3125/1/8408 1213/1/8408
f 3124/1/8409 996/1/8409 1214/1/8409
f 3126/1/4506 1295/1/4506 1213/1/4506
f 3126/1/8410 3125/1/8410 1214/1/8410
f 3126/1/8411 3123/1/8411 1297/1/8411
f 3126/1/8412 1296/1/8412 1298/1/8412
f 3128/1/8413 925/1/8413 1037/1/8414
f 3128/1/4513 3127/1/8415 1038/1/8416
f 3129/1/8417 1027/1/8417 925/1/8417
f 3128/1/8418 926/1/8418 1028/1/8418
f 3129/1/8419 3130/1/8419 1309/1/8419
f 3129/1/8420 1028/1/8420 1310/1/8420
f 3130/1/8421 3127/1/8422 1037/1/8423
f 3127/1/8424 3130/1/8425 1310/1/8425
f 3131/1/4524 3132/1/4524 1049/1/4524
f 3131/1/8426 1048/1/8426 1050/1/8426
f 3132/1/4526 3133/1/4526 1199/1/4526
f 3132/1/8427 1050/1/8427 1200/1/8427
f 3134/1/8428 1021/1/8428 1199/1/8428
f 3134/1/4529 3133/1/4529 1200/1/4529
f 3131/1/4530 1047/1/4530 1021/1/4530
f 3134/1/4531 1022/1/4531 1048/1/4531
f 3136/1/4532 1203/1/8429 1199/1/8430
f 3135/1/8431 1200/1/8432 1204/1/8433
f 3137/1/4538 1051/1/8434 1203/1/4539
f 3137/1/4541 3136/1/8435 1204/1/4542
f 3137/1/8436 3138/1/8437 1021/1/8438
f 3138/1/4547 3137/1/8439 1052/1/8440
f 3138/1/8441 3135/1/8442 1199/1/8443
f 3138/1/8444 1022/1/8445 1200/1/4554
f 3139/1/4556 3140/1/4556 951/1/4556
f 3139/1/8446 988/1/8447 952/1/8447
f 3140/1/4558 3141/1/4558 983/1/4558
f 3140/1/4559 952/1/4559 984/1/4559
f 3141/1/4560 3142/1/4560 985/1/4560
f 3141/1/4561 984/1/4561 986/1/4561
f 3139/1/8448 987/1/8448 985/1/8448
f 3139/1/4564 3142/1/4564 986/1/4564
f 3144/1/4565 1111/1/4565 1205/1/4565
f 3144/1/8449 3143/1/8449 1206/1/8449
f 3145/1/4567 1043/1/4567 1111/1/4567
f 3145/1/8450 3144/1/8450 1112/1/8450
f 3146/1/4569 1045/1/4569 1043/1/4569
f 3145/1/8451 1044/1/8451 1046/1/8451
f 3146/1/4571 3143/1/4571 1205/1/4571
f 3146/1/8452 1046/1/4572 1206/1/8452
f 3148/1/8453 1325/1/8453 929/1/8453
f 3147/1/4574 930/1/4574 1326/1/4574
f 3149/1/8454 1327/1/8454 1325/1/8454
f 3148/1/8455 1326/1/8455 1328/1/8455
f 3150/1/4577 1343/1/4577 1327/1/4577
f 3149/1/4578 1328/1/4578 1344/1/4578
f 3150/1/8456 3147/1/8456 929/1/8456
f 3147/1/8457 3150/1/8457 1344/1/8457
f 3152/1/4581 1173/1/4581 1063/1/4581
f 3152/1/4582 3151/1/4582 1064/1/4582
f 3152/1/8458 3153/1/8458 1065/1/8458
f 3152/1/8459 1174/1/8459 1066/1/8459
f 3153/1/8460 3154/1/8460 1095/1/8460
f 3154/1/4587 3153/1/4587 1066/1/4587
f 3151/1/4588 1063/1/4588 1095/1/4588
f 3151/1/8461 3154/1/8461 1096/1/8461
f 3156/1/4590 1099/1/4590 1055/1/4590
f 3156/1/4591 3155/1/4591 1056/1/4591
f 3156/1/4592 3157/1/4592 1091/1/4592
f 3156/1/4593 1100/1/4593 1092/1/4593
f 3158/1/4594 1065/1/4594 1091/1/4594
f 3158/1/8462 3157/1/8462 1092/1/8462
f 3159/1/8463 1173/1/8463 1065/1/8463
f 3159/1/4597 3158/1/4597 1066/1/4597
f 3159/1/4598 3160/1/4598 1061/1/4598
f 3159/1/4599 1174/1/4599 1062/1/4599
f 3160/1/4600 3161/1/4600 1179/1/4600
f 3160/1/4601 1062/1/4601 1180/1/4601
f 3161/1/8464 3162/1/8464 1053/1/8464
f 3161/1/8465 1180/1/8465 1054/1/8465
f 3162/1/4604 3163/1/4604 1059/1/4604
f 3162/1/4605 1054/1/4605 1060/1/4605
f 3164/1/4606 1063/1/4606 1059/1/4606
f 3164/1/4607 3163/1/4607 1060/1/4607
f 3164/1/4608 3165/1/4608 1095/1/4608
f 3164/1/8466 1064/1/8466 1096/1/8466
f 3165/1/4610 3166/1/4610 1057/1/4610
f 3165/1/4611 1096/1/8467 1058/1/4611
f 3166/1/8468 3155/1/8468 1055/1/8468
f 3155/1/8469 3166/1/8469 1058/1/8469
f 3167/1/4614 3168/1/4614 1081/1/4614
f 3167/1/4615 1162/1/4615 1082/1/4615
f 3169/1/8470 1083/1/8470 1081/1/8470
f 3168/1/8471 1082/1/8471 1084/1/8471
f 3170/1/4618 1079/1/4618 1083/1/4618
f 3170/1/4619 3169/1/4619 1084/1/4619
f 3167/1/4620 1161/1/4620 1079/1/4620
f 3167/1/4621 3170/1/4621 1080/1/4621
f 3172/1/8472 1287/1/8473 1269/1/8474
f 3172/1/4624 3171/1/4625 1270/1/4625
f 3173/1/8475 1303/1/8475 1287/1/4628
f 3173/1/8476 3172/1/8477 1288/1/8478
f 3174/1/4632 1263/1/4632 1303/1/4632
f 3174/1/8479 3173/1/8479 1304/1/8479
f 3174/1/4635 3171/1/4635 1269/1/4635
f 3174/1/8480 1264/1/8480 1270/1/8480
f 3175/1/8481 3176/1/8481 1149/1/8481
f 3176/1/4638 3175/1/4638 1094/1/4638
f 3177/1/8482 1095/1/8482 1149/1/8482
f 3177/1/4640 3176/1/4640 1150/1/4640
f 3177/1/8483 3178/1/8484 1065/1/8485
f 3177/1/8486 1096/1/8486 1066/1/8486
f 3178/1/4645 3175/1/4646 1093/1/4646
f 3178/1/8487 1066/1/8488 1094/1/8489
f 3180/1/4650 1083/1/4650 1157/1/4650
f 3180/1/8490 3179/1/8490 1158/1/8490
f 3180/1/4652 3181/1/4652 1081/1/4652
f 3181/1/4653 3180/1/4653 1084/1/4653
f 3181/1/8491 3182/1/8491 1159/1/8491
f 3181/1/8492 1082/1/8492 1160/1/8492
f 3182/1/4656 3179/1/4656 1157/1/4656
f 3182/1/8493 1160/1/8493 1158/1/8493
f 3184/1/8494 1065/1/8495 1093/1/4659
f 3184/1/4660 3183/1/8496 1094/1/8496
f 3184/1/4663 3185/1/4664 1091/1/4664
f 3184/1/8497 1066/1/8498 1092/1/8499
f 3185/1/8500 3186/1/8500 1097/1/8500
f 3185/1/8501 1092/1/8501 1098/1/8501
f 3186/1/4670 3183/1/4670 1093/1/4670
f 3183/1/4671 3186/1/4671 1098/1/4671
f 3187/1/8502 3188/1/8502 1089/1/8502
f 3188/1/8503 3187/1/8503 1158/1/8503
f 3189/1/8504 1073/1/8504 1089/1/8504
f 3189/1/4675 3188/1/4675 1090/1/4675
f 3190/1/8505 1083/1/8505 1073/1/8505
f 3190/1/8506 3189/1/8506 1074/1/8506
f 3190/1/4678 3187/1/4678 1157/1/4678
f 3190/1/4679 1084/1/4679 1158/1/4679
f 3192/1/8507 1055/1/8507 1099/1/8507
f 3192/1/4681 3191/1/4681 1100/1/4681
f 3192/1/4682 3193/1/4682 1147/1/4682
f 3192/1/4683 1056/1/4683 1148/1/4683
f 3194/1/4684 1145/1/4684 1147/1/4684
f 3193/1/4685 1148/1/4685 1146/1/4685
f 3191/1/8508 1099/1/8508 1145/1/8508
f 3191/1/8509 3194/1/8509 1146/1/8509
f 3196/1/4688 1233/1/4688 955/1/4688
f 3196/1/8510 3195/1/8510 956/1/8510
f 3197/1/4690 1005/1/4690 1233/1/4690
f 3197/1/4691 3196/1/4691 1234/1/4691
f 3198/1/8511 957/1/8511 1005/1/8511
f 3198/1/4693 3197/1/4693 1006/1/4693
f 3198/1/8512 3195/1/8513 955/1/8513
f 3198/1/4695 958/1/4695 956/1/4695
f 3199/1/8514 3200/1/8514 1087/1/8514
f 3199/1/8515 1086/1/8515 1088/1/8515
f 3201/1/4698 1153/1/4698 1087/1/4698
f 3200/1/4699 1088/1/4699 1154/1/4699
f 3202/1/8516 1071/1/8516 1153/1/8516
f 3202/1/8517 3201/1/8517 1154/1/8517
f 3199/1/4702 1085/1/4702 1071/1/4702
f 3199/1/4703 3202/1/4703 1072/1/4703
f 3204/1/4704 1073/1/4704 1085/1/4704
f 3204/1/4705 3203/1/4705 1086/1/4705
f 3204/1/8518 3205/1/8518 1089/1/8518
f 3204/1/4707 1074/1/4707 1090/1/4707
f 3206/1/4708 1087/1/4708 1089/1/4708
f 3205/1/4709 1090/1/4709 1088/1/4709
f 3203/1/4710 1085/1/4710 1087/1/4710
f 3203/1/8519 3206/1/8519 1088/1/8519
f 3208/1/4712 1159/1/4712 1155/1/4712
f 3207/1/8520 1156/1/8520 1160/1/8520
f 3209/1/8521 1081/1/8521 1159/1/8521
f 3209/1/4715 3208/1/4715 1160/1/4715
f 3209/1/4716 3210/1/4716 1077/1/4716
f 3209/1/8522 1082/1/8522 1078/1/8522
f 3210/1/4718 3207/1/4718 1155/1/4718
f 3210/1/4719 1078/1/4719 1156/1/4719
f 3211/1/4720 3212/1/4720 1099/1/4720
f 3212/1/4721 3211/1/4721 1092/1/4721
f 3212/1/4722 3213/1/4722 1145/1/4722
f 3212/1/8523 1100/1/8523 1146/1/8523
f 3214/1/4724 1097/1/4724 1145/1/4724
f 3213/1/4725 1146/1/4725 1098/1/4725
f 3211/1/8524 1091/1/8524 1097/1/8524
f 3211/1/8525 3214/1/8525 1098/1/8525
f 3216/1/4728 1071/1/4728 1077/1/4728
f 3216/1/8526 3215/1/8526 1078/1/8526
f 3216/1/8527 3217/1/8527 1153/1/8527
f 3216/1/8528 1072/1/8528 1154/1/8528
f 3217/1/8529 3218/1/8529 1155/1/8529
f 3217/1/8530 1154/1/8530 1156/1/8530
f 3215/1/8531 1077/1/8531 1155/1/8531
f 3215/1/8532 3218/1/8532 1156/1/8532
f 3219/1/8533 3220/1/8533 1151/1/8533
f 3219/1/4738 1150/1/4738 1152/1/4738
f 3221/1/4739 1057/1/4739 1151/1/4739
f 3221/1/8534 3220/1/8534 1152/1/8534
f 3222/1/4741 1095/1/4741 1057/1/4741
f 3222/1/4742 3221/1/4742 1058/1/4742
f 3222/1/8535 3219/1/8535 1149/1/8535
f 3222/1/4744 1096/1/4744 1150/1/4744
f 3223/1/8536 3224/1/8536 1003/1/8536
f 3224/1/4746 3223/1/4746 1042/1/4746
f 3224/1/8537 3225/1/8537 1043/1/8537
f 3224/1/8538 1004/1/8538 1044/1/8538
f 3226/1/8539 1207/1/8539 1043/1/8539
f 3226/1/4750 3225/1/4750 1044/1/4750
f 3223/1/4751 1041/1/4751 1207/1/4751
f 3223/1/8540 3226/1/8540 1208/1/8540
f 3228/1/8541 1117/1/8542 1205/1/4754
f 3228/1/8543 3227/1/8544 1206/1/8545
f 3228/1/8546 3229/1/4760 1109/1/4760
f 3228/1/8547 1118/1/8548 1110/1/4763
f 3230/1/8549 1111/1/8550 1109/1/8551
f 3230/1/8552 3229/1/8553 1110/1/8553
f 3230/1/8554 3227/1/8555 1205/1/8556
f 3230/1/8557 1112/1/8558 1206/1/8559
f 3231/1/4775 3232/1/4775 1115/1/4775
f 3231/1/8560 1202/1/8560 1116/1/8560
f 3233/1/8561 1101/1/8561 1115/1/8561
f 3232/1/8562 1116/1/8562 1102/1/8562
f 3234/1/4779 1103/1/4779 1101/1/4779
f 3234/1/4780 3233/1/4780 1102/1/4780
f 3234/1/8563 3231/1/8563 1201/1/8563
f 3231/1/4782 3234/1/4782 1104/1/4782
f 3235/1/8564 3236/1/4784 1045/1/4784
f 3235/1/4786 1024/1/8565 1046/1/4787
f 3236/1/8566 3237/1/8566 1043/1/8566
f 3237/1/8567 3236/1/8567 1046/1/8567
f 3238/1/8568 1003/1/8568 1043/1/8568
f 3238/1/8569 3237/1/8569 1044/1/8569
f 3235/1/8570 1023/1/8571 1003/1/8572
f 3238/1/4794 1004/1/4794 1024/1/4795
f 3240/1/8573 1255/1/8573 937/1/8573
f 3239/1/8574 938/1/8574 1256/1/8574
f 3241/1/8575 1253/1/8575 1255/1/8575
f 3240/1/4800 1256/1/4800 1254/1/4800
f 3241/1/8576 3242/1/8576 965/1/8576
f 3242/1/4802 3241/1/4802 1254/1/4802
f 3242/1/4803 3239/1/4803 937/1/4803
f 3239/1/4804 3242/1/4804 966/1/4804
f 3243/1/8577 3244/1/8577 925/1/8577
f 3244/1/4806 3243/1/4806 1028/1/4806
f 3244/1/8578 3245/1/8578 915/1/8578
f 3245/1/8579 3244/1/8579 926/1/8579
f 3246/1/4809 1025/1/4809 915/1/4809
f 3245/1/8580 916/1/8580 1026/1/8580
f 3243/1/8581 1027/1/8581 1025/1/8581
f 3243/1/4812 3246/1/4812 1026/1/4812
f 3247/1/4813 3248/1/4813 1331/1/4813
f 3247/1/8582 1172/1/8582 1332/1/8582
f 3249/1/8583 1335/1/8583 1331/1/8583
f 3249/1/4816 3248/1/4816 1332/1/4816
f 3249/1/4817 3250/1/4817 1333/1/4817
f 3249/1/4818 1336/1/4818 1334/1/4818
f 3247/1/4819 1171/1/4819 1333/1/4819
f 3247/1/4820 3250/1/4820 1334/1/4820
f 3252/1/8584 1121/1/8584 1197/1/8584
f 3252/1/4822 3251/1/8585 1198/1/4822
f 3252/1/5685 3253/1/5685 1123/1/5685
f 3252/1/8586 1122/1/8586 1124/1/8586
f 3253/1/8587 3251/1/8587 1197/1/8587
f 3253/1/8588 1124/1/8588 1198/1/8588
f 3255/1/8589 1197/1/8589 1121/1/8589
f 3255/1/4828 3254/1/4828 1122/1/4828
f 3255/1/8590 3256/1/8590 1125/1/8590
f 3255/1/8591 1198/1/8591 1126/1/8591
f 3254/1/4831 1121/1/4831 1125/1/4831
f 3254/1/4832 3256/1/4832 1126/1/4832
f 3258/1/4833 1127/1/4833 1193/1/4833
f 3258/1/4834 3257/1/4834 1194/1/4834
f 3258/1/8592 3259/1/8592 1191/1/8592
f 3258/1/4836 1128/1/4836 1192/1/4836
f 3257/1/4837 1193/1/4837 1191/1/4837
f 3257/1/4838 3259/1/4838 1192/1/4838
f 3260/1/8593 3261/1/8593 1127/1/8593
f 3260/1/8594 1192/1/8594 1128/1/8594
f 3261/1/8595 3262/1/8595 1129/1/8595
f 3261/1/8596 1128/1/8596 1130/1/8596
f 3260/1/8597 1191/1/8597 1129/1/8597
f 3260/1/8598 3262/1/8598 1130/1/8598
f 3264/1/8599 1133/1/8599 1131/1/8599
f 3264/1/8600 3263/1/8600 1132/1/8600
f 3264/1/4847 3265/1/4847 1135/1/4847
f 3264/1/4848 1134/1/4848 1136/1/4848
f 3263/1/8601 1131/1/8601 1135/1/8601
f 3263/1/4850 3265/1/4850 1136/1/4850
f 3267/1/8602 1131/1/8602 1133/1/8602
f 3267/1/8603 3266/1/8603 1134/1/8603
f 3267/1/8604 3268/1/8604 1137/1/8604
f 3267/1/8605 1132/1/8605 1138/1/8605
f 3268/1/8606 3266/1/8606 1133/1/8606
f 3268/1/4854 1138/1/4854 1134/1/4854
f 3270/1/8607 1029/1/8607 1031/1/8607
f 3269/1/8608 1032/1/8608 1030/1/8608
f 3271/1/8609 1297/1/8609 1029/1/8609
f 3271/1/4858 3270/1/4858 1030/1/4858
f 3271/1/8610 3272/1/8610 1035/1/8610
f 3272/1/8611 3271/1/8611 1298/1/8611
f 3272/1/8612 3269/1/8612 1031/1/8612
f 3269/1/8613 3272/1/8613 1036/1/8613
f 3274/1/4129 1139/1/4129 1141/1/4129
f 3274/1/4128 3273/1/4128 1142/1/4128
f 3274/1/8614 3275/1/8614 1185/1/8614
f 3274/1/8615 1140/1/8615 1186/1/8615
f 3273/1/8616 1141/1/8616 1185/1/8616
f 3273/1/8617 3275/1/8617 1186/1/8617
f 3276/1/8618 3277/1/8618 1139/1/8618
f 3276/1/4869 1186/1/4869 1140/1/4869
f 3277/1/4870 3278/1/4870 1143/1/4870
f 3277/1/4871 1140/1/4871 1144/1/4871
f 3276/1/8619 1185/1/8619 1143/1/8619
f 3276/1/8620 3278/1/8620 1144/1/8620
f 3280/1/8621 1159/1/8621 1157/1/8621
f 3279/1/8622 1158/1/8622 1160/1/8622
f 3281/1/4876 1155/1/4876 1159/1/4876
f 3281/1/8623 3280/1/8623 1160/1/8623
f 3282/1/8624 1153/1/8624 1155/1/8624
f 3282/1/4879 3281/1/4879 1156/1/4879
f 3282/1/4880 3283/1/4880 1087/1/4880
f 3283/1/4881 3282/1/4881 1154/1/4881
f 3283/1/4882 3284/1/4882 1089/1/4882
f 3284/1/4883 3283/1/4883 1088/1/4883
f 3279/1/4884 1157/1/4884 1089/1/4884
f 3284/1/4885 1090/1/4885 1158/1/4885
f 3286/1/8625 1093/1/8625 1149/1/8625
f 3286/1/8626 3285/1/8626 1150/1/8626
f 3286/1/8627 3287/1/8627 1097/1/8627
f 3286/1/8628 1094/1/8628 1098/1/8628
f 3287/1/4890 3288/1/4890 1145/1/4890
f 3287/1/8629 1098/1/8629 1146/1/8629
f 3288/1/8630 3289/1/8630 1147/1/8630
f 3289/1/4893 3288/1/4893 1146/1/4893
f 3289/1/8631 3290/1/8631 1151/1/8631
f 3290/1/4895 3289/1/4895 1148/1/4895
f 3285/1/4896 1149/1/4896 1151/1/4896
f 3290/1/8632 1152/1/8632 1150/1/8632
f 3292/1/8633 1181/1/8633 1273/1/8633
f 3291/1/4899 1274/1/4899 1182/1/4899
f 3293/1/4900 1275/1/4900 1181/1/4900
f 3292/1/4901 1182/1/4901 1276/1/4901
f 3293/1/8634 3294/1/8634 1277/1/8634
f 3294/1/8635 3293/1/8635 1276/1/8635
f 3294/1/8636 3291/1/8636 1273/1/8636
f 3291/1/8637 3294/1/8637 1278/1/8637
f 3295/1/4906 3296/1/4906 1069/1/4906
f 3295/1/8638 1338/1/8638 1070/1/8638
f 3297/1/4908 1067/1/4908 1069/1/4908
f 3296/1/4909 1070/1/4909 1068/1/4909
f 3298/1/4910 1167/1/4910 1067/1/4910
f 3298/1/8639 3297/1/8639 1068/1/8639
f 3295/1/4912 1337/1/4912 1167/1/4912
f 3298/1/4913 1168/1/4913 1338/1/4913
f 3300/1/4914 1341/1/4914 1175/1/4914
f 3300/1/4915 3299/1/4915 1176/1/4915
f 3300/1/4916 3301/1/4916 1179/1/4916
f 3300/1/4917 1342/1/4917 1180/1/4917
f 3302/1/4918 1061/1/4918 1179/1/4918
f 3302/1/4919 3301/1/4919 1180/1/4919
f 3299/1/4920 1175/1/4920 1061/1/4920
f 3299/1/8640 3302/1/8640 1062/1/8640
f 3304/1/8641 1341/1/8641 1179/1/8642
f 3304/1/8643 3303/1/8644 1180/1/4926
f 3305/1/8645 1177/1/8645 1341/1/8645
f 3304/1/4928 1342/1/4928 1178/1/4928
f 3305/1/4929 3306/1/4929 1053/1/4929
f 3305/1/8646 1178/1/8646 1054/1/8646
f 3306/1/8647 3303/1/8647 1179/1/8648
f 3303/1/8649 3306/1/8650 1054/1/8650
f 3307/1/4936 3308/1/4936 1069/1/4936
f 3308/1/4937 3307/1/4937 1166/1/4937
f 3309/1/4938 1337/1/4938 1069/1/4938
f 3309/1/8651 3308/1/8651 1070/1/8651
f 3310/1/8652 1333/1/8652 1337/1/8652
f 3309/1/8653 1338/1/8653 1334/1/8653
f 3310/1/4942 3307/1/4942 1165/1/4942
f 3310/1/4943 1334/1/4943 1166/1/4943
f 3312/1/4944 985/1/4944 1243/1/4944
f 3312/1/8654 3311/1/8654 1244/1/8654
f 3312/1/8655 3313/1/8655 983/1/8655
f 3312/1/8656 986/1/8656 984/1/8656
f 3313/1/8657 3314/1/8657 1285/1/8657
f 3313/1/8658 984/1/8658 1286/1/8658
f 3314/1/8659 3311/1/8659 1243/1/8659
f 3314/1/8660 1286/1/8660 1244/1/8660
f 3315/1/4952 3316/1/4952 1061/1/4952
f 3315/1/4953 1176/1/4953 1062/1/4953
f 3316/1/4954 3317/1/4954 1173/1/4954
f 3316/1/4955 1062/1/4955 1174/1/4955
f 3318/1/8661 1171/1/8661 1173/1/8661
f 3318/1/4957 3317/1/4957 1174/1/4957
f 3315/1/8662 1175/1/8662 1171/1/8662
f 3315/1/4959 3318/1/4959 1172/1/4959
f 3319/1/8663 3320/1/8663 1165/1/8663
f 3320/1/8664 3319/1/8664 1080/1/8664
f 3321/1/4962 1333/1/4962 1165/1/4962
f 3321/1/8665 3320/1/8666 1166/1/8665
f 3322/1/8667 1335/1/8667 1333/1/8667
f 3322/1/4965 3321/1/4965 1334/1/4965
f 3322/1/8668 3319/1/8668 1079/1/8668
f 3322/1/4967 1336/1/4967 1080/1/4967
f 3324/1/8669 1177/1/8669 1053/1/8669
f 3324/1/8670 3323/1/8670 1054/1/8670
f 3325/1/8671 1169/1/8671 1177/1/8671
f 3324/1/8672 1178/1/8672 1170/1/8672
f 3325/1/8673 3326/1/8673 1059/1/8673
f 3325/1/8674 1170/1/8674 1060/1/8674
f 3326/1/8675 3323/1/8675 1053/1/8675
f 3323/1/4975 3326/1/4975 1060/1/4975
f 3327/1/4976 3328/1/4976 1059/1/4976
f 3328/1/4977 3327/1/4977 1064/1/4977
f 3329/1/8676 1169/1/8676 1059/1/8676
f 3329/1/8677 3328/1/8677 1060/1/8677
f 3330/1/8678 1331/1/8678 1169/1/8678
f 3329/1/8679 1170/1/8679 1332/1/8679
f 3330/1/8680 3327/1/8680 1063/1/8680
f 3330/1/8681 1332/1/8681 1064/1/8681
f 3331/1/8682 3332/1/8682 1173/1/8682
f 3331/1/4985 1172/1/4985 1174/1/4985
f 3333/1/4986 1063/1/4986 1173/1/4986
f 3332/1/4987 1174/1/4987 1064/1/4987
f 3334/1/8683 1331/1/8683 1063/1/8683
f 3334/1/8684 3333/1/8684 1064/1/8684
f 3334/1/8685 3331/1/8685 1171/1/8685
f 3331/1/4991 3334/1/4991 1332/1/4991
f 3335/1/8686 3336/1/8686 1167/1/8686
f 3336/1/8687 3335/1/8687 1164/1/8687
f 3336/1/8688 3337/1/8688 1067/1/8688
f 3336/1/8689 1168/1/8689 1068/1/8689
f 3337/1/4996 3338/1/4996 1075/1/4996
f 3337/1/8690 1068/1/8690 1076/1/8690
f 3335/1/4998 1163/1/4998 1075/1/4998
f 3335/1/8691 3338/1/8691 1076/1/8691
f 3340/1/8692 1335/1/8692 1079/1/8692
f 3340/1/8693 3339/1/8693 1080/1/8693
f 3341/1/5002 1339/1/5002 1335/1/5002
f 3340/1/5003 1336/1/5003 1340/1/5003
f 3341/1/8694 3342/1/8694 1161/1/8694
f 3341/1/5005 1340/1/5005 1162/1/5005
f 3339/1/5006 1079/1/5006 1161/1/5006
f 3339/1/5007 3342/1/5007 1162/1/5007
f 3343/1/8695 3344/1/8695 1257/1/8695
f 3343/1/5009 1182/1/5009 1258/1/5009
f 3344/1/8696 3345/1/8696 1139/1/8696
f 3344/1/8697 1258/1/8697 1140/1/8697
f 3343/1/8698 1181/1/8699 1139/1/8698
f 3343/1/5014 3345/1/5014 1140/1/5014
f 3346/1/8700 3347/1/8700 1277/1/8700
f 3347/1/5017 3346/1/5017 1274/1/5017
f 3348/1/8701 1129/1/8701 1277/1/8701
f 3347/1/5019 1278/1/5019 1130/1/5019
f 3349/1/5020 1127/1/5020 1129/1/5020
f 3349/1/8702 3348/1/8702 1130/1/8702
f 3349/1/8703 3346/1/8703 1273/1/8703
f 3346/1/8704 3349/1/8705 1128/1/8704
f 3351/1/8706 1139/1/8706 1181/1/8707
f 3351/1/8708 3350/1/8708 1182/1/8708
f 3351/1/5027 3352/1/5027 1131/1/5027
f 3351/1/5028 1140/1/5028 1132/1/5028
f 3350/1/5029 1181/1/5029 1131/1/5029
f 3350/1/5030 3352/1/5030 1132/1/5030
f 3353/1/5031 3354/1/5031 1183/1/5031
f 3354/1/5032 3353/1/5032 1258/1/5032
f 3355/1/5033 1143/1/5033 1183/1/5033
f 3354/1/8709 1184/1/8709 1144/1/8709
f 3356/1/5035 1139/1/5035 1143/1/5035
f 3356/1/8710 3355/1/8710 1144/1/8710
f 3356/1/8711 3353/1/8711 1257/1/8711
f 3353/1/8712 3356/1/8712 1140/1/8712
f 3358/1/8713 1185/1/8713 1183/1/8713
f 3358/1/8714 3357/1/5040 1184/1/5040
f 3358/1/8715 3359/1/8715 1143/1/8715
f 3358/1/8716 1186/1/8716 1144/1/8716
f 3357/1/8717 1183/1/8717 1143/1/8717
f 3357/1/8718 3359/1/8718 1144/1/8718
f 3360/1/8719 3361/1/8719 1187/1/8719
f 3360/1/5047 1184/1/5047 1188/1/5047
f 3361/1/8720 3362/1/8720 1185/1/8720
f 3361/1/5049 1188/1/5049 1186/1/5049
f 3360/1/8721 1183/1/8721 1185/1/5050
f 3360/1/8722 3362/1/8722 1186/1/8722
f 3363/1/8723 3364/1/8723 1275/1/8723
f 3363/1/5053 1190/1/5053 1276/1/5053
f 3364/1/8724 3365/1/8725 1135/1/8725
f 3364/1/8726 1276/1/8726 1136/1/8726
f 3363/1/8727 1189/1/8727 1135/1/8727
f 3363/1/8728 3365/1/8728 1136/1/8728
f 3366/1/8729 3367/1/8729 1195/1/8729
f 3367/1/8730 3366/1/8730 1126/1/8730
f 3367/1/5060 3368/1/5060 1259/1/5060
f 3367/1/5061 1196/1/5061 1260/1/5061
f 3369/1/8731 1121/1/8731 1259/1/8731
f 3368/1/8732 1260/1/8732 1122/1/8732
f 3369/1/5064 3366/1/5064 1125/1/5064
f 3369/1/5065 1122/1/5065 1126/1/5065
f 3371/1/8733 1135/1/8733 1189/1/8733
f 3371/1/5067 3370/1/5067 1190/1/5067
f 3371/1/8734 3372/1/8734 1133/1/8734
f 3371/1/8735 1136/1/8735 1134/1/8735
f 3370/1/8736 1189/1/8736 1133/1/8736
f 3370/1/5071 3372/1/5071 1134/1/5071
f 3374/1/8737 933/1/8737 1187/1/8737
f 3374/1/5073 3373/1/5073 1188/1/5073
f 3375/1/5074 1141/1/5074 933/1/5074
f 3374/1/5076 934/1/5076 1142/1/8738
f 3375/1/8739 3376/1/8739 1185/1/8739
f 3376/1/8740 3375/1/8740 1142/1/8740
f 3376/1/8741 3373/1/8741 1187/1/8741
f 3373/1/8742 3376/1/8742 1186/1/8742
f 3378/1/8743 1137/1/8743 933/1/8743
f 3378/1/5082 3377/1/5082 934/1/5082
f 3378/1/8744 3379/1/8744 1141/1/8744
f 3378/1/8745 1138/1/8745 1142/1/8745
f 3377/1/8746 933/1/8746 1141/1/8746
f 3377/1/8747 3379/1/8747 1142/1/8747
f 3380/1/8748 3381/1/8748 943/1/8748
f 3380/1/5088 934/1/5088 944/1/5088
f 3381/1/5089 3382/1/5089 1137/1/5089
f 3381/1/5090 944/1/5090 1138/1/5090
f 3380/1/8749 933/1/8749 1137/1/8749
f 3380/1/8750 3382/1/8750 1138/1/8750
f 3383/1/8751 3384/1/8751 1129/1/8751
f 3383/1/8752 946/1/8752 1130/1/8752
f 3385/1/8753 1277/1/8753 1129/1/8753
f 3385/1/8754 3384/1/8754 1130/1/8754
f 3383/1/8755 945/1/8755 1277/1/8755
f 3383/1/5098 3385/1/5098 1278/1/5098
f 3387/1/8756 1245/1/8756 1229/1/8756
f 3387/1/5100 3386/1/5100 1230/1/5100
f 3387/1/8757 3388/1/8757 1227/1/8757
f 3388/1/5102 3387/1/5102 1246/1/5102
f 3389/1/5103 1033/1/5103 1227/1/5103
f 3389/1/8758 3388/1/8758 1228/1/8758
f 3389/1/8759 3386/1/8759 1229/1/8759
f 3389/1/5106 1034/1/5106 1230/1/5106
f 3390/1/8760 3391/1/8760 945/1/8760
f 3390/1/8761 1130/1/8762 946/1/8761
f 3391/1/8763 3392/1/8763 1191/1/8763
f 3391/1/8764 946/1/8764 1192/1/8764
f 3390/1/8765 1129/1/8765 1191/1/8765
f 3390/1/8766 3392/1/8766 1192/1/8766
f 3394/1/8767 1197/1/8767 1001/1/8767
f 3393/1/8768 1002/1/8768 1198/1/8768
f 3395/1/8769 1123/1/8769 1197/1/8769
f 3394/1/8770 1198/1/8770 1124/1/8770
f 3395/1/5118 3396/1/5118 935/1/5118
f 3396/1/8771 3395/1/8771 1124/1/8771
f 3396/1/8772 3393/1/8772 1001/1/8772
f 3396/1/5121 936/1/5121 1002/1/5121
f 3397/1/8773 3398/1/8773 1273/1/8773
f 3397/1/5123 1122/1/5123 1274/1/5123
f 3398/1/8774 3399/1/8774 1127/1/8774
f 3398/1/5126 1274/1/5126 1128/1/5126
f 3397/1/5127 1121/1/5127 1127/1/5127
f 3397/1/8775 3399/1/8775 1128/1/8775
f 3400/1/8776 3401/1/8776 1121/1/8776
f 3400/1/5130 1274/1/5130 1122/1/5130
f 3402/1/8777 1259/1/8777 1121/1/8777
f 3402/1/5132 3401/1/5132 1122/1/5132
f 3400/1/8778 1273/1/8778 1259/1/8778
f 3400/1/5134 3402/1/5134 1260/1/5134
f 3403/1/8779 3404/1/8779 1193/1/8779
f 3403/1/5138 936/1/5138 1194/1/5138
f 3405/1/8780 947/1/8780 1193/1/8780
f 3405/1/8781 3404/1/8781 1194/1/8781
f 3403/1/8782 935/1/8782 947/1/8782
f 3403/1/8783 3405/1/8783 948/1/8783
f 3406/1/5143 3407/1/5143 1135/1/5143
f 3406/1/5144 1132/1/5144 1136/1/5144
f 3407/1/8784 3408/1/8784 1275/1/8784
f 3408/1/8785 3407/1/8785 1136/1/8785
f 3409/1/8786 1181/1/8786 1275/1/8786
f 3409/1/5148 3408/1/5148 1276/1/5148
f 3406/1/8787 1131/1/8787 1181/1/8787
f 3409/1/5150 1182/1/5150 1132/1/5150
f 3410/1/8788 3411/1/5151 935/1/8788
f 3410/1/8789 1194/1/8789 936/1/8789
f 3411/1/8790 3412/1/8790 1123/1/8790
f 3411/1/8791 936/1/8791 1124/1/8791
f 3410/1/8792 1193/1/8792 1123/1/8792
f 3410/1/8793 3412/1/8793 1124/1/8793
f 3413/1/8794 3414/1/8794 943/1/8794
f 3414/1/5158 3413/1/5158 1138/1/5158
f 3415/1/5160 1189/1/5160 943/1/5160
f 3414/1/8795 944/1/8795 1190/1/8795
f 3416/1/8796 1133/1/8796 1189/1/8796
f 3415/1/8797 1190/1/8797 1134/1/8797
f 3416/1/5164 3413/1/5164 1137/1/5164
f 3416/1/8798 1134/1/8798 1138/1/8798
f 3417/1/8799 3418/1/8799 1195/1/8799
f 3417/1/8800 1198/1/8800 1196/1/8800
f 3418/1/8801 3419/1/8801 1125/1/8801
f 3418/1/8802 1196/1/8802 1126/1/8802
f 3417/1/8803 1197/1/8803 1125/1/8803
f 3417/1/8804 3419/1/8804 1126/1/8804
f 3420/1/8805 3421/1/8805 1197/1/8805
f 3420/1/8806 1196/1/8806 1198/1/8806
f 3422/1/5175 1001/1/5175 1197/1/5175
f 3422/1/8807 3421/1/8807 1198/1/8807
f 3420/1/8808 1195/1/8808 1001/1/8808
f 3420/1/5178 3422/1/5178 1002/1/5178
f 3424/1/8809 1107/1/8809 1111/1/8809
f 3424/1/5180 3423/1/5180 1112/1/5180
f 3425/1/5181 1207/1/5181 1107/1/5181
f 3425/1/5182 3424/1/5182 1108/1/5182
f 3426/1/8810 1043/1/8810 1207/1/8810
f 3426/1/8811 3425/1/8811 1208/1/8811
f 3426/1/5185 3423/1/5185 1111/1/5185
f 3426/1/8812 1044/1/8812 1112/1/8812
f 3427/1/8813 3428/1/8813 923/1/8813
f 3427/1/8814 920/1/8814 924/1/8814
f 3428/1/8815 3429/1/8815 913/1/8815
f 3428/1/8816 924/1/8816 914/1/8816
f 3430/1/8817 921/1/8817 913/1/8817
f 3430/1/8818 3429/1/8818 914/1/8818
f 3430/1/8819 3427/1/8819 919/1/8819
f 3430/1/8820 922/1/8820 920/1/8820
f 3432/1/5195 1203/1/5195 1105/1/5195
f 3432/1/5196 3431/1/8821 1106/1/8821
f 3432/1/8822 3433/1/8822 1199/1/8822
f 3433/1/8823 3432/1/8823 1204/1/8823
f 3433/1/8824 3434/1/8824 1103/1/8824
f 3433/1/8825 1200/1/8825 1104/1/8825
f 3434/1/5201 3431/1/5201 1105/1/5201
f 3434/1/8826 1104/1/8826 1106/1/8826
f 3435/1/5203 3436/1/5203 1015/1/5203
f 3435/1/5204 1236/1/5204 1016/1/5204
f 3436/1/8827 3437/1/8827 1263/1/8827
f 3436/1/8828 1016/1/8828 1264/1/8828
f 3438/1/5207 959/1/5207 1263/1/5207
f 3438/1/5208 3437/1/5208 1264/1/5208
f 3438/1/8829 3435/1/8829 1235/1/8829
f 3438/1/8830 960/1/8830 1236/1/8830
f 3439/1/5211 3440/1/5211 1211/1/5211
f 3439/1/8831 1210/1/8831 1212/1/8831
f 3440/1/8832 3441/1/8832 993/1/8832
f 3440/1/8833 1212/1/8833 994/1/8833
f 3439/1/8834 1209/1/8834 993/1/8834
f 3439/1/8835 3441/1/8835 994/1/8835
f 3442/1/8836 3443/1/8836 993/1/8836
f 3442/1/8837 1214/1/8837 994/1/8837
f 3443/1/8838 3444/1/8838 1211/1/8838
f 3443/1/8839 994/1/8839 1212/1/8839
f 3442/1/5221 1213/1/5221 1211/1/5221
f 3442/1/8840 3444/1/8840 1212/1/8840
f 3446/1/8841 993/1/8841 1209/1/8841
f 3446/1/8842 3445/1/8842 1210/1/8842
f 3446/1/5225 3447/1/5225 907/1/5225
f 3446/1/8843 994/1/8843 908/1/8843
f 3445/1/8844 1209/1/5227 907/1/8844
f 3445/1/8845 3447/1/8845 908/1/8845
f 3449/1/8846 1295/1/8846 1211/1/8846
f 3449/1/8847 3448/1/8847 1212/1/8847
f 3449/1/5231 3450/1/5231 1213/1/5231
f 3449/1/8848 1296/1/5232 1214/1/5232
f 3448/1/8849 1211/1/8849 1213/1/8849
f 3448/1/8850 3450/1/8850 1214/1/8850
f 3452/1/8851 911/1/8851 907/1/8851
f 3452/1/8852 3451/1/8852 908/1/8852
f 3452/1/5237 3453/1/5237 1209/1/5237
f 3452/1/8853 912/1/8853 1210/1/8853
f 3451/1/8854 907/1/8855 1209/1/8854
f 3451/1/8856 3453/1/8856 1210/1/8856
f 3455/1/8857 1211/1/8857 1295/1/8857
f 3455/1/8858 3454/1/8858 1296/1/8858
f 3455/1/8859 3456/1/8859 1215/1/8859
f 3455/1/8860 1212/1/8860 1216/1/8860
f 3456/1/8861 3454/1/8861 1295/1/8861
f 3456/1/8862 1216/1/8862 1296/1/8862
f 3458/1/8863 1119/1/8863 1101/1/8863
f 3458/1/8864 3457/1/8864 1102/1/8864
f 3458/1/8865 3459/1/8866 1105/1/8867
f 3458/1/5253 1120/1/5253 1106/1/8868
f 3460/1/8869 1103/1/8869 1105/1/8870
f 3460/1/8871 3459/1/8872 1106/1/8873
f 3460/1/8874 3457/1/8874 1101/1/8874
f 3460/1/8875 1104/1/8875 1102/1/8875
f 3462/1/5263 975/1/5263 959/1/5263
f 3462/1/8876 3461/1/8876 960/1/8876
f 3463/1/5265 969/1/5265 975/1/5265
f 3463/1/8877 3462/1/8877 976/1/8877
f 3464/1/8878 991/1/8878 969/1/8878
f 3464/1/8879 3463/1/8879 970/1/8879
f 3464/1/8880 3461/1/8880 959/1/8880
f 3464/1/8881 992/1/8881 960/1/8881
f 3465/1/8882 3466/1/8882 1309/1/8882
f 3465/1/8883 1038/1/8883 1310/1/8883
f 3466/1/5275 3467/1/5275 1323/1/5275
f 3466/1/5276 1310/1/5276 1324/1/5276
f 3465/1/8884 1037/1/8884 1323/1/8884
f 3465/1/8885 3467/1/8885 1324/1/8885
f 3468/1/5280 3469/1/5280 1201/1/5280
f 3468/1/8886 1050/1/8886 1202/1/8886
f 3469/1/5282 3470/1/5282 1103/1/5282
f 3469/1/5283 1202/1/5283 1104/1/5283
f 3471/1/5284 1199/1/5284 1103/1/5284
f 3471/1/8887 3470/1/8887 1104/1/8887
f 3471/1/5286 3468/1/5286 1049/1/5286
f 3471/1/8888 1200/1/8888 1050/1/8888
f 3472/1/8889 3473/1/8889 1037/1/8889
f 3473/1/8890 3472/1/8890 912/1/8890
f 3474/1/8891 1323/1/8891 1037/1/8891
f 3474/1/8892 3473/1/8892 1038/1/8892
f 3474/1/8893 3475/1/8893 1209/1/8893
f 3475/1/5294 3474/1/5294 1324/1/5294
f 3475/1/8894 3472/1/8894 911/1/8894
f 3475/1/8895 1210/1/8895 912/1/8896
f 3476/1/8897 3477/1/8897 913/1/8897
f 3476/1/5298 1222/1/5298 914/1/5298
f 3477/1/8898 3478/1/8898 1329/1/8899
f 3477/1/8900 914/1/8900 1330/1/8900
f 3476/1/8901 1221/1/8901 1329/1/8901
f 3476/1/8902 3478/1/8902 1330/1/8902
f 3479/1/5304 3480/1/5304 1329/1/5304
f 3479/1/5305 924/1/5305 1330/1/5305
f 3480/1/8903 3481/1/8903 913/1/8903
f 3480/1/8904 1330/1/8904 914/1/8904
f 3479/1/8905 923/1/8905 913/1/8905
f 3479/1/8906 3481/1/8906 914/1/8906
f 3483/1/5310 1223/1/5310 1039/1/5310
f 3483/1/8907 3482/1/8907 1040/1/8907
f 3483/1/8908 3484/1/8908 941/1/8908
f 3483/1/8909 1224/1/8909 942/1/8909
f 3482/1/8910 1039/1/8910 941/1/8910
f 3482/1/5316 3484/1/5316 942/1/5316
f 3486/1/8911 1219/1/8911 1309/1/8911
f 3486/1/8912 3485/1/8912 1310/1/8912
f 3486/1/8913 3487/1/8913 1321/1/8913
f 3486/1/8914 1220/1/8914 1322/1/8914
f 3488/1/8915 1323/1/8915 1321/1/8915
f 3488/1/5323 3487/1/5323 1322/1/5323
f 3488/1/8916 3485/1/8916 1309/1/5324
f 3488/1/8917 1324/1/8917 1310/1/8917
f 3490/1/8918 1329/1/8918 961/1/8918
f 3490/1/8919 3489/1/8919 962/1/8919
f 3490/1/8920 3491/1/8920 923/1/8920
f 3490/1/8921 1330/1/8921 924/1/8921
f 3489/1/8922 961/1/8923 923/1/8922
f 3489/1/5332 3491/1/5332 924/1/5332
f 3493/1/8924 999/1/8924 923/1/8924
f 3493/1/8925 3492/1/8925 924/1/8925
f 3493/1/5335 3494/1/5335 961/1/5335
f 3493/1/5336 1000/1/5336 962/1/5336
f 3492/1/5337 923/1/5337 961/1/5337
f 3492/1/8926 3494/1/8926 962/1/8926
f 3495/1/8927 3496/1/8927 961/1/8928
f 3495/1/8929 1034/1/8929 962/1/8929
f 3496/1/8930 3497/1/8931 999/1/8932
f 3496/1/8933 962/1/8933 1000/1/8933
f 3495/1/5343 1033/1/5343 999/1/5343
f 3495/1/8934 3497/1/8934 1000/1/8934
f 3498/1/8935 3499/1/8935 1033/1/8936
f 3498/1/8937 962/1/8937 1034/1/8937
f 3500/1/8938 1227/1/8938 1033/1/8938
f 3500/1/5349 3499/1/5349 1034/1/5349
f 3498/1/5350 961/1/5350 1227/1/5350
f 3498/1/5351 3500/1/5351 1228/1/5351
f 3502/1/8939 1247/1/8939 1215/1/8939
f 3501/1/8940 1216/1/8940 1248/1/8940
f 3502/1/5354 3503/1/5354 1217/1/5354
f 3502/1/8941 1248/1/8941 1218/1/8941
f 3504/1/8942 1295/1/8942 1217/1/8942
f 3504/1/8943 3503/1/8943 1218/1/8943
f 3504/1/8944 3501/1/8944 1215/1/8944
f 3504/1/8945 1296/1/8945 1216/1/8945
f 3506/1/5361 961/1/5361 939/1/5361
f 3506/1/8946 3505/1/8946 940/1/8946
f 3506/1/8947 3507/1/5363 1227/1/5363
f 3506/1/8948 962/1/8948 1228/1/8948
f 3508/1/8949 937/1/8949 1227/1/8949
f 3508/1/8950 3507/1/8950 1228/1/8950
f 3505/1/5367 939/1/5367 937/1/5367
f 3508/1/5368 938/1/5368 940/1/5368
f 3509/1/8951 3510/1/8951 979/1/8951
f 3509/1/5370 1302/1/5370 980/1/5370
f 3510/1/8952 3511/1/8953 1293/1/8953
f 3510/1/8954 980/1/8954 1294/1/8954
f 3509/1/8955 1301/1/8955 1293/1/8955
f 3509/1/5374 3511/1/5374 1294/1/5374
f 3512/1/8956 3513/1/8956 1301/1/8956
f 3512/1/8957 980/1/8957 1302/1/8957
f 3514/1/5377 955/1/5377 1301/1/5377
f 3514/1/5378 3513/1/5378 1302/1/5378
f 3512/1/5379 979/1/5379 955/1/5379
f 3512/1/8958 3514/1/8958 956/1/8958
f 3516/1/8959 1163/1/8959 1339/1/8959
f 3515/1/5382 1340/1/5382 1164/1/5382
f 3516/1/5383 3517/1/5383 1075/1/5383
f 3516/1/5384 1164/1/5384 1076/1/5384
f 3518/1/5385 1161/1/5385 1075/1/5385
f 3517/1/8960 1076/1/8960 1162/1/8960
f 3515/1/8961 1339/1/8961 1161/1/8961
f 3515/1/5388 3518/1/5388 1162/1/5388
f 3520/1/8962 1249/1/8962 1261/1/8962
f 3520/1/8963 3519/1/8963 1262/1/8963
f 3520/1/8964 3521/1/8964 1233/1/8964
f 3520/1/8965 1250/1/8965 1234/1/8965
f 3521/1/5393 3519/1/5393 1261/1/5393
f 3521/1/8966 1234/1/8966 1262/1/8966
f 3523/1/8967 1261/1/8967 1249/1/8967
f 3523/1/8968 3522/1/8969 1250/1/8969
f 3523/1/8970 3524/1/8970 1017/1/8970
f 3523/1/8971 1262/1/8971 1018/1/8971
f 3522/1/8972 1249/1/8972 1017/1/8972
f 3522/1/5401 3524/1/5401 1018/1/5401
f 3526/1/8973 1261/1/8973 1301/1/8973
f 3526/1/5403 3525/1/5403 1302/1/5403
f 3527/1/8974 1233/1/8974 1261/1/8974
f 3527/1/8975 3526/1/8976 1262/1/8975
f 3528/1/5407 955/1/5407 1233/1/5407
f 3528/1/5408 3527/1/5408 1234/1/5408
f 3528/1/5409 3525/1/5409 1301/1/5409
f 3528/1/5410 956/1/5410 1302/1/5410
f 3530/1/8977 975/1/8977 1263/1/8977
f 3530/1/8978 3529/1/8978 1264/1/8978
f 3530/1/8979 3531/1/8979 959/1/8979
f 3530/1/8980 976/1/8980 960/1/8980
f 3531/1/8981 3529/1/8981 1263/1/8981
f 3531/1/8982 960/1/8982 1264/1/8982
f 3532/1/8983 3533/1/8983 1015/1/8984
f 3532/1/8985 1252/1/8985 1016/1/8985
f 3534/1/5420 1235/1/5420 1015/1/5420
f 3534/1/8986 3533/1/8986 1016/1/8986
f 3532/1/5422 1251/1/5422 1235/1/5422
f 3532/1/5423 3534/1/5423 1236/1/5423
f 3535/1/8987 3536/1/8987 1251/1/8987
f 3535/1/8988 1016/1/8988 1252/1/8988
f 3536/1/8989 3537/1/8989 1013/1/8989
f 3536/1/8990 1252/1/8990 1014/1/8990
f 3535/1/8991 1015/1/8991 1013/1/8991
f 3535/1/5430 3537/1/5430 1014/1/5430
f 3539/1/8992 1263/1/8992 975/1/8992
f 3539/1/8993 3538/1/8993 976/1/8993
f 3539/1/8994 3540/1/8994 1303/1/8994
f 3539/1/8995 1264/1/8995 1304/1/8995
f 3538/1/5435 975/1/5435 1303/1/5435
f 3538/1/8996 3540/1/8996 1304/1/8996
f 3541/1/8997 3542/1/8997 977/1/8997
f 3541/1/5438 980/1/5438 978/1/5438
f 3542/1/5439 3543/1/5439 1231/1/5439
f 3542/1/8998 978/1/8998 1232/1/8998
f 3543/1/8999 3544/1/8999 1293/1/8999
f 3543/1/5443 1232/1/5443 1294/1/5443
f 3541/1/5444 979/1/5444 1293/1/5444
f 3541/1/9000 3544/1/9000 1294/1/9000
f 3546/1/9001 1237/1/9001 1303/1/9001
f 3546/1/5447 3545/1/5447 1304/1/5447
f 3547/1/9002 971/1/9002 1237/1/9002
f 3547/1/9003 3546/1/9003 1238/1/9003
f 3548/1/5450 975/1/5450 971/1/5450
f 3548/1/5451 3547/1/5451 972/1/5451
f 3548/1/9004 3545/1/9004 1303/1/9004
f 3548/1/9005 976/1/9005 1304/1/9005
f 3550/1/9006 1241/1/9006 1281/1/9006
f 3550/1/9007 3549/1/9007 1282/1/9007
f 3551/1/9008 1239/1/9008 1241/1/9008
f 3551/1/9009 3550/1/9009 1242/1/9009
f 3552/1/9010 989/1/9010 1239/1/5459
f 3552/1/5460 3551/1/5460 1240/1/5460
f 3552/1/9011 3549/1/9011 1281/1/9011
f 3552/1/9012 990/1/9012 1282/1/9012
f 3553/1/9013 3554/1/9013 1223/1/9013
f 3553/1/9014 942/1/9014 1224/1/9014
f 3555/1/9015 1221/1/9015 1223/1/9015
f 3554/1/9016 1224/1/9016 1222/1/9016
f 3556/1/9017 1329/1/9017 1221/1/9017
f 3556/1/9018 3555/1/9018 1222/1/9018
f 3556/1/9019 3553/1/9019 941/1/9019
f 3556/1/9020 1330/1/9020 942/1/9020
f 3557/1/5471 3558/1/5472 1245/1/5472
f 3557/1/9021 1228/1/9022 1246/1/9023
f 3559/1/9024 1255/1/9024 1245/1/9024
f 3559/1/9025 3558/1/9025 1246/1/9025
f 3559/1/9026 3560/1/9027 937/1/9028
f 3560/1/9029 3559/1/9030 1256/1/9030
f 3560/1/9031 3557/1/9032 1227/1/5484
f 3560/1/9033 938/1/9034 1228/1/9035
f 3562/1/9036 1293/1/9036 1289/1/9036
f 3562/1/9037 3561/1/9037 1290/1/9037
f 3562/1/5492 3563/1/5492 1231/1/5492
f 3562/1/9038 1294/1/9038 1232/1/9038
f 3564/1/9039 1291/1/9040 1231/1/5495
f 3564/1/5496 3563/1/5497 1232/1/5497
f 3564/1/9041 3561/1/5500 1289/1/5500
f 3564/1/5502 1292/1/9042 1290/1/5504
f 3565/1/9043 3566/1/9043 1233/1/9043
f 3565/1/5506 1006/1/5506 1234/1/5506
f 3567/1/9044 1249/1/9044 1233/1/9044
f 3566/1/5508 1234/1/5508 1250/1/5508
f 3568/1/5509 1267/1/9045 1249/1/5510
f 3568/1/9046 3567/1/9047 1250/1/9047
f 3568/1/5514 3565/1/9048 1005/1/9048
f 3565/1/5517 3568/1/9049 1268/1/5518
f 3570/1/5519 1313/1/5519 1317/1/5519
f 3569/1/5520 1318/1/5520 1314/1/5520
f 3571/1/5521 931/1/5521 1313/1/5521
f 3570/1/5522 1314/1/5522 932/1/5522
f 3572/1/9050 1319/1/9050 931/1/9050
f 3572/1/5524 3571/1/5524 932/1/5524
f 3572/1/5525 3569/1/5525 1317/1/5525
f 3569/1/9051 3572/1/9051 1320/1/9051
f 3574/1/9052 1287/1/9052 1311/1/9052
f 3573/1/5528 1312/1/5528 1288/1/5528
f 3575/1/9053 1289/1/9054 1287/1/5530
f 3575/1/9055 3574/1/9056 1288/1/9056
f 3575/1/5534 3576/1/9057 1291/1/9057
f 3576/1/5537 3575/1/9058 1290/1/5538
f 3573/1/5539 1311/1/5539 1291/1/5539
f 3573/1/5540 3576/1/5540 1292/1/5540
f 3578/1/9059 1055/1/9059 1147/1/9059
f 3578/1/9060 3577/1/9060 1148/1/9060
f 3579/1/5543 1057/1/5543 1055/1/5543
f 3579/1/5544 3578/1/5544 1056/1/5544
f 3579/1/9061 3580/1/9061 1151/1/9061
f 3579/1/9062 1058/1/9062 1152/1/9062
f 3577/1/5547 1147/1/5547 1151/1/5547
f 3577/1/5548 3580/1/5548 1152/1/5548
f 3582/1/9063 1301/1/9063 1261/1/9063
f 3582/1/9064 3581/1/9064 1262/1/9064
f 3582/1/5551 3583/1/5551 1299/1/5551
f 3582/1/5552 1302/1/5552 1300/1/5552
f 3584/1/9065 1271/1/9065 1299/1/9065
f 3584/1/5554 3583/1/5554 1300/1/5554
f 3581/1/9066 1261/1/9066 1271/1/9066
f 3581/1/9067 3584/1/9067 1272/1/9067
f 3586/1/5557 1171/1/5557 1175/1/5557
f 3585/1/9068 1176/1/9068 1172/1/9068
f 3587/1/5559 1333/1/5559 1171/1/5559
f 3587/1/9069 3586/1/9069 1172/1/9069
f 3588/1/9070 1337/1/9070 1333/1/9070
f 3587/1/5562 1334/1/5562 1338/1/5562
f 3585/1/9071 1175/1/9071 1337/1/9071
f 3588/1/5564 1338/1/5564 1176/1/5564
f 3589/1/9072 3590/1/9072 957/1/9072
f 3589/1/5566 992/1/5566 958/1/5566
f 3591/1/9073 1005/1/9073 957/1/9073
f 3590/1/9074 958/1/9074 1006/1/9074
f 3591/1/9075 3592/1/9075 1007/1/9075
f 3592/1/5570 3591/1/5570 1006/1/5570
f 3592/1/9076 3589/1/9076 991/1/9076
f 3589/1/9077 3592/1/9077 1008/1/9077
f 3594/1/9078 1001/1/9078 1195/1/9078
f 3593/1/9079 1196/1/9079 1002/1/9079
f 3595/1/9080 1187/1/9080 1001/1/9080
f 3594/1/5576 1002/1/5576 1188/1/5576
f 3595/1/9081 3596/1/9081 1183/1/9081
f 3595/1/9082 1188/1/9082 1184/1/9082
f 3596/1/5579 3593/1/5579 1195/1/5579
f 3593/1/5580 3596/1/5580 1184/1/5580
f 3598/1/9083 1039/1/9083 1223/1/9083
f 3597/1/5582 1224/1/5582 1040/1/5582
f 3599/1/9084 1025/1/9084 1039/1/9084
f 3599/1/5584 3598/1/5584 1040/1/5584
f 3599/1/9085 3600/1/9085 915/1/9085
f 3600/1/9086 3599/1/9086 1026/1/9086
f 3600/1/9087 3597/1/9087 1223/1/9087
f 3600/1/9088 916/1/9088 1224/1/9088
f 3602/1/5589 1241/1/5589 1279/1/9089
f 3602/1/5592 3601/1/9090 1280/1/9091
f 3603/1/5594 1281/1/9092 1241/1/9093
f 3603/1/9094 3602/1/9095 1242/1/9095
f 3603/1/9096 3604/1/9097 1283/1/9098
f 3603/1/9099 1282/1/9100 1284/1/9101
f 3601/1/9102 1279/1/9103 1283/1/9104
f 3601/1/9105 3604/1/9106 1284/1/5609
f 3606/1/5611 1311/1/5612 1287/1/5612
f 3606/1/5613 3605/1/5613 1288/1/5613
f 3606/1/5614 3607/1/5614 1237/1/5614
f 3606/1/9107 1312/1/9107 1238/1/9107
f 3608/1/5616 1303/1/9108 1237/1/9109
f 3608/1/9110 3607/1/5619 1238/1/5619
f 3608/1/9111 3605/1/9112 1287/1/9112
f 3608/1/5624 1304/1/9113 1288/1/9114
f 3610/1/9115 1033/1/9115 1029/1/9115
f 3610/1/9116 3609/1/9116 1030/1/9116
f 3610/1/9117 3611/1/9117 999/1/9117
f 3610/1/9118 1034/1/9118 1000/1/9118
f 3612/1/9119 997/1/9119 999/1/9119
f 3612/1/9120 3611/1/9120 1000/1/9120
f 3609/1/5632 1029/1/5632 997/1/5632
f 3612/1/9121 998/1/9121 1030/1/9121
f 3614/1/9122 917/1/9122 907/1/9122
f 3614/1/9123 3613/1/9123 908/1/9123
f 3614/1/9124 3615/1/9124 909/1/9124
f 3614/1/9125 918/1/9125 910/1/9125
f 3615/1/5638 3616/1/5638 911/1/5638
f 3615/1/5639 910/1/5639 912/1/5639
f 3616/1/9126 3613/1/9126 907/1/9126
f 3616/1/9127 912/1/9127 908/1/9127
f 3618/1/5642 1319/1/5642 1321/1/5642
f 3618/1/9128 3617/1/9128 1322/1/9128
f 3618/1/9129 3619/1/9129 929/1/9129
f 3618/1/5645 1320/1/5645 930/1/5645
f 3620/1/9130 1323/1/9130 929/1/9130
f 3620/1/9131 3619/1/9131 930/1/9131
f 3620/1/5648 3617/1/5648 1321/1/5648
f 3620/1/5649 1324/1/5649 1322/1/5649
f 3621/1/5650 3622/1/9132 1289/1/9133
f 3621/1/9134 1294/1/9134 1290/1/9135
f 3622/1/5655 3623/1/9136 1299/1/9137
f 3622/1/5658 1290/1/9138 1300/1/5659
f 3624/1/9139 1301/1/9140 1299/1/9141
f 3624/1/9142 3623/1/9143 1300/1/9144
f 3624/1/9145 3621/1/9146 1293/1/9146
f 3624/1/5670 1302/1/9147 1294/1/9148
f 3626/1/9149 935/1/9149 933/1/9149
f 3626/1/9150 3625/1/9150 934/1/9150
f 3626/1/5674 3627/1/5674 947/1/5674
f 3627/1/9151 3626/1/9151 936/1/9151
f 3627/1/5676 3628/1/5676 943/1/5676
f 3628/1/5677 3627/1/5677 948/1/5677
f 3625/1/9152 933/1/9152 943/1/9152
f 3628/1/9153 944/1/9153 934/1/9153
f 3630/1/4834 1141/1/4834 1139/1/4834
f 3629/1/9154 1140/1/9154 1142/1/9154
f 3631/1/9155 1137/1/9155 1141/1/9155
f 3630/1/9156 1142/1/9156 1138/1/9156
f 3632/1/9157 1131/1/9157 1137/1/9157
f 3631/1/4823 1138/1/4823 1132/1/4823
f 3629/1/9158 1139/1/9158 1131/1/9158
f 3632/1/5687 1132/1/5687 1140/1/5687
f 3634/1/5688 1317/1/5688 1027/1/5688
f 3634/1/9159 3633/1/9159 1028/1/9159
f 3634/1/5690 3635/1/5690 1219/1/5690
f 3634/1/9160 1318/1/9160 1220/1/9160
f 3636/1/5692 1309/1/5692 1219/1/5692
f 3636/1/9161 3635/1/9161 1220/1/9161
f 3633/1/5694 1027/1/5694 1309/1/5694
f 3633/1/5695 3636/1/5695 1310/1/5695
f 3637/1/9162 3638/1/9162 1009/1/9162
f 3637/1/9163 1016/1/9163 1010/1/9163
f 3638/1/9164 3639/1/9164 1269/1/9164
f 3638/1/5700 1010/1/5700 1270/1/5700
f 3640/1/5701 1263/1/5701 1269/1/5701
f 3640/1/5702 3639/1/5702 1270/1/5702
f 3640/1/5703 3637/1/5703 1015/1/5703
f 3640/1/9165 1264/1/9165 1016/1/9165
f 3642/1/9166 1283/1/9166 1279/1/9166
f 3641/1/9167 1280/1/9167 1284/1/9167
f 3642/1/9168 3643/1/9168 1305/1/9168
f 3642/1/5708 1284/1/5708 1306/1/5708
f 3643/1/9169 3644/1/9169 1307/1/9169
f 3644/1/5710 3643/1/5710 1306/1/5710
f 3644/1/5711 3641/1/5711 1279/1/5711
f 3641/1/9170 3644/1/9170 1308/1/9170
f 3646/1/9171 967/1/9171 917/1/9171
f 3645/1/9172 918/1/9172 968/1/9172
f 3646/1/9173 3647/1/9173 919/1/9173
f 3647/1/9174 3646/1/9174 968/1/9174
f 3647/1/9175 3648/1/9175 921/1/9175
f 3648/1/9176 3647/1/9176 920/1/9176
f 3645/1/5719 917/1/5719 921/1/5719
f 3645/1/5720 3648/1/5720 922/1/5720
f 3649/1/9177 3650/1/9177 939/1/9177
f 3649/1/9178 962/1/9178 940/1/9178
f 3650/1/9179 3651/1/9179 1327/1/9179
f 3650/1/9180 940/1/9180 1328/1/9180
f 3652/1/9181 1329/1/9181 1327/1/9181
f 3652/1/9182 3651/1/9182 1328/1/9182
f 3652/1/5727 3649/1/5727 961/1/5727
f 3652/1/9183 1330/1/9183 962/1/9183
f 3653/1/9184 3654/1/9184 1225/1/9184
f 3653/1/5730 1314/1/5730 1226/1/5730
f 3655/1/9185 1315/1/9185 1225/1/9185
f 3654/1/5732 1226/1/5732 1316/1/5732
f 3656/1/5733 931/1/5733 1315/1/5733
f 3656/1/9186 3655/1/9186 1316/1/9186
f 3656/1/9187 3653/1/9187 1313/1/9187
f 3653/1/9188 3656/1/9188 932/1/9188
f 3658/1/9189 931/1/9189 1319/1/9189
f 3658/1/5738 3657/1/5738 1320/1/5738
f 3659/1/5739 1325/1/5739 931/1/5739
f 3658/1/5740 932/1/5740 1326/1/5740
f 3660/1/5741 929/1/5741 1325/1/5741
f 3659/1/9190 1326/1/9190 930/1/9190
f 3660/1/9191 3657/1/9191 1319/1/9191
f 3657/1/9192 3660/1/9192 930/1/9192
f 3662/1/9193 981/1/9193 973/1/9193
f 3662/1/9194 3661/1/9194 974/1/9194
f 3662/1/9195 3663/1/9195 927/1/9195
f 3663/1/5748 3662/1/5748 982/1/5748
f 3664/1/5749 969/1/5749 927/1/5749
f 3663/1/5750 928/1/5750 970/1/5750
f 3661/1/9196 973/1/9196 969/1/9196
f 3664/1/9197 970/1/9197 974/1/9197
f 3666/1/9198 909/1/9198 925/1/9198
f 3665/1/5755 926/1/5755 910/1/5755
f 3667/1/9199 905/1/9199 909/1/9199
f 3666/1/9200 910/1/9200 906/1/9200
f 3667/1/5758 3668/1/5758 915/1/5758
f 3668/1/5759 3667/1/5759 906/1/5759
f 3665/1/9201 925/1/9201 915/1/9201
f 3668/1/9202 916/1/9202 926/1/9202
f 3670/1/5762 1265/1/5762 1007/1/9203
f 3669/1/5765 1008/1/9204 1266/1/9205
f 3670/1/9206 3671/1/9207 1251/1/9208
f 3670/1/9209 1266/1/9210 1252/1/9211
f 3671/1/9212 3672/1/9213 1235/1/5773
f 3672/1/5775 3671/1/9214 1252/1/5776
f 3669/1/9215 1007/1/9216 1235/1/9217
f 3669/1/5781 3672/1/9218 1236/1/5782
f 3673/1/9219 3674/1/9219 1343/1/9219
f 3673/1/9220 930/1/9220 1344/1/9220
f 3675/1/9221 1209/1/9221 1343/1/9221
f 3675/1/9222 3674/1/9222 1344/1/9222
f 3675/1/5788 3676/1/5788 1323/1/5788
f 3675/1/9223 1210/1/9223 1324/1/9223
f 3676/1/9224 3673/1/9225 929/1/9224
f 3676/1/9226 1324/1/9226 930/1/9226
f 3678/1/9227 963/1/9227 1343/1/9227
f 3678/1/5793 3677/1/5793 1344/1/5793
f 3679/1/5794 1211/1/9228 963/1/5794
f 3679/1/9229 3678/1/9229 964/1/9229
f 3680/1/5796 1209/1/5796 1211/1/5796
f 3680/1/9230 3679/1/9230 1212/1/9230
f 3680/1/9231 3677/1/9231 1343/1/9231
f 3680/1/9232 1210/1/9232 1344/1/9232
f 3682/1/9233 941/1/9233 1325/1/9233
f 3682/1/5801 3681/1/5801 1326/1/5801
f 3683/1/5802 1329/1/5802 941/1/5802
f 3683/1/9234 3682/1/9234 942/1/9234
f 3683/1/9235 3684/1/9235 1327/1/9235
f 3683/1/9236 1330/1/9236 1328/1/9236
f 3681/1/9237 1325/1/9237 1327/1/9237
f 3681/1/5807 3684/1/5807 1328/1/5807
f 3686/1/9238 921/1/9238 917/1/9238
f 3685/1/5809 918/1/5809 922/1/5809
f 3687/1/9239 905/1/9239 921/1/9239
f 3686/1/9240 922/1/9240 906/1/9240
f 3687/1/9241 3688/1/9241 909/1/9241
f 3688/1/9242 3687/1/9242 906/1/9242
f 3688/1/9243 3685/1/9243 917/1/9243
f 3685/1/9244 3688/1/9244 910/1/9244
f 3690/1/5816 1327/1/5816 1343/1/5816
f 3689/1/5817 1344/1/5817 1328/1/5817
f 3690/1/9245 3691/1/9245 939/1/9245
f 3691/1/9246 3690/1/9246 1328/1/9246
f 3691/1/5820 3692/1/5820 963/1/5820
f 3692/1/9247 3691/1/9247 940/1/9247
f 3689/1/9248 1343/1/9248 963/1/9248
f 3692/1/9249 964/1/9249 1344/1/9249
f 3693/1/5824 3694/1/5824 1269/1/5824
f 3694/1/5825 3693/1/5825 1288/1/5825
f 3694/1/9250 3695/1/9250 1299/1/9250
f 3694/1/9251 1270/1/9251 1300/1/9251
f 3696/1/5828 1289/1/5828 1299/1/5828
f 3695/1/5829 1300/1/5829 1290/1/5829
f 3696/1/9252 3693/1/9252 1287/1/9252
f 3696/1/9253 1290/1/9253 1288/1/9253
f 3697/1/5832 3698/1/5832 1189/1/5832
f 3697/1/9254 946/1/9254 1190/1/9254
f 3698/1/5834 3699/1/5834 943/1/5834
f 3698/1/9255 1190/1/9255 944/1/9255
f 3700/1/9256 947/1/9256 943/1/9256
f 3699/1/9257 944/1/9257 948/1/9257
f 3700/1/5838 3697/1/5838 945/1/5838
f 3700/1/5839 948/1/5839 946/1/5839
f 3701/1/5840 3702/1/5840 1271/1/5840
f 3702/1/5841 3701/1/5841 1010/1/5841
f 3703/1/9258 1299/1/9258 1271/1/9258
f 3702/1/5843 1272/1/5843 1300/1/5843
f 3703/1/5844 3704/1/5844 1269/1/5844
f 3703/1/5845 1300/1/5845 1270/1/5845
f 3704/1/5846 3701/1/5846 1009/1/5846
f 3701/1/9259 3704/1/9259 1270/1/9259
f 3706/1/9260 1181/1/9260 1257/1/9260
f 3706/1/9261 3705/1/9261 1258/1/9261
f 3707/1/9262 1273/1/9262 1181/1/9262
f 3707/1/9263 3706/1/9263 1182/1/9263
f 3708/1/5852 1259/1/5852 1273/1/5852
f 3707/1/5853 1274/1/5853 1260/1/5853
f 3705/1/5854 1257/1/5854 1259/1/5854
f 3708/1/5855 1260/1/5855 1258/1/5855
f 3710/1/9264 1163/1/9264 1167/1/9264
f 3709/1/9265 1168/1/9265 1164/1/9265
f 3711/1/5858 1177/1/5858 1163/1/5858
f 3710/1/5859 1164/1/5859 1178/1/5859
f 3711/1/9266 3712/1/9266 1341/1/9266
f 3711/1/9267 1178/1/9267 1342/1/9267
f 3709/1/9268 1167/1/9268 1341/1/9268
f 3709/1/5863 3712/1/5863 1342/1/5863
f 3714/1/9269 1027/1/9269 1317/1/9269
f 3713/1/9270 1318/1/9270 1028/1/9270
f 3715/1/5866 1025/1/5866 1027/1/5866
f 3715/1/9271 3714/1/9271 1028/1/9271
f 3715/1/9272 3716/1/9272 1313/1/9273
f 3716/1/9274 3715/1/9275 1026/1/9274
f 3716/1/5870 3713/1/5870 1317/1/5870
f 3713/1/5871 3716/1/5871 1314/1/5871
